gene_name	exp_group	peptide	cell_line	enz_act	ms_data_type	ms_data_value	spectrum	spectrum_file	ensembl_transcript_id	ensembl_gene_id	category	ensembl_uniprot_annotation	blastp_uniprot_annotation	prev_aa	next_aa	start	end	peptide_length	charges	n_frameshift	n_transitional	n_zero_frame	n_zero_frame_with_minus_one_stop	n_zero_frame_with_minus_two_stop	n_total	tmd_start	tmd_end	tmd_seq	ss_nuc_start	ss_seq	tmd-SS_gap_size	transcript_canonical_status	TMD_dG_app	SS_dG_fs	stem_loop_presence	fs_type	frame_transition	terminal_stop_codon	source	modified_peptide	extended_peptide	charge	retention	observed_mass	calibrated_observed_mass	observed_m_z	calibrated_observed_m_z	calculated_peptide_mass	calculated_m_z	delta_mass	expectation	hyperscore	nextscore	probability	qvalue	number_of_enzymatic_termini	number_of_missed_cleavages	protein_start	protein_end	intensity	assigned_modifications	observed_modifications	purity	is_decoy	is_contaminant	is_unique	parent_scan_number	apex_retention_time	apex_scan_number	retention_time_start	retention_time_end	retention_time_fwhm	traced_scans	spectral_sim	rt_score
TIMP2	AspN_ETD	DIYGNPLSRGSSMRSSR	HeLa	AspN_ETD	hela_aspn_etd_spectral_count	1	20151028_alr_CompleteHumanProteome_HeLaS3_ETD_AspN_fr23_sub.07483.07483.4	interact-20151028_alr_CompleteHumanProteome_HeLaS3_ETD_AspN_fr23_sub.pep.xml	ENST00000262768.11	ENSG00000035862.13	transitional_only	P16035	P16035	N	-	60	76	17	4	0	2	0	0	0	2	5	22	ARTLRLALGLLLLATLLR	192	CCCTATC	42	Canonical	-1.60	2.81	Yes	hungry_-2	65	yes	AspN_ETD_HeLa_AspN_ETD	NA	EKEVDSGN.DIYGNPLSRGSSMRSSR.-	4	1101.2998	1881.9062	1881.9062	471.4838	471.4838	1881.9115	471.4852	-0.0052	0.0001248102	25.115	8.427	0.9279	0	2	0	60	76	6661872	NA	NA	0	FALSE	FALSE	TRUE	7460	1100.2471	7473	1094.711	1108.8351	9.155001	4	NA	NA
RPL4	LysC_CAD	GHRIEEVPELPLVVEDKK	HUVEC	LysC_HCD	huvec_lysc_hcd_spectral_count	1	20151216_alr_CompleteHumanProteome_HUVEC_LysC_HCD_fr21_sub.43800.43800.4	interact-20151216_alr_CompleteHumanProteome_HUVEC_LysC_HCD_fr21_sub.pep.xml	ENST00000568588.5	ENSG00000174444.15	transitional_only	No_uniprot_annotation	P36578	K	L	47	64	18	4	0	4	0	0	0	4	1	20	MCRGGRMFAPTKTWRRWHRR	186	TAAAGTT	42	Alternative	6.78	2.42	Yes	hungry_-2	63	yes	LysC_CAD_HUVEC_LysC_HCD	NA	LPALVMSK.GHRIEEVPELPLVVEDKK.LKATRRPR	4	2847.6753	2086.1316	2086.1316	522.5402	522.5402	2086.142	522.5428	-0.0105	3.685532e-05	25.234	5.666	0.9924	0	2	1	47	64	400358560	NA	NA	0	FALSE	FALSE	TRUE	43781	2849.7603	43857	2846.0332	2854.759	4.952	14	0.8133	47.4613
RPL4	LysC_CAD	GHRIEEVPELPLVVEDKK	HeLa	LysC_HCD	hela_lysc_hcd_spectral_count	1	HeLaS3_LysC_23_sub.50230.50230.4	interact-HeLaS3_LysC_23_sub.pep.xml	ENST00000568588.5	ENSG00000174444.15	transitional_only	No_uniprot_annotation	P36578	K	L	47	64	18	4	0	4	0	0	0	4	1	20	MCRGGRMFAPTKTWRRWHRR	186	TAAAGTT	42	Alternative	6.78	2.42	Yes	hungry_-2	63	yes	LysC_CAD_HeLa_LysC_HCD	NA	LPALVMSK.GHRIEEVPELPLVVEDKK.LKATRRPR	4	2912.5815	2086.1482	2086.1482	522.5443	522.5443	2086.142	522.5428	0.0061	2.637852e-06	32.815	9.987	0.9998	0	2	1	47	64	74304096	NA	NA	0	FALSE	FALSE	TRUE	50214	2916.2083	50304	2910.2542	2925.976	4.6600003	22	0.7582	48.543
ASPH	LysC_CAD	LGIYDADGDGDFDVDDAKK	HeLa	LysC_HCD	hela_lysc_hcd_spectral_count	1	HeLaS3_LysC_13_sub.48275.48275.3	interact-HeLaS3_LysC_13_sub.pep.xml	ENST00000379449.11	ENSG00000198363.18	transitional_only	Q12797	Q12797	K	F	102	120	19	3	0	28	0	0	0	28	54	78	FFTWFMVIALLGVWTSVAVVWFDLV	354	CAAAGTT	40	Alternative	-2.18	2.42	Yes	hungry_-2	119	yes	LysC_CAD_HeLa_LysC_HCD	NA	LSEVLQGK.LGIYDADGDGDFDVDDAKK.FY	3	2736.182	2027.8905	2027.8905	676.9708	676.9708	2027.8959	676.9726	-0.0053	7.847831e-07	32.921	5.819	0.9879	0	2	1	102	120	10277874	NA	NA	0	FALSE	FALSE	FALSE	48262	2734.08	48236	2729.6692	2738.5322	3.864	20	0.7355	45.603
SLC16A3	LysC_ETD	LHKPPADSGVDLREVEHFL	GM12878	LysC_ETD	gm12878_lysc_etd_spectral_count	1	20150104_alr_CompleteHumanProteome_GM12878_ETD_LysC_fr26_sub.25509.25509.4	interact-20150104_alr_CompleteHumanProteome_GM12878_ETD_LysC_fr26_sub.pep.xml	ENST00000580098.6	ENSG00000141526.18	frameshift_only	No_uniprot_annotation	O15427	K	-	393	411	19	4	8	0	0	0	0	8	314	338	TAGDYGGLVVFCIFFGISYGMVGAL	1131	CCCAAAG	39	Alternative	-0.25	2.89	Yes	dual_-1	379	no	LysC_ETD_GM12878_LysC_ETD	NA	VAAAEEEK.LHKPPADSGVDLREVEHFL.-	4	3708.592	2158.1152	2158.1152	540.5361	540.5361	2158.117	540.5365	-0.0017	1.348963e-07	36.98	8.961	0.9753	0	2	0	393	411	40628900	NA	NA	0	FALSE	FALSE	FALSE	25489	3709.0962	25512	3700.642	3721.8633	6.03	8	NA	NA
SLC16A3	LysC_ETD	LHKPPADSGVDLREVEHFL	HepG2	LysC_ETD	hepg2_lysc_etd_spectral_count	2	20151215_alr_CompleteHumaProteome_HepG2_ETD_LysC_fr24_sub.26711.26711.4	interact-20151215_alr_CompleteHumaProteome_HepG2_ETD_LysC_fr24_sub.pep.xml	ENST00000580098.6	ENSG00000141526.18	frameshift_only	No_uniprot_annotation	O15427	K	-	393	411	19	4	8	0	0	0	0	8	314	338	TAGDYGGLVVFCIFFGISYGMVGAL	1131	CCCAAAG	39	Alternative	-0.25	2.89	Yes	dual_-1	379	no	LysC_ETD_HepG2_LysC_ETD	NA	VAAAEEEK.LHKPPADSGVDLREVEHFL.-	4	3593.1838	2158.1182	2158.1182	540.5368	540.5368	2158.117	540.5365	0.0012	1.612503e-06	34.67	10.246	0.9457	0	2	0	393	411	442901280	NA	NA	0	FALSE	FALSE	FALSE	26696	3593.1562	26710	3587.3892	3612.224	11.137	13	NA	NA
SLC16A3	LysC_ETD	LHKPPADSGVDLREVEHFL	HepG2	LysC_ETD	hepg2_lysc_etd_spectral_count	2	20151215_alr_CompleteHumaProteome_HepG2_ETD_LysC_fr25_sub.26353.26353.4	interact-20151215_alr_CompleteHumaProteome_HepG2_ETD_LysC_fr25_sub.pep.xml	ENST00000580098.6	ENSG00000141526.18	frameshift_only	No_uniprot_annotation	O15427	K	-	393	411	19	4	8	0	0	0	0	8	314	338	TAGDYGGLVVFCIFFGISYGMVGAL	1131	CCCAAAG	39	Alternative	-0.25	2.89	Yes	dual_-1	379	no	LysC_ETD_HepG2_LysC_ETD	NA	VAAAEEEK.LHKPPADSGVDLREVEHFL.-	4	3550.5125	2158.1196	2158.1196	540.5372	540.5372	2158.117	540.5365	0.0026	4.568251e-06	32.861	10.402	0.9738	0	2	0	393	411	112596432	NA	NA	0	FALSE	FALSE	FALSE	26330	3550.0442	26348	3542.9092	3554.914	7.7390003	3	NA	NA
TNFRSF18	LysN_CAD	KGAAGRPVGV	GM12878	LysN_HCD	gm12878_lysn_hcd_spectral_count	1	20141125_alr_CompleteHumanProteome_GM12878_LysN_HCD_fr16_sub.11658.11658.2	interact-20141125_alr_CompleteHumanProteome_GM12878_LysN_HCD_fr16_sub.pep.xml	ENST00000379265.5	ENSG00000186891.14	transitional_only	Q9Y5U5	Q9Y5U5	E	-	226	235	10	2	0	24	0	0	0	24	163	187	LGWLTVVLLAVAACVLLLTSAQLGL	675	GAAGGGG	38	Alternative	-2.88	2.48	Yes	dual_-1	227	no	LysN_CAD_GM12878_LysN_HCD	NA	RGERSAEE.KGAAGRPVGV.-	2	886.551	910.5384	910.5384	456.2765	456.2765	910.5348	456.2747	0.0036	0.004370187	10.938	0	0.9873	0	2	0	226	235	299501.28	NA	NA	0	FALSE	FALSE	FALSE	11651	887.05804	11668	885.95105	889.55707	2.071	5	0.907	14.7759
PDIA3	LysN_ETD	KRLAPEYEAAATRLKGIVPLS	HUVEC	LysN_ETD	huvec_lysn_etd_spectral_count	1	20160110_alr_CompleteHumanProteome_HUVEC_LysN_ETD_fr3_sub.24638.24638.4	interact-20160110_alr_CompleteHumanProteome_HUVEC_LysN_ETD_fr3_sub.pep.xml	ENST00000300289.10	ENSG00000167004.14	transitional_only	P30101	P30101	C	K	61	81	21	4	0	32	0	0	0	32	1	24	MRLRRLALFPGVALLLAAARLAAA	234	CCCATTA	54	Canonical	-1.76	2.37	Yes	dual_-1	80	yes	LysN_ETD_HUVEC_LysN_ETD	NA	FAPWCGHC.KRLAPEYEAAATRLKGIVPLS.KG	4	3472.0598	2282.307	2282.307	571.584	571.584	2282.3108	571.585	-0.0039	1.05925e-09	51.4	15.534	0.9996	0	2	1	61	81	811572800	NA	NA	0	FALSE	FALSE	FALSE	24611	3476.5972	24675	3463.873	3506.8342	13.057	19	NA	NA
PDIA3	LysN_ETD	KRLAPEYEAAATRLKGIVPLS	K562	LysN_ETD	k562_lysn_etd_spectral_count	1	20160202_alr_CompleteHumanProteome_K562_LysN_ETD_fr26_sub.26114.26114.4	interact-20160202_alr_CompleteHumanProteome_K562_LysN_ETD_fr26_sub.pep.xml	ENST00000300289.10	ENSG00000167004.14	transitional_only	P30101	P30101	C	K	61	81	21	4	0	32	0	0	0	32	1	24	MRLRRLALFPGVALLLAAARLAAA	234	CCCATTA	54	Canonical	-1.76	2.37	Yes	dual_-1	80	yes	LysN_ETD_K562_LysN_ETD	NA	FAPWCGHC.KRLAPEYEAAATRLKGIVPLS.KG	4	3572.826	2282.3115	2282.3115	571.5852	571.5852	2282.3108	571.585	7e-04	4.747886e-07	40.794	15.184	0.9695	0	2	1	61	81	70910216	NA	NA	0	FALSE	FALSE	FALSE	26090	3574.9592	26132	3564.3032	3580.518	12.252001	5	NA	NA
PDIA3	LysN_ETD	KRLAPEYEAAATRLKGIVPLS	hESC	LysN_ETD	hesc_lysn_etd_spectral_count	1	ETD_hES_LysN_15_sub.21467.21467.4	interact-ETD_hES_LysN_15_sub.pep.xml	ENST00000300289.10	ENSG00000167004.14	transitional_only	P30101	P30101	C	K	61	81	21	4	0	32	0	0	0	32	1	24	MRLRRLALFPGVALLLAAARLAAA	234	CCCATTA	54	Canonical	-1.76	2.37	Yes	dual_-1	80	yes	LysN_ETD_hESC_LysN_ETD	NA	FAPWCGHC.KRLAPEYEAAATRLKGIVPLS.KG	4	3311.993	2282.3062	2282.3062	571.5838	571.5838	2282.3108	571.585	-0.0046	6.098875e-07	39.359	14.548	0.9974	0	2	1	61	81	20232326	NA	NA	0	FALSE	FALSE	FALSE	21450	3311.2212	21461	3307.0432	3315.923	7.4210005	4	NA	NA
PDIA6	Trypsin_CAD	AATALKDVVKK	HeLa	Trypsin_HCD	hela_spectral_count	1	HeLaS3_trypsin_32_sub.09282.09282.2	interact-HeLaS3_trypsin_32_sub.pep.xml	ENST00000272227.8	ENSG00000143870.13	transitional_only	Q15084	Q15084	K	L	68	78	11	2	0	12	0	0	0	12	1	21	MALLVLGLVSCTFFLAVNGLY	228	CAAAGTT	55	Canonical	-0.63	2.42	Yes	hungry_-2	77	yes	Trypsin_CAD_HeLa_Trypsin_HCD	NA	RLTPEWKK.AATALKDVVKK.LVQLMQIS	2	980.7409	1142.7072	1142.7072	572.3609	572.3609	1142.7021	572.3583	0.005	0.0001073371	28.377	11.945	0.9789	0	2	2	68	78	5182350.5	NA	NA	0	FALSE	FALSE	FALSE	9271	982.61505	9319	979.36505	985.49805	3.0210001	9	0.9738	16.3457
PDIA6	Trypsin_CAD	AATALKDVVKK	HepG2	Trypsin_HCD	hepg2_spectral_count	2	20151201_alr_CompleteHumanProteome_HepG2_HCD_trypsin_fr19_151203215945_sub.15493.15493.2	interact-20151201_alr_CompleteHumanProteome_HepG2_HCD_trypsin_fr19_151203215945_sub.pep.xml	ENST00000272227.8	ENSG00000143870.13	transitional_only	Q15084	Q15084	K	L	68	78	11	2	0	12	0	0	0	12	1	21	MALLVLGLVSCTFFLAVNGLY	228	CAAAGTT	55	Canonical	-0.63	2.42	Yes	hungry_-2	77	yes	Trypsin_CAD_HepG2_Trypsin_HCD	NA	RLTPEWKK.AATALKDVVKK.LVQLMQIS	2	1223.9647	1142.7009	1142.7009	572.3577	572.3577	1142.7021	572.3583	-0.0012	0.0001217586	32.158	15.115	0.9998	0	2	2	68	78	95025456	NA	NA	0	FALSE	FALSE	FALSE	15474	1225.639	15521	1222.019	1229.602	3.496	13	0.8979	20.3994
PDIA6	Trypsin_CAD	AATALKDVVKK	HepG2	Trypsin_HCD	hepg2_spectral_count	2	20151201_alr_CompleteHumanProteome_HepG2_HCD_trypsin_fr19_sub.18517.18517.2	interact-20151201_alr_CompleteHumanProteome_HepG2_HCD_trypsin_fr19_sub.pep.xml	ENST00000272227.8	ENSG00000143870.13	transitional_only	Q15084	Q15084	K	L	68	78	11	2	0	12	0	0	0	12	1	21	MALLVLGLVSCTFFLAVNGLY	228	CAAAGTT	55	Canonical	-0.63	2.42	Yes	hungry_-2	77	yes	Trypsin_CAD_HepG2_Trypsin_HCD	NA	RLTPEWKK.AATALKDVVKK.LVQLMQIS	2	1267.4775	1142.7023	1142.7023	572.3584	572.3584	1142.7021	572.3583	1e-04	0.001223207	26.15	15.631	0.9992	0	2	2	68	78	66183136	NA	NA	0	FALSE	FALSE	FALSE	18504	1268.727	18540	1265.1521	1272.915	4.7710004	13	0.8926	21.1246
SERPINF2	Trypsin_CAD	CSEPHVAEAATGAAR	HepG2	Trypsin_HCD	hepg2_spectral_count	1	20151201_alr_CompleteHumanProteome_HepG2_HCD_trypsin_fr10_sub.23210.23210.3	interact-20151201_alr_CompleteHumanProteome_HepG2_HCD_trypsin_fr10_sub.pep.xml	ENST00000453066.6	ENSG00000167711.14	frameshift_only	P08697	P08697	R	R	124	138	15	3	8	0	0	0	0	8	1	17	MALLWGLLVLSWSCLQG	195	TCCCCCA	48	Canonical	1.10	2.52	Yes	dual_-1	67	yes	Trypsin_CAD_HepG2_Trypsin_HCD	CSEPHVAEAATGAAR	GAVSPGTR.CSEPHVAEAATGAAR.RLRALPPP	3	1296.2411	1526.6951	1526.6951	509.9056	509.9056	1525.6942	509.572	1.0008	0.0001680738	26.598	10.296	0.9949	0	2	0	124	138	0	1C(57.0215)	NA	0	FALSE	FALSE	FALSE	23168	0	0	0	0	0	0	0.8768	21.604
PPP1CC	Trypsin_CAD	EIFLSQPILLELEAPLKK	K562	Trypsin_HCD	k562_spectral_count	1	20160124_alr_CompleteHumanProteome_K562_trypsin_HCD_fr12_sub.78485.78485.3	interact-20160124_alr_CompleteHumanProteome_K562_trypsin_HCD_fr12_sub.pep.xml	ENST00000546933.5	ENSG00000186298.12	transitional_only	No_uniprot_annotation	P36873	R	Y	53	70	18	3	0	2	0	0	0	2	1	20	MFLPLYLNLVLYFVFWLHWT	204	CAAAATA	48	Alternative	-0.14	1.91	Yes	hungry_-2	69	yes	Trypsin_CAD_K562_Trypsin_HCD	NA	RGLCLKSR.EIFLSQPILLELEAPLKK.YVVTSMDN	3	4677.8125	2080.2224	2080.2224	694.4147	694.4147	2080.2183	694.4134	0.0041	2.092908e-05	29.217	15.007	0.9989	0	2	1	53	70	43257216	NA	NA	0	FALSE	FALSE	TRUE	78440	4676.3164	78440	4672.9883	4679.866	5.3120003	3	0.8602	77.9635
LPCAT1	Trypsin_CAD	EQRHPDLGNSDPVYTACVR	hESC	Trypsin_HCD	hesc_spectral_count	1	09apr2014_HESC_SCX16to25_RP10_sub.29936.29936.4	interact-09apr2014_HESC_SCX16to25_RP10_sub.pep.xml	ENST00000283415.4	ENSG00000153395.11	frameshift_only	Q8NF37	Q8NF37	R	V	157	175	19	4	4	0	0	0	0	4	51	75	LTLFPVRLLVAAAMMLLAWPLALVA	351	GAAGGGG	42	Canonical	-2.77	2.48	Yes	dual_-1	119	yes	Trypsin_CAD_hESC_Trypsin_HCD	EQRHPDLGNSDPVYTACVR	VLHRDEGR.EQRHPDLGNSDPVYTACVR.VPVRPGFS	4	1926.6799	2213.0312	2213.0312	554.2651	554.2651	2213.0283	554.2644	0.0029	0.003054922	20.56	9.207	0.9376	0	2	1	157	175	2727571	17C(57.0215)	NA	0	FALSE	FALSE	FALSE	29926	1926.7651	29937	1925.0281	1930.8351	2.723	13	0.7147	32.1113
DPP7	Trypsin_CAD	GAHLLLHWER	HeLa	Trypsin_HCD	hela_spectral_count	1	HeLaS3_trypsin_5_sub.29217.29217.3	interact-HeLaS3_trypsin_5_sub.pep.xml	ENST00000706878.1	ENSG00000176978.16	transitional_only	No_uniprot_annotation	Q9UHL4	R	G	68	77	10	3	0	2	0	0	0	2	4	19	APWAPVLLLALGLRGL	201	GGGCCCA	48	Alternative	1.20	1.55	Yes	hungry_-2	68	no	Trypsin_CAD_HeLa_Trypsin_HCD	NA	SGSGSGAR.GAHLLLHWER.GRRVGLRQ	3	2042.6024	1230.6648	1230.6648	411.2289	411.2289	1230.6621	411.228	0.0026	0.006906374	19.143	9.857	0.996	0	2	0	68	77	7238674.5	NA	NA	0	FALSE	FALSE	TRUE	29205	2044.7141	29250	2040.2451	2050.876	4.7970004	24	0.9008	34.0434
SLC39A6	Trypsin_CAD	GPLFSHLSSQNIEESAYFDSTWKR	hESC	Trypsin_HCD	hesc_spectral_count	1	09apr2014_HESC_SCX16to25_RP7_sub.68463.68463.4	interact-09apr2014_HESC_SCX16to25_RP7_sub.pep.xml	ENST00000269187.10	ENSG00000141424.13	transitional_only	Q13433	Q13433	R	V	401	424	24	4	0	4	0	0	0	4	351	375	RVFFKFLLSFLVALAVGTLSGDAFL	1266	GAAGGGT	47	Canonical	-0.87	2.74	Yes	hungry_-2	423	yes	Trypsin_CAD_hESC_Trypsin_HCD	NA	EPAMEMKR.GPLFSHLSSQNIEESAYFDSTWKR.V	4	3952.9504	2799.3376	2799.3376	700.8417	700.8417	2798.3298	700.5897	1.0078	0.002315449	20.713	18.682	0.9945	0	2	1	401	424	2261736.5	NA	NA	0	FALSE	FALSE	FALSE	68453	3952.7593	68460	3951.1582	3956.8953	1.5660001	8	0.827	65.8825
LPCAT1	Trypsin_CAD	HPDLGNSDPVYTACVR	hESC	Trypsin_HCD	hesc_spectral_count	2	09apr2014_HESC_SCX16to25_RP11_sub.33680.33680.3	interact-09apr2014_HESC_SCX16to25_RP11_sub.pep.xml	ENST00000283415.4	ENSG00000153395.11	frameshift_only	Q8NF37	Q8NF37	R	V	160	175	16	2,3	4	0	0	0	0	4	51	75	LTLFPVRLLVAAAMMLLAWPLALVA	351	GAAGGGG	42	Canonical	-2.77	2.48	Yes	dual_-1	119	yes	Trypsin_CAD_hESC_Trypsin_HCD	HPDLGNSDPVYTACVR	RDEGREQR.HPDLGNSDPVYTACVR.VPVRPGFS	3	2141.7473	1799.8354	1799.8354	600.9524	600.9524	1799.826	600.9493	0.0094	3.953667e-05	29.112	10.773	0.9888	0	2	0	160	175	13962682	14C(57.0215)	NA	0	FALSE	FALSE	FALSE	33658	2144.279	33730	2138.6182	2151.997	7.7690005	22	0.9645	35.6958
LPCAT1	Trypsin_CAD	HPDLGNSDPVYTACVR	hESC	Trypsin_HCD	hesc_spectral_count	2	09apr2014_HESC_SCX16to25_RP11_sub.33704.33704.2	interact-09apr2014_HESC_SCX16to25_RP11_sub.pep.xml	ENST00000283415.4	ENSG00000153395.11	frameshift_only	Q8NF37	Q8NF37	R	V	160	175	16	2,3	4	0	0	0	0	4	51	75	LTLFPVRLLVAAAMMLLAWPLALVA	351	GAAGGGG	42	Canonical	-2.77	2.48	Yes	dual_-1	119	yes	Trypsin_CAD_hESC_Trypsin_HCD	HPDLGNSDPVYTACVR	RDEGREQR.HPDLGNSDPVYTACVR.VPVRPGFS	2	2142.9258	1799.8373	1799.8373	900.9259	900.9259	1799.826	900.9203	0.0112	4.492625e-06	29.89	7.087	0.9963	0	2	0	160	175	2203813.2	14C(57.0215)	NA	0	FALSE	FALSE	FALSE	33684	2145.0742	33746	2143.0151	2149.415	5.013	11	0.9283	35.7154
RPL4	Trypsin_CAD	IEEVPELPLVVEDKK	HUVEC	Trypsin_HCD	huvec_spectral_count	1	20151220_alr_CompleteHumanProteome_HUVEC_HCD_trypsin_25_sub.58368.58368.3	interact-20151220_alr_CompleteHumanProteome_HUVEC_HCD_trypsin_25_sub.pep.xml	ENST00000568588.5	ENSG00000174444.15	transitional_only	No_uniprot_annotation	P36578	R	L	50	64	15	3	0	2	0	0	0	2	1	20	MCRGGRMFAPTKTWRRWHRR	186	TAAAGTT	42	Alternative	6.78	2.42	Yes	hungry_-2	63	yes	Trypsin_CAD_HUVEC_Trypsin_HCD	NA	LVMSKGHR.IEEVPELPLVVEDKK.LKATRRPR	3	3686.5889	1735.9581	1735.9581	579.66	579.66	1735.9607	579.6608	-0.0025	0.0003250874	25.452	10.583	0.9943	0	2	1	50	64	3795348.8	NA	NA	0	FALSE	FALSE	TRUE	58343	3688.1873	58408	3683.0322	3692.7922	5.195	9	0.8377	61.4431
RPL4	Trypsin_CAD	IEEVPELPLVVEDKK	HeLa	Trypsin_HCD	hela_spectral_count	2	HeLaS3_trypsin_21_sub.60278.60278.3	interact-HeLaS3_trypsin_21_sub.pep.xml	ENST00000568588.5	ENSG00000174444.15	transitional_only	No_uniprot_annotation	P36578	R	L	50	64	15	3	0	2	0	0	0	2	1	20	MCRGGRMFAPTKTWRRWHRR	186	TAAAGTT	42	Alternative	6.78	2.42	Yes	hungry_-2	63	yes	Trypsin_CAD_HeLa_Trypsin_HCD	NA	LVMSKGHR.IEEVPELPLVVEDKK.LKATRRPR	3	3616.7517	1735.9706	1735.9706	579.6641	579.6641	1735.9607	579.6608	0.0098	0.0002618184	23.828	7.472	0.9711	0	2	1	50	64	1564613	NA	NA	0	FALSE	FALSE	TRUE	60263	3619.0571	60322	3616.851	3619.6062	2.756	5	0.8103	60.2792
RPL4	Trypsin_CAD	IEEVPELPLVVEDKK	HeLa	Trypsin_HCD	hela_spectral_count	2	HeLaS3_trypsin_21_sub.60411.60411.3	interact-HeLaS3_trypsin_21_sub.pep.xml	ENST00000568588.5	ENSG00000174444.15	transitional_only	No_uniprot_annotation	P36578	R	L	50	64	15	3	0	2	0	0	0	2	1	20	MCRGGRMFAPTKTWRRWHRR	186	TAAAGTT	42	Alternative	6.78	2.42	Yes	hungry_-2	63	yes	Trypsin_CAD_HeLa_Trypsin_HCD	NA	LVMSKGHR.IEEVPELPLVVEDKK.LKATRRPR	3	3623.5706	1736.9688	1736.9688	579.9969	579.9969	1735.9607	579.6608	1.008	0.002480275	22.922	11.813	0.9693	0	2	1	50	64	1468907.2	NA	NA	0	FALSE	FALSE	TRUE	60389	3618.5461	60312	3614.737	3627.59	2.756	13	0.8524	60.3928
RPL4	Trypsin_CAD	IEEVPELPLVVEDKK	K562	Trypsin_HCD	k562_spectral_count	1	20160124_alr_CompleteHumanProteome_K562_trypsin_HCD_fr32_sub.51506.51506.3	interact-20160124_alr_CompleteHumanProteome_K562_trypsin_HCD_fr32_sub.pep.xml	ENST00000568588.5	ENSG00000174444.15	transitional_only	No_uniprot_annotation	P36578	R	L	50	64	15	3	0	2	0	0	0	2	1	20	MCRGGRMFAPTKTWRRWHRR	186	TAAAGTT	42	Alternative	6.78	2.42	Yes	hungry_-2	63	yes	Trypsin_CAD_K562_Trypsin_HCD	NA	LVMSKGHR.IEEVPELPLVVEDKK.LKATRRPR	3	3867.7332	1735.9614	1735.9614	579.6611	579.6611	1735.9607	579.6608	7e-04	8.912505e-05	27.7	11.428	0.9936	0	2	1	50	64	8017891.5	NA	NA	0	FALSE	FALSE	TRUE	51492	3863.2122	51402	3861.1592	3871.0842	4.5220003	13	0.8842	64.4622
RPL4	Trypsin_CAD	IEEVPELPLVVEDKK	hESC	Trypsin_HCD	hesc_spectral_count	1	09apr2014_HESC_SCX12to14_RP11_sub.51696.51696.3	interact-09apr2014_HESC_SCX12to14_RP11_sub.pep.xml	ENST00000568588.5	ENSG00000174444.15	transitional_only	No_uniprot_annotation	P36578	R	L	50	64	15	3	0	2	0	0	0	2	1	20	MCRGGRMFAPTKTWRRWHRR	186	TAAAGTT	42	Alternative	6.78	2.42	Yes	hungry_-2	63	yes	Trypsin_CAD_hESC_Trypsin_HCD	NA	LVMSKGHR.IEEVPELPLVVEDKK.LKATRRPR	3	4027.9636	1735.97	1735.97	579.6639	579.6639	1735.9607	579.6608	0.0092	9.965518e-05	25.506	8.828	0.9636	0	2	1	50	64	23188558	NA	NA	0	FALSE	FALSE	TRUE	51685	4032.8032	51788	4023.9092	4041.7632	6.9620004	37	0.9014	67.1327
DEFA6	Trypsin_CAD	IFLWDLHCHGY	HUVEC	Trypsin_HCD	huvec_spectral_count	1	20151220_alr_CompleteHumanProteome_HUVEC_HCD_trypsin_24_sub.22689.22689.2	interact-20151220_alr_CompleteHumanProteome_HUVEC_HCD_trypsin_24_sub.pep.xml	ENST00000297436.3	ENSG00000164822.5	frameshift_only	Q01524	Q01524	R	-	83	93	11	2	8	0	0	0	0	8	1	19	MRTLTILTAVLLVALQAKA	189	TTTGGGC	44	Canonical	0.16	2.75	Yes	dual_-1	65	yes	Trypsin_CAD_HUVEC_Trypsin_HCD	IFLWDLHCHGY	QKVLLFNR.IFLWDLHCHGY.-	2	1559.4393	1459.6703	1459.6703	730.8424	730.8424	1459.6707	730.8426	-3e-04	0.9188612	11.647	9.742	0.9879	0	2	0	83	93	13717791	8C(57.0215)	NA	0	FALSE	FALSE	FALSE	22677	1559.806	22698	1553.7991	1562.1631	3.4340003	18	0.7847	25.9907
SLC3A2	Trypsin_CAD	IGDLQAFQGHGAGNLAGLKR	HeLa	Trypsin_HCD	hela_spectral_count	1	HeLaS3_trypsin_5_sub.39490.39490.4	interact-HeLaS3_trypsin_5_sub.pep.xml	ENST00000338663.12	ENSG00000168003.19	transitional_only	P08195	P08195	R	G	126	145	20	3,4	0	28	0	0	0	28	82	106	WALLLLFWLGWLGMLAGAVVIIVRA	429	GAAGGGG	37	Canonical	-3.20	2.48	Yes	hungry_-2	144	yes	Trypsin_CAD_HeLa_Trypsin_HCD	NA	WHTGALYR.IGDLQAFQGHGAGNLAGLKR.GVSIT	4	2663.9048	2022.0823	2022.0823	506.5279	506.5279	2022.0758	506.5262	0.0064	0.004094962	20.051	9.872	0.9965	0	2	1	126	145	11303018	NA	NA	0	FALSE	FALSE	FALSE	39475	2666.1592	39532	2660.3552	2669.9412	5.511	18	0.7161	44.3984
SLC3A2	Trypsin_CAD	IGDLQAFQGHGAGNLAGLKR	hESC	Trypsin_HCD	hesc_spectral_count	2	09apr2014_HESC_SCX16to25_RP7_sub.48496.48496.4	interact-09apr2014_HESC_SCX16to25_RP7_sub.pep.xml	ENST00000338663.12	ENSG00000168003.19	transitional_only	P08195	P08195	R	G	126	145	20	3,4	0	28	0	0	0	28	82	106	WALLLLFWLGWLGMLAGAVVIIVRA	429	GAAGGGG	37	Canonical	-3.20	2.48	Yes	hungry_-2	144	yes	Trypsin_CAD_hESC_Trypsin_HCD	NA	WHTGALYR.IGDLQAFQGHGAGNLAGLKR.GVSIT	4	2853.3877	2022.0875	2022.0875	506.5292	506.5292	2022.0758	506.5262	0.0117	0.0001745203	28.329	14.514	0.9994	0	2	1	126	145	32778272	NA	NA	0	FALSE	FALSE	FALSE	48484	2856.926	48564	2850.957	2862.0103	4.2400002	20	0.8597	47.5565
SLC3A2	Trypsin_CAD	IGDLQAFQGHGAGNLAGLKR	hESC	Trypsin_HCD	hesc_spectral_count	2	09apr2014_HESC_SCX16to25_RP7_sub.48563.48563.3	interact-09apr2014_HESC_SCX16to25_RP7_sub.pep.xml	ENST00000338663.12	ENSG00000168003.19	transitional_only	P08195	P08195	R	G	126	145	20	3,4	0	28	0	0	0	28	82	106	WALLLLFWLGWLGMLAGAVVIIVRA	429	GAAGGGG	37	Canonical	-3.20	2.48	Yes	hungry_-2	144	yes	Trypsin_CAD_hESC_Trypsin_HCD	NA	WHTGALYR.IGDLQAFQGHGAGNLAGLKR.GVSIT	3	2856.8647	2022.0793	2022.0793	675.0337	675.0337	2022.0758	675.0325	0.0035	0.0009495109	22.59	9.964	0.9992	0	2	1	126	145	0	NA	NA	0	FALSE	FALSE	FALSE	48545	0	0	0	0	0	0	0.9325	47.6144
COX7A2	Trypsin_CAD	LFQEDDEIPLYLKR	HepG2	Trypsin_HCD	hepg2_spectral_count	1	20151201_alr_CompleteHumanProteome_HepG2_HCD_trypsin_fr23_151203202650_sub.57939.57939.3	interact-20151201_alr_CompleteHumanProteome_HepG2_HCD_trypsin_fr23_151203202650_sub.pep.xml	ENST00000370081.6	ENSG00000112695.13	transitional_only	No_uniprot_annotation	P14406	K	V	66	79	14	3	0	2	0	0	0	2	11	31	VPAWPFSLVVFSCGGCWSVTA	231	AAAGGGT	46	Alternative	1.68	2.36	Yes	hungry_-2	78	yes	Trypsin_CAD_HepG2_Trypsin_HCD	NA	NKVPEKQK.LFQEDDEIPLYLKR.VG	3	3545.191	1777.9241	1777.9241	593.6486	593.6486	1777.9249	593.6489	-8e-04	0.0005800964	23.446	9.059	0.9884	0	2	1	66	79	19203342	NA	NA	0	FALSE	FALSE	TRUE	57915	3544.3423	57915	3542.0872	3549.757	2.9710002	8	0.9608	59.0865
DNAJC10	Trypsin_CAD	LHPDKNPNNPNAHGDFLKK	HeLa	Trypsin_HCD	hela_spectral_count	1	HeLaS3_trypsin_28_sub.09641.09641.4	interact-HeLaS3_trypsin_28_sub.pep.xml	ENST00000264065.12	ENSG00000077232.19	transitional_only	Q8IXB1	Q8IXB1	K	-	62	80	19	4	0	40	0	0	0	40	14	32	LKRIILCFLIVYMAILVGT	234	AAAAATA	46	Canonical	-1.65	0.98	Yes	hungry_-2	79	yes	Trypsin_CAD_HeLa_Trypsin_HCD	NA	AFKKLALK.LHPDKNPNNPNAHGDFLKK.-	4	937.3135	2155.0972	2155.0972	539.7816	539.7816	2155.092	539.7803	0.0051	0.0001162117	25.239	9.414	0.9988	0	2	2	62	80	6944019.5	NA	NA	0	FALSE	FALSE	FALSE	9635	937.9631	9651	935.179	940.116	1.8050001	12	0.9067	15.6219
SEC63	Trypsin_CAD	LIMVLAGASEFDPQYNKR	HeLa	Trypsin_HCD	hela_spectral_count	1	HeLaS3_trypsin_11_sub.66415.66415.3	interact-HeLaS3_trypsin_11_sub.pep.xml	ENST00000369002.9	ENSG00000025796.14	transitional_only	Q9UGP8	Q9UGP8	R	C	246	263	18	2,3	0	2	0	0	0	2	190	214	ILVLLVYGLAFMVILPVVVGSWWYR	780	TAATAAA	46	Canonical	-3.02	2.74	Yes	dual_-1	262	yes	Trypsin_CAD_HeLa_Trypsin_HCD	NA	TRNMDMKR.LIMVLAGASEFDPQYNKR.CHKQTNG	3	3755.1846	2051.0615	2051.0615	684.6944	684.6944	2051.051	684.6909	0.0105	0.0005128614	22.66	9.042	0.9998	0	2	1	246	263	10596300	NA	NA	0	FALSE	FALSE	TRUE	66397	3755.767	66427	3748.9712	3765.0122	5.1650004	19	0.6961	62.5864
SEC63	Trypsin_CAD	LIMVLAGASEFDPQYNKR	hESC	Trypsin_HCD	hesc_spectral_count	9	09apr2014_HESC_SCX12to14_RP8_sub.59529.59529.3	interact-09apr2014_HESC_SCX12to14_RP8_sub.pep.xml	ENST00000369002.9	ENSG00000025796.14	transitional_only	Q9UGP8	Q9UGP8	R	C	246	263	18	2,3	0	2	0	0	0	2	190	214	ILVLLVYGLAFMVILPVVVGSWWYR	780	TAATAAA	46	Canonical	-3.02	2.74	Yes	dual_-1	262	yes	Trypsin_CAD_hESC_Trypsin_HCD	NA	TRNMDMKR.LIMVLAGASEFDPQYNKR.CHKQTNG	3	4258.46	2051.0623	2051.0623	684.6947	684.6947	2051.051	684.6909	0.0112	5.781156e-05	22.595	9.604	0.9992	0	2	1	246	263	47428480	NA	NA	0	FALSE	FALSE	TRUE	59518	4263.3403	59623	4255.844	4274.354	7.01	34	0.741	70.9743
SEC63	Trypsin_CAD	LIMVLAGASEFDPQYNKR	hESC	Trypsin_HCD	hesc_spectral_count	9	09apr2014_HESC_SCX12to14_RP8_sub.59601.59601.2	interact-09apr2014_HESC_SCX12to14_RP8_sub.pep.xml	ENST00000369002.9	ENSG00000025796.14	transitional_only	Q9UGP8	Q9UGP8	R	C	246	263	18	2,3	0	2	0	0	0	2	190	214	ILVLLVYGLAFMVILPVVVGSWWYR	780	TAATAAA	46	Canonical	-3.02	2.74	Yes	dual_-1	262	yes	Trypsin_CAD_hESC_Trypsin_HCD	NA	TRNMDMKR.LIMVLAGASEFDPQYNKR.CHKQTNG	2	4262.204	2051.0608	2051.0608	1026.5377	1026.5377	2051.051	1026.5328	0.0097	0.000293258	24.631	9.818	0.9931	0	2	1	246	263	1185929.8	NA	NA	0	FALSE	FALSE	TRUE	59583	4265.4614	59665	4259.241	4266.933	3.0040002	10	0.8524	71.0367
SEC63	Trypsin_CAD	LIMVLAGASEFDPQYNKR	hESC	Trypsin_HCD	hesc_spectral_count	9	09apr2014_HESC_SCX12to14_RP8_sub.59664.59664.2	interact-09apr2014_HESC_SCX12to14_RP8_sub.pep.xml	ENST00000369002.9	ENSG00000025796.14	transitional_only	Q9UGP8	Q9UGP8	R	C	246	263	18	2,3	0	2	0	0	0	2	190	214	ILVLLVYGLAFMVILPVVVGSWWYR	780	TAATAAA	46	Canonical	-3.02	2.74	Yes	dual_-1	262	yes	Trypsin_CAD_hESC_Trypsin_HCD	NA	TRNMDMKR.LIMVLAGASEFDPQYNKR.CHKQTNG	2	4265.4014	2052.064	2052.064	1027.0393	1027.0393	2051.051	1026.5328	1.0129	0.01274946	17.046	9.567	0.9528	0	2	1	246	263	1185929.8	NA	NA	0	FALSE	FALSE	TRUE	59645	4265.4614	59665	4259.241	4266.933	3.0040002	10	0.9125	71.09
SEC63	Trypsin_CAD	LIMVLAGASEFDPQYNKR	hESC	Trypsin_HCD	hesc_spectral_count	9	09apr2014_HESC_SCX12to14_RP9_sub.50404.50404.3	interact-09apr2014_HESC_SCX12to14_RP9_sub.pep.xml	ENST00000369002.9	ENSG00000025796.14	transitional_only	Q9UGP8	Q9UGP8	R	C	246	263	18	2,3	0	2	0	0	0	2	190	214	ILVLLVYGLAFMVILPVVVGSWWYR	780	TAATAAA	46	Canonical	-3.02	2.74	Yes	dual_-1	262	yes	Trypsin_CAD_hESC_Trypsin_HCD	LIM[147]VLAGASEFDPQYNKR	TRNMDMKR.LIMVLAGASEFDPQYNKR.CHKQTNG	3	3827.9277	2067.0547	2067.0547	690.0255	690.0255	2067.046	690.0226	0.0087	0.0003118766	22.461	10.582	0.9997	0	2	1	246	263	2355788.8	3M(15.9949)	NA	0	FALSE	FALSE	TRUE	50393	3830.8542	50455	3824.3843	3841.2612	2.3660002	34	0.7968	63.7988
SEC63	Trypsin_CAD	LIMVLAGASEFDPQYNKR	hESC	Trypsin_HCD	hesc_spectral_count	9	09apr2014_HESC_SCX12to14_RP9_sub.58816.58816.3	interact-09apr2014_HESC_SCX12to14_RP9_sub.pep.xml	ENST00000369002.9	ENSG00000025796.14	transitional_only	Q9UGP8	Q9UGP8	R	C	246	263	18	2,3	0	2	0	0	0	2	190	214	ILVLLVYGLAFMVILPVVVGSWWYR	780	TAATAAA	46	Canonical	-3.02	2.74	Yes	dual_-1	262	yes	Trypsin_CAD_hESC_Trypsin_HCD	NA	TRNMDMKR.LIMVLAGASEFDPQYNKR.CHKQTNG	3	4271.474	2051.0564	2051.0564	684.6927	684.6927	2051.051	684.6909	0.0053	0.0003917418	22.128	7.506	1	0	2	1	246	263	152399472	NA	NA	0	FALSE	FALSE	TRUE	58801	4277.2573	58930	4267.641	4355.411	6.6280003	152	0.9177	71.1912
SEC63	Trypsin_CAD	LIMVLAGASEFDPQYNKR	hESC	Trypsin_HCD	hesc_spectral_count	9	09apr2014_HESC_SCX12to14_RP9_sub.58866.58866.2	interact-09apr2014_HESC_SCX12to14_RP9_sub.pep.xml	ENST00000369002.9	ENSG00000025796.14	transitional_only	Q9UGP8	Q9UGP8	R	C	246	263	18	2,3	0	2	0	0	0	2	190	214	ILVLLVYGLAFMVILPVVVGSWWYR	780	TAATAAA	46	Canonical	-3.02	2.74	Yes	dual_-1	262	yes	Trypsin_CAD_hESC_Trypsin_HCD	NA	TRNMDMKR.LIMVLAGASEFDPQYNKR.CHKQTNG	2	4274.0303	2051.055	2051.055	1026.5348	1026.5348	2051.051	1026.5328	0.0039	0.0001864233	24.418	9.465	1	0	2	1	246	263	3684958.5	NA	NA	0	FALSE	FALSE	TRUE	58853	4274.969	58885	4272.3223	4285.271	6.6280003	18	0.9305	71.2338
SEC63	Trypsin_CAD	LIMVLAGASEFDPQYNKR	hESC	Trypsin_HCD	hesc_spectral_count	9	09apr2014_HESC_SCX12to14_RP9_sub.59121.59121.3	interact-09apr2014_HESC_SCX12to14_RP9_sub.pep.xml	ENST00000369002.9	ENSG00000025796.14	transitional_only	Q9UGP8	Q9UGP8	R	C	246	263	18	2,3	0	2	0	0	0	2	190	214	ILVLLVYGLAFMVILPVVVGSWWYR	780	TAATAAA	46	Canonical	-3.02	2.74	Yes	dual_-1	262	yes	Trypsin_CAD_hESC_Trypsin_HCD	NA	TRNMDMKR.LIMVLAGASEFDPQYNKR.CHKQTNG	3	4287.339	2051.0564	2051.0564	684.6927	684.6927	2051.051	684.6909	0.0053	1.014361e-05	24.79	9.584	0.9999	0	2	1	246	263	152399472	NA	NA	0	FALSE	FALSE	TRUE	59112	4277.2573	58930	4267.641	4355.411	6.6280003	152	0.7008	71.4557
SEC63	Trypsin_CAD	LIMVLAGASEFDPQYNKR	hESC	Trypsin_HCD	hesc_spectral_count	9	09apr2014_HESC_SCX12to14_RP9_sub.60710.60710.3	interact-09apr2014_HESC_SCX12to14_RP9_sub.pep.xml	ENST00000369002.9	ENSG00000025796.14	transitional_only	Q9UGP8	Q9UGP8	R	C	246	263	18	2,3	0	2	0	0	0	2	190	214	ILVLLVYGLAFMVILPVVVGSWWYR	780	TAATAAA	46	Canonical	-3.02	2.74	Yes	dual_-1	262	yes	Trypsin_CAD_hESC_Trypsin_HCD	NA	TRNMDMKR.LIMVLAGASEFDPQYNKR.CHKQTNG	3	4368.9478	2051.0598	2051.0598	684.6939	684.6939	2051.051	684.6909	0.0087	0.03837074	17.164	10.918	0.9926	0	2	1	246	263	964881.6	NA	NA	0	FALSE	FALSE	TRUE	60691	4360.083	60538	4357.436	4371.626	2.4380002	20	0.8252	72.8158
SEC63	Trypsin_CAD	LIMVLAGASEFDPQYNKR	hESC	Trypsin_HCD	hesc_spectral_count	9	09apr2014_HESC_SCX14to16_RP3_sub.71322.71322.3	interact-09apr2014_HESC_SCX14to16_RP3_sub.pep.xml	ENST00000369002.9	ENSG00000025796.14	transitional_only	Q9UGP8	Q9UGP8	R	C	246	263	18	2,3	0	2	0	0	0	2	190	214	ILVLLVYGLAFMVILPVVVGSWWYR	780	TAATAAA	46	Canonical	-3.02	2.74	Yes	dual_-1	262	yes	Trypsin_CAD_hESC_Trypsin_HCD	NA	TRNMDMKR.LIMVLAGASEFDPQYNKR.CHKQTNG	3	4228.3643	2051.0645	2051.0645	684.6954	684.6954	2051.051	684.6909	0.0134	0.001197429	21.187	11.071	0.964	0	2	1	246	263	5254853.5	NA	NA	0	FALSE	FALSE	TRUE	71310	4230.638	71367	4224.6914	4236.0923	5.6150002	17	0.9085	70.4727
ID1	Trypsin_CAD	LLLTPQGAGAHPAPEPQGEQGGDSPAR	HeLa	Trypsin_HCD	hela_spectral_count	2	HeLaS3_trypsin_28_sub.30276.30276.3	interact-HeLaS3_trypsin_28_sub.pep.xml	ENST00000376105.4	ENSG00000125968.10	frameshift_only	P41134	P41134	R	H	72	98	27	3	4	0	0	0	0	4	3	21	VASGSTATAAAGPSCALKA	183	GGTAAAC	40	Alternative	5.02	2.82	Yes	dual_-1	63	no	Trypsin_CAD_HeLa_Trypsin_HCD	NA	RAALRHER.LLLTPQGAGAHPAPEPQGEQGGDSPAR.HRLHQGPS	3	2160.5005	2650.316	2650.316	884.4459	884.4459	2650.3098	884.4439	0.0061	0.03595422	14.277	7.874	0.9745	0	2	0	72	98	3220250.2	NA	NA	0	FALSE	FALSE	FALSE	30262	2158.834	30244	2157.99	2161.2512	3.2610002	5	0.8303	36.0083
ID1	Trypsin_CAD	LLLTPQGAGAHPAPEPQGEQGGDSPAR	HeLa	Trypsin_HCD	hela_spectral_count	2	HeLaS3_trypsin_29_sub.28380.28380.3	interact-HeLaS3_trypsin_29_sub.pep.xml	ENST00000376105.4	ENSG00000125968.10	frameshift_only	P41134	P41134	R	H	72	98	27	3	4	0	0	0	0	4	3	21	VASGSTATAAAGPSCALKA	183	GGTAAAC	40	Alternative	5.02	2.82	Yes	dual_-1	63	no	Trypsin_CAD_HeLa_Trypsin_HCD	NA	RAALRHER.LLLTPQGAGAHPAPEPQGEQGGDSPAR.HRLHQGPS	3	2075.6892	2650.324	2650.324	884.4486	884.4486	2650.3098	884.4439	0.0141	0.00090261	19.678	9.449	0.997	0	2	0	72	98	3104383.5	NA	NA	0	FALSE	FALSE	FALSE	28372	2075.5442	28378	2073.663	2078.2751	1.562	11	0.9416	34.5948
MFAP5	Trypsin_CAD	NLPAQGSTLCIGR	HeLa	Trypsin_HCD	hela_spectral_count	1	HeLaS3_trypsin_31_sub.31013.31013.2	interact-HeLaS3_trypsin_31_sub.pep.xml	ENST00000359478.7	ENSG00000197614.11	frameshift_only	Q13361	Q13361	R	L	89	101	13	2	16	0	0	0	0	16	3	24	LLGPKVLLFLAAFIITSDWIPL	228	TGAAAAA	52	Canonical	-0.16	2.46	Yes	hungry_-2	77	yes	Trypsin_CAD_HeLa_Trypsin_HCD	NLPAQGSTLCIGR	PLQSAGMR.NLPAQGSTLCIGR.LNNAFISY	2	2268.5923	1385.7117	1385.7117	693.8631	693.8631	1385.7085	693.8615	0.0031	0.0008076997	21.871	7.604	0.9991	0	2	0	89	101	8235467.5	10C(57.0215)	NA	0	FALSE	FALSE	FALSE	31005	2270.4202	31043	2265.1401	2276.886	5.8760004	27	0.9797	37.8099
LPCAT1	Trypsin_CAD	QDLPNYLQTWCIHPWSAR	hESC	Trypsin_HCD	hesc_spectral_count	1	09apr2014_HESC_SCX12to14_RP7_sub.67204.67204.3	interact-09apr2014_HESC_SCX12to14_RP7_sub.pep.xml	ENST00000283415.4	ENSG00000153395.11	frameshift_only	Q8NF37	Q8NF37	K	P	214	231	18	3	4	0	0	0	0	4	51	75	LTLFPVRLLVAAAMMLLAWPLALVA	351	GAAGGGG	42	Canonical	-2.77	2.48	Yes	dual_-1	119	yes	Trypsin_CAD_hESC_Trypsin_HCD	QDLPNYLQTWCIHPWSAR	FSRRNLYK.QDLPNYLQTWCIHPWSAR.PACGFTIS	3	4554.0293	2284.0908	2284.0908	762.3709	762.3709	2284.0847	762.3688	0.0061	0.002718003	20.763	9.131	0.9553	0	2	0	214	231	19342678	11C(57.0215)	NA	0	FALSE	FALSE	FALSE	67181	4553.7534	67199	4548.7314	4559.6753	4.926	7	0.7976	75.9005
MAN1A1	Trypsin_CAD	RHPTGEEEGGPGPAA	HepG2	Trypsin_HCD	hepg2_spectral_count	1	20151209_alr_CompleteHumanProteome_HepG2_HCD_trypsin_5_2_sub.12061.12061.2	interact-20151209_alr_CompleteHumanProteome_HepG2_HCD_trypsin_5_2_sub.pep.xml	ENST00000368468.4	ENSG00000111885.7	frameshift_only	P33908	P33908	K	-	149	163	15	2	16	0	0	0	0	16	38	62	LTEKFVLLLVFSAFITLCFGAIFFL	318	GGAGGGG	44	Canonical	-2.85	2.65	Yes	dual_-1	108	yes	Trypsin_CAD_HepG2_Trypsin_HCD	NA	EAARGDPK.RHPTGEEEGGPGPAA.-	2	842.3793	1460.6656	1460.6656	731.3401	731.3401	1460.6643	731.3394	0.0013	0.0001243083	26.122	0	1	0	2	1	149	163	73674648	NA	NA	0	FALSE	FALSE	FALSE	12050	843.34705	12084	841.03406	845.21405	2.8820002	6	0.9273	14.0397
SF3B1	Trypsin_CAD	SLVEIIEHGLVDEQQKK	hESC	Trypsin_HCD	hesc_spectral_count	1	09apr2014_HESC_SCX16to25_RP20_sub.64411.64411.3	interact-09apr2014_HESC_SCX16to25_RP20_sub.pep.xml	ENST00000335508.11	ENSG00000115524.17	transitional_only	O75533	O75533	R	F	685	701	17	3	0	2	0	0	0	2	627	648	TTARAFAVVASALGIPSLLPFL	2097	GAAAGTT	51	Canonical	0.72	1.87	Yes	hungry_-2	700	yes	Trypsin_CAD_hESC_Trypsin_HCD	NA	CAILPHLR.SLVEIIEHGLVDEQQKK.FGPSVLWP	3	4226.0605	1964.0709	1964.0709	655.6976	655.6976	1964.0577	655.6932	0.0131	0.001646265	20.634	8.374	0.9938	0	2	1	685	701	7756214.5	NA	NA	0	FALSE	FALSE	TRUE	64406	4227.5913	64438	4225.335	4237.771	1.9520001	30	0.9163	70.4343
PPP1CC	Trypsin_CAD	SREIFLSQPILLELEAPLKK	hESC	Trypsin_HCD	hesc_spectral_count	1	09apr2014_HESC_SCX16to25_RP10_sub.83825.83825.4	interact-09apr2014_HESC_SCX16to25_RP10_sub.pep.xml	ENST00000546933.5	ENSG00000186298.12	transitional_only	No_uniprot_annotation	P36873	K	Y	51	70	20	4	0	4	0	0	0	4	1	20	MFLPLYLNLVLYFVFWLHWT	204	CAAAATA	48	Alternative	-0.14	1.91	Yes	hungry_-2	69	yes	Trypsin_CAD_hESC_Trypsin_HCD	NA	EIRGLCLK.SREIFLSQPILLELEAPLKK.YVVTSMDN	4	4815.59	2323.3596	2323.3596	581.8472	581.8472	2323.3513	581.8451	0.0083	3.053162e-06	32.561	9.196	0.9999	0	2	2	51	70	2279156.8	NA	NA	0	FALSE	FALSE	TRUE	83813	4815.954	83833	4813.1274	4816.2363	2.1560001	5	0.9396	80.2598
CYP2S1	Trypsin_CAD	SSPSLAPSCMTPTSSSTQK	hESC	Trypsin_HCD	hesc_spectral_count	1	09apr2014_HESC_SCX8to12_RP14_sub.20465.20465.2	interact-09apr2014_HESC_SCX8to12_RP14_sub.pep.xml	ENST00000310054.9	ENSG00000167600.14	frameshift_only	Q96SQ9	Q96SQ9	R	S	393	411	19	2	2	0	0	0	0	2	293	317	LMTVIYLLFAGTMTVSTTVGYTLLL	1107	GGGAATA	52	Canonical	-0.96	1.53	Yes	hungry_-2	370	yes	Trypsin_CAD_hESC_Trypsin_HCD	SSPSLAPSCMTPTSSSTQK	TPCPRARR.SSPSLAPSCMTPTSSSTQK.SSTQTVSW	2	2052.9841	1952.895	1952.895	977.4548	977.4548	1952.8818	977.4482	0.0131	0.0008805415	22.721	10.813	0.9743	0	2	0	393	411	5478335.5	9C(57.0215)	NA	0	FALSE	FALSE	TRUE	20459	2054.496	20483	2050.642	2059.58	1.6340001	28	0.966	34.2164
CYP2S1	Trypsin_CAD	SSTQTVSWMQMDGSGSMR	hESC	Trypsin_HCD	hesc_spectral_count	2	09apr2014_HESC_SCX8to12_RP1_sub.46181.46181.2	interact-09apr2014_HESC_SCX8to12_RP1_sub.pep.xml	ENST00000310054.9	ENSG00000167600.14	frameshift_only	Q96SQ9	Q96SQ9	K	R	412	429	18	2	2	0	0	0	0	2	293	317	LMTVIYLLFAGTMTVSTTVGYTLLL	1107	GGGAATA	52	Canonical	-0.96	1.53	Yes	hungry_-2	370	yes	Trypsin_CAD_hESC_Trypsin_HCD	NA	PTSSSTQK.SSTQTVSWMQMDGSGSMR.RSCPSP	2	3015.587	1974.8357	1974.8357	988.4251	988.4251	1974.8234	988.419	0.0123	0.0007555272	21.987	9.647	0.9937	0	2	0	412	429	1215398.8	NA	NA	0	FALSE	FALSE	TRUE	46173	3015.5251	46180	3014.8572	3017.53	1.4640001	3	0.9555	50.2598
CYP2S1	Trypsin_CAD	SSTQTVSWMQMDGSGSMR	hESC	Trypsin_HCD	hesc_spectral_count	2	09apr2014_HESC_SCX8to12_RP20_sub.33393.33393.2	interact-09apr2014_HESC_SCX8to12_RP20_sub.pep.xml	ENST00000310054.9	ENSG00000167600.14	frameshift_only	Q96SQ9	Q96SQ9	K	R	412	429	18	2	2	0	0	0	0	2	293	317	LMTVIYLLFAGTMTVSTTVGYTLLL	1107	GGGAATA	52	Canonical	-0.96	1.53	Yes	hungry_-2	370	yes	Trypsin_CAD_hESC_Trypsin_HCD	NA	PTSSSTQK.SSTQTVSWMQMDGSGSMR.RSCPSP	2	2936.9788	1974.8333	1974.8333	988.4239	988.4239	1974.8234	988.419	0.0098	0.001371671	20.951	9.873	0.9657	0	2	0	412	429	1918571.1	NA	NA	0	FALSE	FALSE	TRUE	33379	2937.0332	33394	2936.297	2938.112	1.815	3	0.9631	48.9496
CTSZ	Trypsin_CAD	SVTSLTNVGHAMNSK	GM12878	Trypsin_HCD	gm12878_spectral_count	1	GM12878_trypsin_30_sub.29515.29515.2	interact-GM12878_trypsin_30_sub.pep.xml	ENST00000217131.6	ENSG00000101160.15	frameshift_only	Q9UBR2	Q9UBR2	R	S	164	178	15	2	24	0	0	0	0	24	7	29	GWRPLLLLVLLAGAAQGGLYFRR	252	CATCCCC	55	Canonical	-0.66	2.41	Yes	hungry_-2	85	yes	Trypsin_CAD_GM12878_Trypsin_HCD	NA	TTTRPRTR.SVTSLTNVGHAMNSK.SATPSGTT	2	2505.0337	1544.7719	1544.7719	773.3932	773.3932	1544.7616	773.3881	0.0102	8.288958e-07	36.826	11.585	0.9965	0	2	0	164	178	704195.9	NA	NA	0	FALSE	FALSE	FALSE	29497	2507.2122	29551	2501.8772	2511.1172	6.287	13	0.9361	41.7506
HSP90B1	Trypsin_CAD	TDDEVVQREEEAIQLDGLK	hESC	Trypsin_HCD	hesc_spectral_count	1	09apr2014_HESC_SCX14to16_RP5_sub.54466.54466.3	interact-09apr2014_HESC_SCX14to16_RP5_sub.pep.xml	ENST00000299767.10	ENSG00000166598.16	transitional_only	P14625	P14625	R	C	44	62	19	3	0	22	0	0	0	22	1	21	MRALWVLGLCCVLLTFGSVRA	180	ATTAAAT	39	Canonical	-1.52	1.91	Yes	hungry_-1	61	yes	Trypsin_CAD_hESC_Trypsin_HCD	NA	GKSREGSR.TDDEVVQREEEAIQLDGLK.CITNKRT	3	3477.2803	2186.0837	2186.0837	729.7018	729.7018	2186.07	729.6973	0.0136	0.004133305	18.248	9.366	0.9875	0	2	1	44	62	1290218.8	NA	NA	0	FALSE	FALSE	FALSE	54450	3477.3481	54467	3475.5122	3478.2122	2.13	5	0.9545	57.9547
CTSZ	Trypsin_CAD	TSSTAVTLAPVK	GM12878	Trypsin_HCD	gm12878_spectral_count	1	GM12878_trypsin_23_sub.31689.31689.2	interact-GM12878_trypsin_23_sub.pep.xml	ENST00000217131.6	ENSG00000101160.15	frameshift_only	Q9UBR2	Q9UBR2	R	G	123	134	12	2	30	0	0	0	0	30	7	29	GWRPLLLLVLLAGAAQGGLYFRR	252	CATCCCC	55	Canonical	-0.66	2.41	Yes	hungry_-2	85	yes	Trypsin_CAD_GM12878_Trypsin_HCD	NA	PPPSCPCR.TSSTAVTLAPVK.GVMTCPCG	2	2656.7693	1173.6664	1173.6664	587.8405	587.8405	1173.6604	587.8375	0.0059	0.001827049	21.453	9.956	0.9816	0.00740740740741	2	0	123	134	9568874	NA	NA	0	FALSE	FALSE	FALSE	31681	2656.135	31681	2647.916	2665.0122	6.7000003	31	0.9873	44.2795
LPCAT1	Trypsin_CAD	VPVRPGFSQENSR	hESC	Trypsin_HCD	hesc_spectral_count	1	09apr2014_HESC_SCX16to25_RP15_sub.16275.16275.3	interact-09apr2014_HESC_SCX16to25_RP15_sub.pep.xml	ENST00000283415.4	ENSG00000153395.11	frameshift_only	Q8NF37	Q8NF37	R	R	176	188	13	3	4	0	0	0	0	4	51	75	LTLFPVRLLVAAAMMLLAWPLALVA	351	GAAGGGG	42	Canonical	-2.77	2.48	Yes	dual_-1	119	yes	Trypsin_CAD_hESC_Trypsin_HCD	NA	PVYTACVR.VPVRPGFSQENSR.RNQETGAV	3	1340.3439	1471.7635	1471.7635	491.5951	491.5951	1471.753	491.5916	0.0105	0.01450441	15.854	5.139	0.9541	0	2	1	176	188	4692518.5	NA	NA	0	FALSE	FALSE	FALSE	16228	1338.27	16228	1333.0691	1345.4281	9.221001	11	0.9723	22.3391
