gene_name	exp_group	peptide	cell_line	enz_act	ms_data_type	ms_data_value	prev_aa	next_aa	start	end	peptide_length	charges	ensembl_transcript_id	ensembl_gene_id	category	n_frameshift	n_transitional	n_zero_frame	n_zero_frame_with_minus_one_stop	n_zero_frame_with_minus_two_stop	n_total	tmd_start	tmd_end	tmd_seq	ss_nuc_start	ss_seq	tmd-SS_gap_size	ensembl_uniprot_annotation	blastp_uniprot_annotation	transcript_canonical_status	TMD_dG_app	SS_dG_fs	stem_loop_presence	fs_type	frame_transition	terminal_stop_codon
TIMP2	AspN_ETD	DIYGNPLSRGSSMRSSR	HeLa	AspN_ETD	hela_aspn_etd_spectral_count	1	N	-	60	76	17	4	ENST00000262768.11	ENSG00000035862.13	transitional_only	0	2	0	0	0	2	5	22	ARTLRLALGLLLLATLLR	192	CCCTATC	42	P16035	P16035	Canonical	-1.60	2.81	Yes	hungry_-2	65	yes
TIMP2	AspN_ETD	DIYGNPLSRGSSMRSSR	HeLa	AspN_ETD	hela_aspn_etd_intensity	6661872	N	-	60	76	17	4	ENST00000262768.11	ENSG00000035862.13	transitional_only	0	2	0	0	0	2	5	22	ARTLRLALGLLLLATLLR	192	CCCTATC	42	P16035	P16035	Canonical	-1.60	2.81	Yes	hungry_-2	65	yes
RPL4	LysC_CAD	GHRIEEVPELPLVVEDKK	HUVEC	LysC_HCD	huvec_lysc_hcd_spectral_count	1	K	L	47	64	18	4	ENST00000568588.5	ENSG00000174444.15	transitional_only	0	4	0	0	0	4	1	20	MCRGGRMFAPTKTWRRWHRR	186	TAAAGTT	42	No_uniprot_annotation	P36578	Alternative	6.78	2.42	Yes	hungry_-2	63	yes
RPL4	LysC_CAD	GHRIEEVPELPLVVEDKK	HeLa	LysC_HCD	hela_lysc_hcd_spectral_count	1	K	L	47	64	18	4	ENST00000568588.5	ENSG00000174444.15	transitional_only	0	4	0	0	0	4	1	20	MCRGGRMFAPTKTWRRWHRR	186	TAAAGTT	42	No_uniprot_annotation	P36578	Alternative	6.78	2.42	Yes	hungry_-2	63	yes
RPL4	LysC_CAD	GHRIEEVPELPLVVEDKK	HUVEC	LysC_HCD	huvec_lysc_hcd_intensity	400358560	K	L	47	64	18	4	ENST00000568588.5	ENSG00000174444.15	transitional_only	0	4	0	0	0	4	1	20	MCRGGRMFAPTKTWRRWHRR	186	TAAAGTT	42	No_uniprot_annotation	P36578	Alternative	6.78	2.42	Yes	hungry_-2	63	yes
RPL4	LysC_CAD	GHRIEEVPELPLVVEDKK	HeLa	LysC_HCD	hela_lysc_hcd_intensity	74304096	K	L	47	64	18	4	ENST00000568588.5	ENSG00000174444.15	transitional_only	0	4	0	0	0	4	1	20	MCRGGRMFAPTKTWRRWHRR	186	TAAAGTT	42	No_uniprot_annotation	P36578	Alternative	6.78	2.42	Yes	hungry_-2	63	yes
RPL4	LysC_CAD	GHRIEEVPELPLVVEDKK	HUVEC	LysC_HCD	huvec_lysc_hcd_max_lfq_intensity	400358560	K	L	47	64	18	4	ENST00000568588.5	ENSG00000174444.15	transitional_only	0	4	0	0	0	4	1	20	MCRGGRMFAPTKTWRRWHRR	186	TAAAGTT	42	No_uniprot_annotation	P36578	Alternative	6.78	2.42	Yes	hungry_-2	63	yes
RPL4	LysC_CAD	GHRIEEVPELPLVVEDKK	HeLa	LysC_HCD	hela_lysc_hcd_max_lfq_intensity	74304096	K	L	47	64	18	4	ENST00000568588.5	ENSG00000174444.15	transitional_only	0	4	0	0	0	4	1	20	MCRGGRMFAPTKTWRRWHRR	186	TAAAGTT	42	No_uniprot_annotation	P36578	Alternative	6.78	2.42	Yes	hungry_-2	63	yes
ASPH	LysC_CAD	LGIYDADGDGDFDVDDAKK	HeLa	LysC_HCD	hela_lysc_hcd_spectral_count	1	K	F	102	120	19	3	ENST00000379449.11	ENSG00000198363.18	transitional_only	0	28	0	0	0	28	54	78	FFTWFMVIALLGVWTSVAVVWFDLV	354	CAAAGTT	40	Q12797	Q12797	Alternative	-2.18	2.42	Yes	hungry_-2	119	yes
ASPH	LysC_CAD	LGIYDADGDGDFDVDDAKK	HeLa	LysC_HCD	hela_lysc_hcd_intensity	10277874	K	F	102	120	19	3	ENST00000379449.11	ENSG00000198363.18	transitional_only	0	28	0	0	0	28	54	78	FFTWFMVIALLGVWTSVAVVWFDLV	354	CAAAGTT	40	Q12797	Q12797	Alternative	-2.18	2.42	Yes	hungry_-2	119	yes
SLC16A3	LysC_ETD	LHKPPADSGVDLREVEHFL	GM12878	LysC_ETD	gm12878_lysc_etd_spectral_count	1	K	-	393	411	19	4	ENST00000580098.6	ENSG00000141526.18	frameshift_only	8	0	0	0	0	8	314	338	TAGDYGGLVVFCIFFGISYGMVGAL	1131	CCCAAAG	39	No_uniprot_annotation	O15427	Alternative	-0.25	2.89	Yes	dual_-1	379	no
SLC16A3	LysC_ETD	LHKPPADSGVDLREVEHFL	HepG2	LysC_ETD	hepg2_lysc_etd_spectral_count	2	K	-	393	411	19	4	ENST00000580098.6	ENSG00000141526.18	frameshift_only	8	0	0	0	0	8	314	338	TAGDYGGLVVFCIFFGISYGMVGAL	1131	CCCAAAG	39	No_uniprot_annotation	O15427	Alternative	-0.25	2.89	Yes	dual_-1	379	no
SLC16A3	LysC_ETD	LHKPPADSGVDLREVEHFL	GM12878	LysC_ETD	gm12878_lysc_etd_intensity	40628900	K	-	393	411	19	4	ENST00000580098.6	ENSG00000141526.18	frameshift_only	8	0	0	0	0	8	314	338	TAGDYGGLVVFCIFFGISYGMVGAL	1131	CCCAAAG	39	No_uniprot_annotation	O15427	Alternative	-0.25	2.89	Yes	dual_-1	379	no
SLC16A3	LysC_ETD	LHKPPADSGVDLREVEHFL	HepG2	LysC_ETD	hepg2_lysc_etd_intensity	442901280	K	-	393	411	19	4	ENST00000580098.6	ENSG00000141526.18	frameshift_only	8	0	0	0	0	8	314	338	TAGDYGGLVVFCIFFGISYGMVGAL	1131	CCCAAAG	39	No_uniprot_annotation	O15427	Alternative	-0.25	2.89	Yes	dual_-1	379	no
SLC16A3	LysC_ETD	LHKPPADSGVDLREVEHFL	GM12878	LysC_ETD	gm12878_lysc_etd_max_lfq_intensity	40628900	K	-	393	411	19	4	ENST00000580098.6	ENSG00000141526.18	frameshift_only	8	0	0	0	0	8	314	338	TAGDYGGLVVFCIFFGISYGMVGAL	1131	CCCAAAG	39	No_uniprot_annotation	O15427	Alternative	-0.25	2.89	Yes	dual_-1	379	no
SLC16A3	LysC_ETD	LHKPPADSGVDLREVEHFL	HepG2	LysC_ETD	hepg2_lysc_etd_max_lfq_intensity	442901280	K	-	393	411	19	4	ENST00000580098.6	ENSG00000141526.18	frameshift_only	8	0	0	0	0	8	314	338	TAGDYGGLVVFCIFFGISYGMVGAL	1131	CCCAAAG	39	No_uniprot_annotation	O15427	Alternative	-0.25	2.89	Yes	dual_-1	379	no
TNFRSF18	LysN_CAD	KGAAGRPVGV	GM12878	LysN_HCD	gm12878_lysn_hcd_spectral_count	1	E	-	226	235	10	2	ENST00000379265.5	ENSG00000186891.14	transitional_only	0	24	0	0	0	24	163	187	LGWLTVVLLAVAACVLLLTSAQLGL	675	GAAGGGG	38	Q9Y5U5	Q9Y5U5	Alternative	-2.88	2.48	Yes	dual_-1	227	no
TNFRSF18	LysN_CAD	KGAAGRPVGV	GM12878	LysN_HCD	gm12878_lysn_hcd_intensity	299501.28	E	-	226	235	10	2	ENST00000379265.5	ENSG00000186891.14	transitional_only	0	24	0	0	0	24	163	187	LGWLTVVLLAVAACVLLLTSAQLGL	675	GAAGGGG	38	Q9Y5U5	Q9Y5U5	Alternative	-2.88	2.48	Yes	dual_-1	227	no
PDIA3	LysN_ETD	KRLAPEYEAAATRLKGIVPLS	HUVEC	LysN_ETD	huvec_lysn_etd_spectral_count	1	C	K	61	81	21	4	ENST00000300289.10	ENSG00000167004.14	transitional_only	0	32	0	0	0	32	1	24	MRLRRLALFPGVALLLAAARLAAA	234	CCCATTA	54	P30101	P30101	Canonical	-1.76	2.37	Yes	dual_-1	80	yes
PDIA3	LysN_ETD	KRLAPEYEAAATRLKGIVPLS	K562	LysN_ETD	k562_lysn_etd_spectral_count	1	C	K	61	81	21	4	ENST00000300289.10	ENSG00000167004.14	transitional_only	0	32	0	0	0	32	1	24	MRLRRLALFPGVALLLAAARLAAA	234	CCCATTA	54	P30101	P30101	Canonical	-1.76	2.37	Yes	dual_-1	80	yes
PDIA3	LysN_ETD	KRLAPEYEAAATRLKGIVPLS	hESC	LysN_ETD	hesc_lysn_etd_spectral_count	1	C	K	61	81	21	4	ENST00000300289.10	ENSG00000167004.14	transitional_only	0	32	0	0	0	32	1	24	MRLRRLALFPGVALLLAAARLAAA	234	CCCATTA	54	P30101	P30101	Canonical	-1.76	2.37	Yes	dual_-1	80	yes
PDIA3	LysN_ETD	KRLAPEYEAAATRLKGIVPLS	HUVEC	LysN_ETD	huvec_lysn_etd_intensity	811572800	C	K	61	81	21	4	ENST00000300289.10	ENSG00000167004.14	transitional_only	0	32	0	0	0	32	1	24	MRLRRLALFPGVALLLAAARLAAA	234	CCCATTA	54	P30101	P30101	Canonical	-1.76	2.37	Yes	dual_-1	80	yes
PDIA3	LysN_ETD	KRLAPEYEAAATRLKGIVPLS	K562	LysN_ETD	k562_lysn_etd_intensity	70910216	C	K	61	81	21	4	ENST00000300289.10	ENSG00000167004.14	transitional_only	0	32	0	0	0	32	1	24	MRLRRLALFPGVALLLAAARLAAA	234	CCCATTA	54	P30101	P30101	Canonical	-1.76	2.37	Yes	dual_-1	80	yes
PDIA3	LysN_ETD	KRLAPEYEAAATRLKGIVPLS	hESC	LysN_ETD	hesc_lysn_etd_intensity	20232326	C	K	61	81	21	4	ENST00000300289.10	ENSG00000167004.14	transitional_only	0	32	0	0	0	32	1	24	MRLRRLALFPGVALLLAAARLAAA	234	CCCATTA	54	P30101	P30101	Canonical	-1.76	2.37	Yes	dual_-1	80	yes
PDIA3	LysN_ETD	KRLAPEYEAAATRLKGIVPLS	HUVEC	LysN_ETD	huvec_lysn_etd_max_lfq_intensity	811572800	C	K	61	81	21	4	ENST00000300289.10	ENSG00000167004.14	transitional_only	0	32	0	0	0	32	1	24	MRLRRLALFPGVALLLAAARLAAA	234	CCCATTA	54	P30101	P30101	Canonical	-1.76	2.37	Yes	dual_-1	80	yes
PDIA3	LysN_ETD	KRLAPEYEAAATRLKGIVPLS	K562	LysN_ETD	k562_lysn_etd_max_lfq_intensity	70910216	C	K	61	81	21	4	ENST00000300289.10	ENSG00000167004.14	transitional_only	0	32	0	0	0	32	1	24	MRLRRLALFPGVALLLAAARLAAA	234	CCCATTA	54	P30101	P30101	Canonical	-1.76	2.37	Yes	dual_-1	80	yes
PDIA3	LysN_ETD	KRLAPEYEAAATRLKGIVPLS	hESC	LysN_ETD	hesc_lysn_etd_max_lfq_intensity	20232326	C	K	61	81	21	4	ENST00000300289.10	ENSG00000167004.14	transitional_only	0	32	0	0	0	32	1	24	MRLRRLALFPGVALLLAAARLAAA	234	CCCATTA	54	P30101	P30101	Canonical	-1.76	2.37	Yes	dual_-1	80	yes
PDIA6	Trypsin_CAD	AATALKDVVKK	HeLa	Trypsin_HCD	hela_spectral_count	1	K	L	68	78	11	2	ENST00000272227.8	ENSG00000143870.13	transitional_only	0	12	0	0	0	12	1	21	MALLVLGLVSCTFFLAVNGLY	228	CAAAGTT	55	Q15084	Q15084	Canonical	-0.63	2.42	Yes	hungry_-2	77	yes
PDIA6	Trypsin_CAD	AATALKDVVKK	HepG2	Trypsin_HCD	hepg2_spectral_count	2	K	L	68	78	11	2	ENST00000272227.8	ENSG00000143870.13	transitional_only	0	12	0	0	0	12	1	21	MALLVLGLVSCTFFLAVNGLY	228	CAAAGTT	55	Q15084	Q15084	Canonical	-0.63	2.42	Yes	hungry_-2	77	yes
PDIA6	Trypsin_CAD	AATALKDVVKK	HeLa	Trypsin_HCD	hela_intensity	5182350.5	K	L	68	78	11	2	ENST00000272227.8	ENSG00000143870.13	transitional_only	0	12	0	0	0	12	1	21	MALLVLGLVSCTFFLAVNGLY	228	CAAAGTT	55	Q15084	Q15084	Canonical	-0.63	2.42	Yes	hungry_-2	77	yes
PDIA6	Trypsin_CAD	AATALKDVVKK	HepG2	Trypsin_HCD	hepg2_intensity	95025456	K	L	68	78	11	2	ENST00000272227.8	ENSG00000143870.13	transitional_only	0	12	0	0	0	12	1	21	MALLVLGLVSCTFFLAVNGLY	228	CAAAGTT	55	Q15084	Q15084	Canonical	-0.63	2.42	Yes	hungry_-2	77	yes
PDIA6	Trypsin_CAD	AATALKDVVKK	HeLa	Trypsin_HCD	hela_max_lfq_intensity	5182350.5	K	L	68	78	11	2	ENST00000272227.8	ENSG00000143870.13	transitional_only	0	12	0	0	0	12	1	21	MALLVLGLVSCTFFLAVNGLY	228	CAAAGTT	55	Q15084	Q15084	Canonical	-0.63	2.42	Yes	hungry_-2	77	yes
PDIA6	Trypsin_CAD	AATALKDVVKK	HepG2	Trypsin_HCD	hepg2_max_lfq_intensity	95025456	K	L	68	78	11	2	ENST00000272227.8	ENSG00000143870.13	transitional_only	0	12	0	0	0	12	1	21	MALLVLGLVSCTFFLAVNGLY	228	CAAAGTT	55	Q15084	Q15084	Canonical	-0.63	2.42	Yes	hungry_-2	77	yes
SERPINF2	Trypsin_CAD	CSEPHVAEAATGAAR	HepG2	Trypsin_HCD	hepg2_spectral_count	1	R	R	124	138	15	3	ENST00000453066.6	ENSG00000167711.14	frameshift_only	8	0	0	0	0	8	1	17	MALLWGLLVLSWSCLQG	195	TCCCCCA	48	P08697	P08697	Canonical	1.10	2.52	Yes	dual_-1	67	yes
PPP1CC	Trypsin_CAD	EIFLSQPILLELEAPLKK	K562	Trypsin_HCD	k562_spectral_count	1	R	Y	53	70	18	3	ENST00000546933.5	ENSG00000186298.12	transitional_only	0	2	0	0	0	2	1	20	MFLPLYLNLVLYFVFWLHWT	204	CAAAATA	48	No_uniprot_annotation	P36873	Alternative	-0.14	1.91	Yes	hungry_-2	69	yes
PPP1CC	Trypsin_CAD	EIFLSQPILLELEAPLKK	K562	Trypsin_HCD	k562_intensity	43257216	R	Y	53	70	18	3	ENST00000546933.5	ENSG00000186298.12	transitional_only	0	2	0	0	0	2	1	20	MFLPLYLNLVLYFVFWLHWT	204	CAAAATA	48	No_uniprot_annotation	P36873	Alternative	-0.14	1.91	Yes	hungry_-2	69	yes
LPCAT1	Trypsin_CAD	EQRHPDLGNSDPVYTACVR	hESC	Trypsin_HCD	hesc_spectral_count	1	R	V	157	175	19	4	ENST00000283415.4	ENSG00000153395.11	frameshift_only	4	0	0	0	0	4	51	75	LTLFPVRLLVAAAMMLLAWPLALVA	351	GAAGGGG	42	Q8NF37	Q8NF37	Canonical	-2.77	2.48	Yes	dual_-1	119	yes
LPCAT1	Trypsin_CAD	EQRHPDLGNSDPVYTACVR	hESC	Trypsin_HCD	hesc_intensity	2727571	R	V	157	175	19	4	ENST00000283415.4	ENSG00000153395.11	frameshift_only	4	0	0	0	0	4	51	75	LTLFPVRLLVAAAMMLLAWPLALVA	351	GAAGGGG	42	Q8NF37	Q8NF37	Canonical	-2.77	2.48	Yes	dual_-1	119	yes
DPP7	Trypsin_CAD	GAHLLLHWER	HeLa	Trypsin_HCD	hela_spectral_count	1	R	G	68	77	10	3	ENST00000706878.1	ENSG00000176978.16	transitional_only	0	2	0	0	0	2	4	19	APWAPVLLLALGLRGL	201	GGGCCCA	48	No_uniprot_annotation	Q9UHL4	Alternative	1.20	1.55	Yes	hungry_-2	68	no
DPP7	Trypsin_CAD	GAHLLLHWER	HeLa	Trypsin_HCD	hela_intensity	7238674.5	R	G	68	77	10	3	ENST00000706878.1	ENSG00000176978.16	transitional_only	0	2	0	0	0	2	4	19	APWAPVLLLALGLRGL	201	GGGCCCA	48	No_uniprot_annotation	Q9UHL4	Alternative	1.20	1.55	Yes	hungry_-2	68	no
SLC39A6	Trypsin_CAD	GPLFSHLSSQNIEESAYFDSTWKR	hESC	Trypsin_HCD	hesc_spectral_count	1	R	V	401	424	24	4	ENST00000269187.10	ENSG00000141424.13	transitional_only	0	4	0	0	0	4	351	375	RVFFKFLLSFLVALAVGTLSGDAFL	1266	GAAGGGT	47	Q13433	Q13433	Canonical	-0.87	2.74	Yes	hungry_-2	423	yes
SLC39A6	Trypsin_CAD	GPLFSHLSSQNIEESAYFDSTWKR	hESC	Trypsin_HCD	hesc_intensity	2261736.5	R	V	401	424	24	4	ENST00000269187.10	ENSG00000141424.13	transitional_only	0	4	0	0	0	4	351	375	RVFFKFLLSFLVALAVGTLSGDAFL	1266	GAAGGGT	47	Q13433	Q13433	Canonical	-0.87	2.74	Yes	hungry_-2	423	yes
LPCAT1	Trypsin_CAD	HPDLGNSDPVYTACVR	hESC	Trypsin_HCD	hesc_spectral_count	2	R	V	160	175	16	2,3	ENST00000283415.4	ENSG00000153395.11	frameshift_only	4	0	0	0	0	4	51	75	LTLFPVRLLVAAAMMLLAWPLALVA	351	GAAGGGG	42	Q8NF37	Q8NF37	Canonical	-2.77	2.48	Yes	dual_-1	119	yes
LPCAT1	Trypsin_CAD	HPDLGNSDPVYTACVR	hESC	Trypsin_HCD	hesc_intensity	16166495	R	V	160	175	16	2,3	ENST00000283415.4	ENSG00000153395.11	frameshift_only	4	0	0	0	0	4	51	75	LTLFPVRLLVAAAMMLLAWPLALVA	351	GAAGGGG	42	Q8NF37	Q8NF37	Canonical	-2.77	2.48	Yes	dual_-1	119	yes
RPL4	Trypsin_CAD	IEEVPELPLVVEDKK	HUVEC	Trypsin_HCD	huvec_spectral_count	1	R	L	50	64	15	3	ENST00000568588.5	ENSG00000174444.15	transitional_only	0	2	0	0	0	2	1	20	MCRGGRMFAPTKTWRRWHRR	186	TAAAGTT	42	No_uniprot_annotation	P36578	Alternative	6.78	2.42	Yes	hungry_-2	63	yes
RPL4	Trypsin_CAD	IEEVPELPLVVEDKK	HeLa	Trypsin_HCD	hela_spectral_count	2	R	L	50	64	15	3	ENST00000568588.5	ENSG00000174444.15	transitional_only	0	2	0	0	0	2	1	20	MCRGGRMFAPTKTWRRWHRR	186	TAAAGTT	42	No_uniprot_annotation	P36578	Alternative	6.78	2.42	Yes	hungry_-2	63	yes
RPL4	Trypsin_CAD	IEEVPELPLVVEDKK	K562	Trypsin_HCD	k562_spectral_count	1	R	L	50	64	15	3	ENST00000568588.5	ENSG00000174444.15	transitional_only	0	2	0	0	0	2	1	20	MCRGGRMFAPTKTWRRWHRR	186	TAAAGTT	42	No_uniprot_annotation	P36578	Alternative	6.78	2.42	Yes	hungry_-2	63	yes
RPL4	Trypsin_CAD	IEEVPELPLVVEDKK	hESC	Trypsin_HCD	hesc_spectral_count	1	R	L	50	64	15	3	ENST00000568588.5	ENSG00000174444.15	transitional_only	0	2	0	0	0	2	1	20	MCRGGRMFAPTKTWRRWHRR	186	TAAAGTT	42	No_uniprot_annotation	P36578	Alternative	6.78	2.42	Yes	hungry_-2	63	yes
RPL4	Trypsin_CAD	IEEVPELPLVVEDKK	HUVEC	Trypsin_HCD	huvec_intensity	3795348.8	R	L	50	64	15	3	ENST00000568588.5	ENSG00000174444.15	transitional_only	0	2	0	0	0	2	1	20	MCRGGRMFAPTKTWRRWHRR	186	TAAAGTT	42	No_uniprot_annotation	P36578	Alternative	6.78	2.42	Yes	hungry_-2	63	yes
RPL4	Trypsin_CAD	IEEVPELPLVVEDKK	HeLa	Trypsin_HCD	hela_intensity	1564613	R	L	50	64	15	3	ENST00000568588.5	ENSG00000174444.15	transitional_only	0	2	0	0	0	2	1	20	MCRGGRMFAPTKTWRRWHRR	186	TAAAGTT	42	No_uniprot_annotation	P36578	Alternative	6.78	2.42	Yes	hungry_-2	63	yes
RPL4	Trypsin_CAD	IEEVPELPLVVEDKK	K562	Trypsin_HCD	k562_intensity	8017891.5	R	L	50	64	15	3	ENST00000568588.5	ENSG00000174444.15	transitional_only	0	2	0	0	0	2	1	20	MCRGGRMFAPTKTWRRWHRR	186	TAAAGTT	42	No_uniprot_annotation	P36578	Alternative	6.78	2.42	Yes	hungry_-2	63	yes
RPL4	Trypsin_CAD	IEEVPELPLVVEDKK	hESC	Trypsin_HCD	hesc_intensity	23188558	R	L	50	64	15	3	ENST00000568588.5	ENSG00000174444.15	transitional_only	0	2	0	0	0	2	1	20	MCRGGRMFAPTKTWRRWHRR	186	TAAAGTT	42	No_uniprot_annotation	P36578	Alternative	6.78	2.42	Yes	hungry_-2	63	yes
RPL4	Trypsin_CAD	IEEVPELPLVVEDKK	HUVEC	Trypsin_HCD	huvec_max_lfq_intensity	3795348.8	R	L	50	64	15	3	ENST00000568588.5	ENSG00000174444.15	transitional_only	0	2	0	0	0	2	1	20	MCRGGRMFAPTKTWRRWHRR	186	TAAAGTT	42	No_uniprot_annotation	P36578	Alternative	6.78	2.42	Yes	hungry_-2	63	yes
RPL4	Trypsin_CAD	IEEVPELPLVVEDKK	HeLa	Trypsin_HCD	hela_max_lfq_intensity	1564613	R	L	50	64	15	3	ENST00000568588.5	ENSG00000174444.15	transitional_only	0	2	0	0	0	2	1	20	MCRGGRMFAPTKTWRRWHRR	186	TAAAGTT	42	No_uniprot_annotation	P36578	Alternative	6.78	2.42	Yes	hungry_-2	63	yes
RPL4	Trypsin_CAD	IEEVPELPLVVEDKK	K562	Trypsin_HCD	k562_max_lfq_intensity	8017891.5	R	L	50	64	15	3	ENST00000568588.5	ENSG00000174444.15	transitional_only	0	2	0	0	0	2	1	20	MCRGGRMFAPTKTWRRWHRR	186	TAAAGTT	42	No_uniprot_annotation	P36578	Alternative	6.78	2.42	Yes	hungry_-2	63	yes
RPL4	Trypsin_CAD	IEEVPELPLVVEDKK	hESC	Trypsin_HCD	hesc_max_lfq_intensity	23188558	R	L	50	64	15	3	ENST00000568588.5	ENSG00000174444.15	transitional_only	0	2	0	0	0	2	1	20	MCRGGRMFAPTKTWRRWHRR	186	TAAAGTT	42	No_uniprot_annotation	P36578	Alternative	6.78	2.42	Yes	hungry_-2	63	yes
DEFA6	Trypsin_CAD	IFLWDLHCHGY	HUVEC	Trypsin_HCD	huvec_spectral_count	1	R	-	83	93	11	2	ENST00000297436.3	ENSG00000164822.5	frameshift_only	8	0	0	0	0	8	1	19	MRTLTILTAVLLVALQAKA	189	TTTGGGC	44	Q01524	Q01524	Canonical	0.16	2.75	Yes	dual_-1	65	yes
DEFA6	Trypsin_CAD	IFLWDLHCHGY	HUVEC	Trypsin_HCD	huvec_intensity	13717791	R	-	83	93	11	2	ENST00000297436.3	ENSG00000164822.5	frameshift_only	8	0	0	0	0	8	1	19	MRTLTILTAVLLVALQAKA	189	TTTGGGC	44	Q01524	Q01524	Canonical	0.16	2.75	Yes	dual_-1	65	yes
SLC3A2	Trypsin_CAD	IGDLQAFQGHGAGNLAGLKR	HeLa	Trypsin_HCD	hela_spectral_count	1	R	G	126	145	20	3,4	ENST00000338663.12	ENSG00000168003.19	transitional_only	0	28	0	0	0	28	82	106	WALLLLFWLGWLGMLAGAVVIIVRA	429	GAAGGGG	37	P08195	P08195	Canonical	-3.20	2.48	Yes	hungry_-2	144	yes
SLC3A2	Trypsin_CAD	IGDLQAFQGHGAGNLAGLKR	hESC	Trypsin_HCD	hesc_spectral_count	2	R	G	126	145	20	3,4	ENST00000338663.12	ENSG00000168003.19	transitional_only	0	28	0	0	0	28	82	106	WALLLLFWLGWLGMLAGAVVIIVRA	429	GAAGGGG	37	P08195	P08195	Canonical	-3.20	2.48	Yes	hungry_-2	144	yes
SLC3A2	Trypsin_CAD	IGDLQAFQGHGAGNLAGLKR	HeLa	Trypsin_HCD	hela_intensity	11303018	R	G	126	145	20	3,4	ENST00000338663.12	ENSG00000168003.19	transitional_only	0	28	0	0	0	28	82	106	WALLLLFWLGWLGMLAGAVVIIVRA	429	GAAGGGG	37	P08195	P08195	Canonical	-3.20	2.48	Yes	hungry_-2	144	yes
SLC3A2	Trypsin_CAD	IGDLQAFQGHGAGNLAGLKR	hESC	Trypsin_HCD	hesc_intensity	32778272	R	G	126	145	20	3,4	ENST00000338663.12	ENSG00000168003.19	transitional_only	0	28	0	0	0	28	82	106	WALLLLFWLGWLGMLAGAVVIIVRA	429	GAAGGGG	37	P08195	P08195	Canonical	-3.20	2.48	Yes	hungry_-2	144	yes
SLC3A2	Trypsin_CAD	IGDLQAFQGHGAGNLAGLKR	HeLa	Trypsin_HCD	hela_max_lfq_intensity	11303018	R	G	126	145	20	3,4	ENST00000338663.12	ENSG00000168003.19	transitional_only	0	28	0	0	0	28	82	106	WALLLLFWLGWLGMLAGAVVIIVRA	429	GAAGGGG	37	P08195	P08195	Canonical	-3.20	2.48	Yes	hungry_-2	144	yes
SLC3A2	Trypsin_CAD	IGDLQAFQGHGAGNLAGLKR	hESC	Trypsin_HCD	hesc_max_lfq_intensity	32778272	R	G	126	145	20	3,4	ENST00000338663.12	ENSG00000168003.19	transitional_only	0	28	0	0	0	28	82	106	WALLLLFWLGWLGMLAGAVVIIVRA	429	GAAGGGG	37	P08195	P08195	Canonical	-3.20	2.48	Yes	hungry_-2	144	yes
COX7A2	Trypsin_CAD	LFQEDDEIPLYLKR	HepG2	Trypsin_HCD	hepg2_spectral_count	1	K	V	66	79	14	3	ENST00000370081.6	ENSG00000112695.13	transitional_only	0	2	0	0	0	2	11	31	VPAWPFSLVVFSCGGCWSVTA	231	AAAGGGT	46	No_uniprot_annotation	P14406	Alternative	1.68	2.36	Yes	hungry_-2	78	yes
COX7A2	Trypsin_CAD	LFQEDDEIPLYLKR	HepG2	Trypsin_HCD	hepg2_intensity	19203342	K	V	66	79	14	3	ENST00000370081.6	ENSG00000112695.13	transitional_only	0	2	0	0	0	2	11	31	VPAWPFSLVVFSCGGCWSVTA	231	AAAGGGT	46	No_uniprot_annotation	P14406	Alternative	1.68	2.36	Yes	hungry_-2	78	yes
DNAJC10	Trypsin_CAD	LHPDKNPNNPNAHGDFLKK	HeLa	Trypsin_HCD	hela_spectral_count	1	K	-	62	80	19	4	ENST00000264065.12	ENSG00000077232.19	transitional_only	0	40	0	0	0	40	14	32	LKRIILCFLIVYMAILVGT	234	AAAAATA	46	Q8IXB1	Q8IXB1	Canonical	-1.65	0.98	Yes	hungry_-2	79	yes
DNAJC10	Trypsin_CAD	LHPDKNPNNPNAHGDFLKK	HeLa	Trypsin_HCD	hela_intensity	6944019.5	K	-	62	80	19	4	ENST00000264065.12	ENSG00000077232.19	transitional_only	0	40	0	0	0	40	14	32	LKRIILCFLIVYMAILVGT	234	AAAAATA	46	Q8IXB1	Q8IXB1	Canonical	-1.65	0.98	Yes	hungry_-2	79	yes
SEC63	Trypsin_CAD	LIMVLAGASEFDPQYNKR	HeLa	Trypsin_HCD	hela_spectral_count	1	R	C	246	263	18	2,3	ENST00000369002.9	ENSG00000025796.14	transitional_only	0	2	0	0	0	2	190	214	ILVLLVYGLAFMVILPVVVGSWWYR	780	TAATAAA	46	Q9UGP8	Q9UGP8	Canonical	-3.02	2.74	Yes	dual_-1	262	yes
SEC63	Trypsin_CAD	LIMVLAGASEFDPQYNKR	hESC	Trypsin_HCD	hesc_spectral_count	9	R	C	246	263	18	2,3	ENST00000369002.9	ENSG00000025796.14	transitional_only	0	2	0	0	0	2	190	214	ILVLLVYGLAFMVILPVVVGSWWYR	780	TAATAAA	46	Q9UGP8	Q9UGP8	Canonical	-3.02	2.74	Yes	dual_-1	262	yes
SEC63	Trypsin_CAD	LIMVLAGASEFDPQYNKR	HeLa	Trypsin_HCD	hela_intensity	10596300	R	C	246	263	18	2,3	ENST00000369002.9	ENSG00000025796.14	transitional_only	0	2	0	0	0	2	190	214	ILVLLVYGLAFMVILPVVVGSWWYR	780	TAATAAA	46	Q9UGP8	Q9UGP8	Canonical	-3.02	2.74	Yes	dual_-1	262	yes
SEC63	Trypsin_CAD	LIMVLAGASEFDPQYNKR	hESC	Trypsin_HCD	hesc_intensity	158440224	R	C	246	263	18	2,3	ENST00000369002.9	ENSG00000025796.14	transitional_only	0	2	0	0	0	2	190	214	ILVLLVYGLAFMVILPVVVGSWWYR	780	TAATAAA	46	Q9UGP8	Q9UGP8	Canonical	-3.02	2.74	Yes	dual_-1	262	yes
SEC63	Trypsin_CAD	LIMVLAGASEFDPQYNKR	HeLa	Trypsin_HCD	hela_max_lfq_intensity	10596300	R	C	246	263	18	2,3	ENST00000369002.9	ENSG00000025796.14	transitional_only	0	2	0	0	0	2	190	214	ILVLLVYGLAFMVILPVVVGSWWYR	780	TAATAAA	46	Q9UGP8	Q9UGP8	Canonical	-3.02	2.74	Yes	dual_-1	262	yes
SEC63	Trypsin_CAD	LIMVLAGASEFDPQYNKR	hESC	Trypsin_HCD	hesc_max_lfq_intensity	152399472	R	C	246	263	18	2,3	ENST00000369002.9	ENSG00000025796.14	transitional_only	0	2	0	0	0	2	190	214	ILVLLVYGLAFMVILPVVVGSWWYR	780	TAATAAA	46	Q9UGP8	Q9UGP8	Canonical	-3.02	2.74	Yes	dual_-1	262	yes
ID1	Trypsin_CAD	LLLTPQGAGAHPAPEPQGEQGGDSPAR	HeLa	Trypsin_HCD	hela_spectral_count	2	R	H	72	98	27	3	ENST00000376105.4	ENSG00000125968.10	frameshift_only	4	0	0	0	0	4	3	21	VASGSTATAAAGPSCALKA	183	GGTAAAC	40	P41134	P41134	Alternative	5.02	2.82	Yes	dual_-1	63	no
ID1	Trypsin_CAD	LLLTPQGAGAHPAPEPQGEQGGDSPAR	HeLa	Trypsin_HCD	hela_intensity	3220250.2	R	H	72	98	27	3	ENST00000376105.4	ENSG00000125968.10	frameshift_only	4	0	0	0	0	4	3	21	VASGSTATAAAGPSCALKA	183	GGTAAAC	40	P41134	P41134	Alternative	5.02	2.82	Yes	dual_-1	63	no
MFAP5	Trypsin_CAD	NLPAQGSTLCIGR	HeLa	Trypsin_HCD	hela_spectral_count	1	R	L	89	101	13	2	ENST00000359478.7	ENSG00000197614.11	frameshift_only	16	0	0	0	0	16	3	24	LLGPKVLLFLAAFIITSDWIPL	228	TGAAAAA	52	Q13361	Q13361	Canonical	-0.16	2.46	Yes	hungry_-2	77	yes
MFAP5	Trypsin_CAD	NLPAQGSTLCIGR	HeLa	Trypsin_HCD	hela_intensity	8235467.5	R	L	89	101	13	2	ENST00000359478.7	ENSG00000197614.11	frameshift_only	16	0	0	0	0	16	3	24	LLGPKVLLFLAAFIITSDWIPL	228	TGAAAAA	52	Q13361	Q13361	Canonical	-0.16	2.46	Yes	hungry_-2	77	yes
LPCAT1	Trypsin_CAD	QDLPNYLQTWCIHPWSAR	hESC	Trypsin_HCD	hesc_spectral_count	1	K	P	214	231	18	3	ENST00000283415.4	ENSG00000153395.11	frameshift_only	4	0	0	0	0	4	51	75	LTLFPVRLLVAAAMMLLAWPLALVA	351	GAAGGGG	42	Q8NF37	Q8NF37	Canonical	-2.77	2.48	Yes	dual_-1	119	yes
LPCAT1	Trypsin_CAD	QDLPNYLQTWCIHPWSAR	hESC	Trypsin_HCD	hesc_intensity	19342678	K	P	214	231	18	3	ENST00000283415.4	ENSG00000153395.11	frameshift_only	4	0	0	0	0	4	51	75	LTLFPVRLLVAAAMMLLAWPLALVA	351	GAAGGGG	42	Q8NF37	Q8NF37	Canonical	-2.77	2.48	Yes	dual_-1	119	yes
MAN1A1	Trypsin_CAD	RHPTGEEEGGPGPAA	HepG2	Trypsin_HCD	hepg2_spectral_count	1	K	-	149	163	15	2	ENST00000368468.4	ENSG00000111885.7	frameshift_only	16	0	0	0	0	16	38	62	LTEKFVLLLVFSAFITLCFGAIFFL	318	GGAGGGG	44	P33908	P33908	Canonical	-2.85	2.65	Yes	dual_-1	108	yes
MAN1A1	Trypsin_CAD	RHPTGEEEGGPGPAA	HepG2	Trypsin_HCD	hepg2_intensity	73674648	K	-	149	163	15	2	ENST00000368468.4	ENSG00000111885.7	frameshift_only	16	0	0	0	0	16	38	62	LTEKFVLLLVFSAFITLCFGAIFFL	318	GGAGGGG	44	P33908	P33908	Canonical	-2.85	2.65	Yes	dual_-1	108	yes
SF3B1	Trypsin_CAD	SLVEIIEHGLVDEQQKK	hESC	Trypsin_HCD	hesc_spectral_count	1	R	F	685	701	17	3	ENST00000335508.11	ENSG00000115524.17	transitional_only	0	2	0	0	0	2	627	648	TTARAFAVVASALGIPSLLPFL	2097	GAAAGTT	51	O75533	O75533	Canonical	0.72	1.87	Yes	hungry_-2	700	yes
SF3B1	Trypsin_CAD	SLVEIIEHGLVDEQQKK	hESC	Trypsin_HCD	hesc_intensity	7756214.5	R	F	685	701	17	3	ENST00000335508.11	ENSG00000115524.17	transitional_only	0	2	0	0	0	2	627	648	TTARAFAVVASALGIPSLLPFL	2097	GAAAGTT	51	O75533	O75533	Canonical	0.72	1.87	Yes	hungry_-2	700	yes
PPP1CC	Trypsin_CAD	SREIFLSQPILLELEAPLKK	hESC	Trypsin_HCD	hesc_spectral_count	1	K	Y	51	70	20	4	ENST00000546933.5	ENSG00000186298.12	transitional_only	0	4	0	0	0	4	1	20	MFLPLYLNLVLYFVFWLHWT	204	CAAAATA	48	No_uniprot_annotation	P36873	Alternative	-0.14	1.91	Yes	hungry_-2	69	yes
PPP1CC	Trypsin_CAD	SREIFLSQPILLELEAPLKK	hESC	Trypsin_HCD	hesc_intensity	2279156.8	K	Y	51	70	20	4	ENST00000546933.5	ENSG00000186298.12	transitional_only	0	4	0	0	0	4	1	20	MFLPLYLNLVLYFVFWLHWT	204	CAAAATA	48	No_uniprot_annotation	P36873	Alternative	-0.14	1.91	Yes	hungry_-2	69	yes
CYP2S1	Trypsin_CAD	SSPSLAPSCMTPTSSSTQK	hESC	Trypsin_HCD	hesc_spectral_count	1	R	S	393	411	19	2	ENST00000310054.9	ENSG00000167600.14	frameshift_only	2	0	0	0	0	2	293	317	LMTVIYLLFAGTMTVSTTVGYTLLL	1107	GGGAATA	52	Q96SQ9	Q96SQ9	Canonical	-0.96	1.53	Yes	hungry_-2	370	yes
CYP2S1	Trypsin_CAD	SSPSLAPSCMTPTSSSTQK	hESC	Trypsin_HCD	hesc_intensity	5478335.5	R	S	393	411	19	2	ENST00000310054.9	ENSG00000167600.14	frameshift_only	2	0	0	0	0	2	293	317	LMTVIYLLFAGTMTVSTTVGYTLLL	1107	GGGAATA	52	Q96SQ9	Q96SQ9	Canonical	-0.96	1.53	Yes	hungry_-2	370	yes
CYP2S1	Trypsin_CAD	SSTQTVSWMQMDGSGSMR	hESC	Trypsin_HCD	hesc_spectral_count	2	K	R	412	429	18	2	ENST00000310054.9	ENSG00000167600.14	frameshift_only	2	0	0	0	0	2	293	317	LMTVIYLLFAGTMTVSTTVGYTLLL	1107	GGGAATA	52	Q96SQ9	Q96SQ9	Canonical	-0.96	1.53	Yes	hungry_-2	370	yes
CYP2S1	Trypsin_CAD	SSTQTVSWMQMDGSGSMR	hESC	Trypsin_HCD	hesc_intensity	1918571.1	K	R	412	429	18	2	ENST00000310054.9	ENSG00000167600.14	frameshift_only	2	0	0	0	0	2	293	317	LMTVIYLLFAGTMTVSTTVGYTLLL	1107	GGGAATA	52	Q96SQ9	Q96SQ9	Canonical	-0.96	1.53	Yes	hungry_-2	370	yes
CTSZ	Trypsin_CAD	SVTSLTNVGHAMNSK	GM12878	Trypsin_HCD	gm12878_spectral_count	1	R	S	164	178	15	2	ENST00000217131.6	ENSG00000101160.15	frameshift_only	24	0	0	0	0	24	7	29	GWRPLLLLVLLAGAAQGGLYFRR	252	CATCCCC	55	Q9UBR2	Q9UBR2	Canonical	-0.66	2.41	Yes	hungry_-2	85	yes
CTSZ	Trypsin_CAD	SVTSLTNVGHAMNSK	GM12878	Trypsin_HCD	gm12878_intensity	704195.9	R	S	164	178	15	2	ENST00000217131.6	ENSG00000101160.15	frameshift_only	24	0	0	0	0	24	7	29	GWRPLLLLVLLAGAAQGGLYFRR	252	CATCCCC	55	Q9UBR2	Q9UBR2	Canonical	-0.66	2.41	Yes	hungry_-2	85	yes
HSP90B1	Trypsin_CAD	TDDEVVQREEEAIQLDGLK	hESC	Trypsin_HCD	hesc_spectral_count	1	R	C	44	62	19	3	ENST00000299767.10	ENSG00000166598.16	transitional_only	0	22	0	0	0	22	1	21	MRALWVLGLCCVLLTFGSVRA	180	ATTAAAT	39	P14625	P14625	Canonical	-1.52	1.91	Yes	hungry_-1	61	yes
HSP90B1	Trypsin_CAD	TDDEVVQREEEAIQLDGLK	hESC	Trypsin_HCD	hesc_intensity	1290218.8	R	C	44	62	19	3	ENST00000299767.10	ENSG00000166598.16	transitional_only	0	22	0	0	0	22	1	21	MRALWVLGLCCVLLTFGSVRA	180	ATTAAAT	39	P14625	P14625	Canonical	-1.52	1.91	Yes	hungry_-1	61	yes
CTSZ	Trypsin_CAD	TSSTAVTLAPVK	GM12878	Trypsin_HCD	gm12878_spectral_count	1	R	G	123	134	12	2	ENST00000217131.6	ENSG00000101160.15	frameshift_only	30	0	0	0	0	30	7	29	GWRPLLLLVLLAGAAQGGLYFRR	252	CATCCCC	55	Q9UBR2	Q9UBR2	Canonical	-0.66	2.41	Yes	hungry_-2	85	yes
CTSZ	Trypsin_CAD	TSSTAVTLAPVK	GM12878	Trypsin_HCD	gm12878_intensity	9568874	R	G	123	134	12	2	ENST00000217131.6	ENSG00000101160.15	frameshift_only	30	0	0	0	0	30	7	29	GWRPLLLLVLLAGAAQGGLYFRR	252	CATCCCC	55	Q9UBR2	Q9UBR2	Canonical	-0.66	2.41	Yes	hungry_-2	85	yes
LPCAT1	Trypsin_CAD	VPVRPGFSQENSR	hESC	Trypsin_HCD	hesc_spectral_count	1	R	R	176	188	13	3	ENST00000283415.4	ENSG00000153395.11	frameshift_only	4	0	0	0	0	4	51	75	LTLFPVRLLVAAAMMLLAWPLALVA	351	GAAGGGG	42	Q8NF37	Q8NF37	Canonical	-2.77	2.48	Yes	dual_-1	119	yes
LPCAT1	Trypsin_CAD	VPVRPGFSQENSR	hESC	Trypsin_HCD	hesc_intensity	4692518.5	R	R	176	188	13	3	ENST00000283415.4	ENSG00000153395.11	frameshift_only	4	0	0	0	0	4	51	75	LTLFPVRLLVAAAMMLLAWPLALVA	351	GAAGGGG	42	Q8NF37	Q8NF37	Canonical	-2.77	2.48	Yes	dual_-1	119	yes
