source	peptide	gene_name	ensembl_transcript_id	ensembl_gene_id	category	prev_aa	next_aa	start	end	peptide_length	charges	n_frameshift	n_transitional	n_zero_frame	n_zero_frame_with_minus_one_stop	n_zero_frame_with_minus_two_stop	n_total	tmd_start	tmd_end	tmd_seq	ss_nuc_start	ss_seq	tmd-SS_gap_size	ensembl_uniprot_annotation	blastp_uniprot_annotation	transcript_canonical_status	TMD_dG_app	SS_dG_fs	stem_loop_presence	fs_type	frame_transition	terminal_stop_codon
AspN_ETD_pepcom	DIYGNPLSRGSSMRSSR	TIMP2	ENST00000262768.11	ENSG00000035862.13	transitional_only	N	-	60	76	17	4	0	2	0	0	0	2	5	22	ARTLRLALGLLLLATLLR	192	CCCTATC	42	P16035	P16035	Canonical	-1.60	2.81	Yes	hungry_-2	65	yes
LysC_CAD_pepcom	GHRIEEVPELPLVVEDKK	RPL4	ENST00000568588.5	ENSG00000174444.15	transitional_only	K	L	47	64	18	4	0	4	0	0	0	4	1	20	MCRGGRMFAPTKTWRRWHRR	186	TAAAGTT	42	No_uniprot_annotation	P36578	Alternative	6.78	2.42	Yes	hungry_-2	63	yes
LysC_CAD_pepcom	LGIYDADGDGDFDVDDAKK	ASPH	ENST00000379449.11	ENSG00000198363.18	transitional_only	K	F	102	120	19	3	0	28	0	0	0	28	54	78	FFTWFMVIALLGVWTSVAVVWFDLV	354	CAAAGTT	40	Q12797	Q12797	Alternative	-2.18	2.42	Yes	hungry_-2	119	yes
LysN_CAD_pepcom	KGAAGRPVGV	TNFRSF18	ENST00000379265.5	ENSG00000186891.14	transitional_only	E	-	226	235	10	2	0	24	0	0	0	24	163	187	LGWLTVVLLAVAACVLLLTSAQLGL	675	GAAGGGG	38	Q9Y5U5	Q9Y5U5	Alternative	-2.88	2.48	Yes	dual_-1	227	no
LysN_ETD_pepcom	KRLAPEYEAAATRLKGIVPLS	PDIA3	ENST00000300289.10	ENSG00000167004.14	transitional_only	C	K	61	81	21	4	0	32	0	0	0	32	1	24	MRLRRLALFPGVALLLAAARLAAA	234	CCCATTA	54	P30101	P30101	Canonical	-1.76	2.37	Yes	dual_-1	80	yes
Trypsin_CAD_pepcom	AATALKDVVKK	PDIA6	ENST00000272227.8	ENSG00000143870.13	transitional_only	K	L	68	78	11	2	0	12	0	0	0	12	1	21	MALLVLGLVSCTFFLAVNGLY	228	CAAAGTT	55	Q15084	Q15084	Canonical	-0.63	2.42	Yes	hungry_-2	77	yes
Trypsin_CAD_pepcom	EIFLSQPILLELEAPLKK	PPP1CC	ENST00000546933.5	ENSG00000186298.12	transitional_only	R	Y	53	70	18	3	0	2	0	0	0	2	1	20	MFLPLYLNLVLYFVFWLHWT	204	CAAAATA	48	No_uniprot_annotation	P36873	Alternative	-0.14	1.91	Yes	hungry_-2	69	yes
Trypsin_CAD_pepcom	GAHLLLHWER	DPP7	ENST00000706878.1	ENSG00000176978.16	transitional_only	R	G	68	77	10	3	0	2	0	0	0	2	4	19	APWAPVLLLALGLRGL	201	GGGCCCA	48	No_uniprot_annotation	Q9UHL4	Alternative	1.20	1.55	Yes	hungry_-2	68	no
Trypsin_CAD_pepcom	GPLFSHLSSQNIEESAYFDSTWKR	SLC39A6	ENST00000269187.10	ENSG00000141424.13	transitional_only	R	V	401	424	24	4	0	4	0	0	0	4	351	375	RVFFKFLLSFLVALAVGTLSGDAFL	1266	GAAGGGT	47	Q13433	Q13433	Canonical	-0.87	2.74	Yes	hungry_-2	423	yes
Trypsin_CAD_pepcom	IEEVPELPLVVEDKK	RPL4	ENST00000568588.5	ENSG00000174444.15	transitional_only	R	L	50	64	15	3	0	2	0	0	0	2	1	20	MCRGGRMFAPTKTWRRWHRR	186	TAAAGTT	42	No_uniprot_annotation	P36578	Alternative	6.78	2.42	Yes	hungry_-2	63	yes
Trypsin_CAD_pepcom	IGDLQAFQGHGAGNLAGLKR	SLC3A2	ENST00000338663.12	ENSG00000168003.19	transitional_only	R	G	126	145	20	3,4	0	28	0	0	0	28	82	106	WALLLLFWLGWLGMLAGAVVIIVRA	429	GAAGGGG	37	P08195	P08195	Canonical	-3.20	2.48	Yes	hungry_-2	144	yes
Trypsin_CAD_pepcom	LFQEDDEIPLYLKR	COX7A2	ENST00000370081.6	ENSG00000112695.13	transitional_only	K	V	66	79	14	3	0	2	0	0	0	2	11	31	VPAWPFSLVVFSCGGCWSVTA	231	AAAGGGT	46	No_uniprot_annotation	P14406	Alternative	1.68	2.36	Yes	hungry_-2	78	yes
Trypsin_CAD_pepcom	LHPDKNPNNPNAHGDFLKK	DNAJC10	ENST00000264065.12	ENSG00000077232.19	transitional_only	K	-	62	80	19	4	0	40	0	0	0	40	14	32	LKRIILCFLIVYMAILVGT	234	AAAAATA	46	Q8IXB1	Q8IXB1	Canonical	-1.65	0.98	Yes	hungry_-2	79	yes
Trypsin_CAD_pepcom	LIMVLAGASEFDPQYNKR	SEC63	ENST00000369002.9	ENSG00000025796.14	transitional_only	R	C	246	263	18	2,3	0	2	0	0	0	2	190	214	ILVLLVYGLAFMVILPVVVGSWWYR	780	TAATAAA	46	Q9UGP8	Q9UGP8	Canonical	-3.02	2.74	Yes	dual_-1	262	yes
Trypsin_CAD_pepcom	SLVEIIEHGLVDEQQKK	SF3B1	ENST00000335508.11	ENSG00000115524.17	transitional_only	R	F	685	701	17	3	0	2	0	0	0	2	627	648	TTARAFAVVASALGIPSLLPFL	2097	GAAAGTT	51	O75533	O75533	Canonical	0.72	1.87	Yes	hungry_-2	700	yes
Trypsin_CAD_pepcom	SREIFLSQPILLELEAPLKK	PPP1CC	ENST00000546933.5	ENSG00000186298.12	transitional_only	K	Y	51	70	20	4	0	4	0	0	0	4	1	20	MFLPLYLNLVLYFVFWLHWT	204	CAAAATA	48	No_uniprot_annotation	P36873	Alternative	-0.14	1.91	Yes	hungry_-2	69	yes
Trypsin_CAD_pepcom	TDDEVVQREEEAIQLDGLK	HSP90B1	ENST00000299767.10	ENSG00000166598.16	transitional_only	R	C	44	62	19	3	0	22	0	0	0	22	1	21	MRALWVLGLCCVLLTFGSVRA	180	ATTAAAT	39	P14625	P14625	Canonical	-1.52	1.91	Yes	hungry_-1	61	yes
