Index	Gene	Protein	Protein ID	Peptide	Best Localization Probability	GM12878_Chymo_CAD Localization Probability	GM12878_Chymo_HCD Localization Probability	HUVEC_Chymo_CAD Localization Probability	HUVEC_Chymo_HCD Localization Probability	HeLa_Chymo_CAD Localization Probability	HeLa_Chymo_HCD Localization Probability	HepG2_Chymo_CAD Localization Probability	HepG2_Chymo_HCD Localization Probability	K562_Chymo_CAD Localization Probability	K562_Chymo_HCD Localization Probability	hESC_Chymo_CAD Localization Probability	hESC_Chymo_HCD Localization Probability	GM12878_Chymo_CAD Intensity	GM12878_Chymo_HCD Intensity	HUVEC_Chymo_CAD Intensity	HUVEC_Chymo_HCD Intensity	HeLa_Chymo_CAD Intensity	HeLa_Chymo_HCD Intensity	HepG2_Chymo_CAD Intensity	HepG2_Chymo_HCD Intensity	K562_Chymo_CAD Intensity	K562_Chymo_HCD Intensity	hESC_Chymo_CAD Intensity	hESC_Chymo_HCD Intensity	GM12878_Chymo_CAD MaxLFQ Intensity	GM12878_Chymo_HCD MaxLFQ Intensity	HUVEC_Chymo_CAD MaxLFQ Intensity	HUVEC_Chymo_HCD MaxLFQ Intensity	HeLa_Chymo_CAD MaxLFQ Intensity	HeLa_Chymo_HCD MaxLFQ Intensity	HepG2_Chymo_CAD MaxLFQ Intensity	HepG2_Chymo_HCD MaxLFQ Intensity	K562_Chymo_CAD MaxLFQ Intensity	K562_Chymo_HCD MaxLFQ Intensity	hESC_Chymo_CAD MaxLFQ Intensity	hESC_Chymo_HCD MaxLFQ Intensity
P00766_C220		sp|P00766|CTRA_BOVIN	P00766	GSSTcSTSTPGVY	1.0	0.0	0.0	0.0	0.0	0.0	0.0	0.0	0.0	1.0	0.0	0.0	0.0	0.0	0.0	0.0	0.0	0.0	0.0	0.0	0.0	8.7911322E9	0.0	0.0	0.0	0.0	0.0	0.0	0.0	0.0	0.0	0.0	0.0	0.0	0.0	0.0	0.0
P00766_C58		sp|P00766|CTRA_BOVIN	P00766	VVTAAHcGVTTSDVVVAGEF;VVTAAHcGVTTSDVVVAGEFDQGSSSEKIQKL	1.0	0.0	0.0	1.0	0.0	0.0	1.0	0.0	0.0	0.0	0.0	0.0	0.0	0.0	0.0	1.67686288E8	0.0	0.0	1.1106123E7	0.0	0.0	0.0	0.0	0.0	0.0	0.0	0.0	2.94507616E8	0.0	0.0	4775497.0	0.0	0.0	0.0	0.0	0.0	0.0
P00883_C135	ALDOA	sp|P00883|ALDOA_RABIT	P00883	AGTNGETTTQGLDGLSERcAQY	1.0	0.0	0.0	0.0	0.0	0.0	0.0	0.0	0.0	0.0	1.0	0.0	0.0	0.0	0.0	0.0	0.0	0.0	0.0	0.0	0.0	0.0	8381403.5	0.0	0.0	0.0	0.0	0.0	0.0	0.0	0.0	0.0	0.0	0.0	0.0	0.0	0.0
P09211_C48	GSTP1	sp|P09211|GSTP1_HUMAN	P09211	KEEVVTVETWQEGSLKAScL	1.0	1.0	0.0	0.0	0.0	0.0	0.0	0.0	0.0	0.0	1.0	0.0	0.0	3.5814608E8	0.0	0.0	0.0	0.0	0.0	0.0	0.0	0.0	4.08255648E8	0.0	0.0	3.57899488E8	0.0	0.0	0.0	0.0	0.0	0.0	0.0	0.0	4.08255648E8	0.0	0.0
Q06830_C71	PRDX1	sp|Q06830|PRDX1_HUMAN	Q06830	NcQVIGASVDSHF	1.0	0.0	0.0	1.0	0.0	0.0	1.0	1.0	0.0	0.0	1.0	0.0	0.0	0.0	0.0	9.7607002E8	0.0	0.0	1.4530904E7	2.3632318E7	0.0	0.0	9.6222848E7	0.0	0.0	0.0	0.0	9.7607002E8	0.0	0.0	1.4530904E7	2.3632318E7	0.0	0.0	9.6222848E7	0.0	0.0
ensembl_transcript_id=ENST00000228705.7|ensembl_gene_id=ENSG00000111110.12|gene_name=PPM1H|tmd_start=263|tmd_end=284|tmd_seq=YNISGGCTALIVICLLGKLYVA|ss_nuc_start=978|ss_seq=GGGAAAT|tmd-SS_gap_size=42|ensembl_uniprot_annotation=Q9ULR3|blastp_uniprot_annotation=Q9ULR3|transcript_canonical_status=Canonical|TMD_dG_app=-0.14|SS_dG_fs=0.88|stem_loop_presence=Yes|fs_type=dual_-1|frame_transition=328|terminal_stop_codon=yes_C98		ensembl_transcript_id=ENST00000228705.7|ensembl_gene_id=ENSG00000111110.12|gene_name=PPM1H|tmd_start=263|tmd_end=284|tmd_seq=YNISGGCTALIVICLLGKLYVA|ss_nuc_start=978|ss_seq=GGGAAAT|tmd-SS_gap_size=42|ensembl_uniprot_annotation=Q9ULR3|blastp_uniprot_annotation=Q9ULR3|transcript_canonical_status=Canonical|TMD_dG_app=-0.14|SS_dG_fs=0.88|stem_loop_presence=Yes|fs_type=dual_-1|frame_transition=328|terminal_stop_codon=yes	ensembl_transcript_id=ENST00000228705.7|ensembl_gene_id=ENSG00000111110.12|gene_name=PPM1H|tmd_start=263|tmd_end=284|tmd_seq=YNISGGCTALIVICLLGKLYVA|ss_nuc_start=978|ss_seq=GGGAAAT|tmd-SS_gap_size=42|ensembl_uniprot_annotation=Q9ULR3|blastp_uniprot_annotation=Q9ULR3|transcript_canonical_status=Canonical|TMD_dG_app=-0.14|SS_dG_fs=0.88|stem_loop_presence=Yes|fs_type=dual_-1|frame_transition=328|terminal_stop_codon=yes	AEVINAGKSTHNEDQAScEVL	1.0	0.0	0.0	0.0	0.0	0.0	0.0	0.0	0.0	0.0	1.0	0.0	0.0	0.0	0.0	0.0	0.0	0.0	0.0	0.0	0.0	0.0	5.6139664E7	0.0	0.0	0.0	0.0	0.0	0.0	0.0	0.0	0.0	0.0	0.0	0.0	0.0	0.0
ensembl_transcript_id=ENST00000269143.8|ensembl_gene_id=ENSG00000141385.12|gene_name=AFG3L2|tmd_start=253|tmd_end=273|tmd_seq=FLLSMLPTVLIIAFLLYTIRR|ss_nuc_start=963|ss_seq=GGAATTT|tmd-SS_gap_size=48|ensembl_uniprot_annotation=Q9Y4W6|blastp_uniprot_annotation=Q9Y4W6|transcript_canonical_status=Canonical|TMD_dG_app=-2.13|SS_dG_fs=1.86|stem_loop_presence=Yes|fs_type=dual_-1|frame_transition=323|terminal_stop_codon=yes_C313		ensembl_transcript_id=ENST00000269143.8|ensembl_gene_id=ENSG00000141385.12|gene_name=AFG3L2|tmd_start=253|tmd_end=273|tmd_seq=FLLSMLPTVLIIAFLLYTIRR|ss_nuc_start=963|ss_seq=GGAATTT|tmd-SS_gap_size=48|ensembl_uniprot_annotation=Q9Y4W6|blastp_uniprot_annotation=Q9Y4W6|transcript_canonical_status=Canonical|TMD_dG_app=-2.13|SS_dG_fs=1.86|stem_loop_presence=Yes|fs_type=dual_-1|frame_transition=323|terminal_stop_codon=yes	ensembl_transcript_id=ENST00000269143.8|ensembl_gene_id=ENSG00000141385.12|gene_name=AFG3L2|tmd_start=253|tmd_end=273|tmd_seq=FLLSMLPTVLIIAFLLYTIRR|ss_nuc_start=963|ss_seq=GGAATTT|tmd-SS_gap_size=48|ensembl_uniprot_annotation=Q9Y4W6|blastp_uniprot_annotation=Q9Y4W6|transcript_canonical_status=Canonical|TMD_dG_app=-2.13|SS_dG_fs=1.86|stem_loop_presence=Yes|fs_type=dual_-1|frame_transition=323|terminal_stop_codon=yes	KDVAGcEEAKLEIMEF	1.0	0.0	0.0	0.0	0.0	0.0	0.0	0.0	0.0	0.0	1.0	0.0	0.0	0.0	0.0	0.0	0.0	0.0	0.0	0.0	0.0	0.0	5.3487872E7	0.0	0.0	0.0	0.0	0.0	0.0	0.0	0.0	0.0	0.0	0.0	0.0	0.0	0.0
ensembl_transcript_id=ENST00000277817.10|ensembl_gene_id=ENSG00000148634.16|gene_name=HERC4|tmd_start=684|tmd_end=704|tmd_seq=LFHLIGVICGLAIYNCTIVDL|ss_nuc_start=2217|ss_seq=GGATTAT|tmd-SS_gap_size=35|ensembl_uniprot_annotation=Q5GLZ8|blastp_uniprot_annotation=Q5GLZ8|transcript_canonical_status=Alternative|TMD_dG_app=0.87|SS_dG_fs=2.06|stem_loop_presence=Yes|fs_type=dual_-1|frame_transition=741|terminal_stop_codon=yes_C138		ensembl_transcript_id=ENST00000277817.10|ensembl_gene_id=ENSG00000148634.16|gene_name=HERC4|tmd_start=684|tmd_end=704|tmd_seq=LFHLIGVICGLAIYNCTIVDL|ss_nuc_start=2217|ss_seq=GGATTAT|tmd-SS_gap_size=35|ensembl_uniprot_annotation=Q5GLZ8|blastp_uniprot_annotation=Q5GLZ8|transcript_canonical_status=Alternative|TMD_dG_app=0.87|SS_dG_fs=2.06|stem_loop_presence=Yes|fs_type=dual_-1|frame_transition=741|terminal_stop_codon=yes	ensembl_transcript_id=ENST00000277817.10|ensembl_gene_id=ENSG00000148634.16|gene_name=HERC4|tmd_start=684|tmd_end=704|tmd_seq=LFHLIGVICGLAIYNCTIVDL|ss_nuc_start=2217|ss_seq=GGATTAT|tmd-SS_gap_size=35|ensembl_uniprot_annotation=Q5GLZ8|blastp_uniprot_annotation=Q5GLZ8|transcript_canonical_status=Alternative|TMD_dG_app=0.87|SS_dG_fs=2.06|stem_loop_presence=Yes|fs_type=dual_-1|frame_transition=741|terminal_stop_codon=yes	IccGEDHTAAL	1.0	0.0	0.0	0.0	0.0	0.0	0.0	0.0	0.0	1.0	0.0	0.0	0.0	0.0	0.0	0.0	0.0	0.0	0.0	0.0	0.0	3.505762E7	0.0	0.0	0.0	0.0	0.0	0.0	0.0	0.0	0.0	0.0	0.0	0.0	0.0	0.0	0.0
ensembl_transcript_id=ENST00000277817.10|ensembl_gene_id=ENSG00000148634.16|gene_name=HERC4|tmd_start=684|tmd_end=704|tmd_seq=LFHLIGVICGLAIYNCTIVDL|ss_nuc_start=2217|ss_seq=GGATTAT|tmd-SS_gap_size=35|ensembl_uniprot_annotation=Q5GLZ8|blastp_uniprot_annotation=Q5GLZ8|transcript_canonical_status=Alternative|TMD_dG_app=0.87|SS_dG_fs=2.06|stem_loop_presence=Yes|fs_type=dual_-1|frame_transition=741|terminal_stop_codon=yes_C139		ensembl_transcript_id=ENST00000277817.10|ensembl_gene_id=ENSG00000148634.16|gene_name=HERC4|tmd_start=684|tmd_end=704|tmd_seq=LFHLIGVICGLAIYNCTIVDL|ss_nuc_start=2217|ss_seq=GGATTAT|tmd-SS_gap_size=35|ensembl_uniprot_annotation=Q5GLZ8|blastp_uniprot_annotation=Q5GLZ8|transcript_canonical_status=Alternative|TMD_dG_app=0.87|SS_dG_fs=2.06|stem_loop_presence=Yes|fs_type=dual_-1|frame_transition=741|terminal_stop_codon=yes	ensembl_transcript_id=ENST00000277817.10|ensembl_gene_id=ENSG00000148634.16|gene_name=HERC4|tmd_start=684|tmd_end=704|tmd_seq=LFHLIGVICGLAIYNCTIVDL|ss_nuc_start=2217|ss_seq=GGATTAT|tmd-SS_gap_size=35|ensembl_uniprot_annotation=Q5GLZ8|blastp_uniprot_annotation=Q5GLZ8|transcript_canonical_status=Alternative|TMD_dG_app=0.87|SS_dG_fs=2.06|stem_loop_presence=Yes|fs_type=dual_-1|frame_transition=741|terminal_stop_codon=yes	IccGEDHTAAL	1.0	0.0	0.0	0.0	0.0	0.0	0.0	0.0	0.0	1.0	0.0	0.0	0.0	0.0	0.0	0.0	0.0	0.0	0.0	0.0	0.0	3.505762E7	0.0	0.0	0.0	0.0	0.0	0.0	0.0	0.0	0.0	0.0	0.0	0.0	0.0	0.0	0.0
ensembl_transcript_id=ENST00000289577.10|ensembl_gene_id=ENSG00000158604.16|gene_name=TMED4|tmd_start=9|tmd_end=32|tmd_seq=LRAMGRQALLLLALCATGAQGLYF|ss_nuc_start=246|ss_seq=GGACCCC|tmd-SS_gap_size=50|ensembl_uniprot_annotation=No_uniprot_annotation|blastp_uniprot_annotation=Q7Z7H5|transcript_canonical_status=Alternative|TMD_dG_app=0.21|SS_dG_fs=2.61|stem_loop_presence=Yes|fs_type=dual_-1|frame_transition=84|terminal_stop_codon=yes_C41		ensembl_transcript_id=ENST00000289577.10|ensembl_gene_id=ENSG00000158604.16|gene_name=TMED4|tmd_start=9|tmd_end=32|tmd_seq=LRAMGRQALLLLALCATGAQGLYF|ss_nuc_start=246|ss_seq=GGACCCC|tmd-SS_gap_size=50|ensembl_uniprot_annotation=No_uniprot_annotation|blastp_uniprot_annotation=Q7Z7H5|transcript_canonical_status=Alternative|TMD_dG_app=0.21|SS_dG_fs=2.61|stem_loop_presence=Yes|fs_type=dual_-1|frame_transition=84|terminal_stop_codon=yes	ensembl_transcript_id=ENST00000289577.10|ensembl_gene_id=ENSG00000158604.16|gene_name=TMED4|tmd_start=9|tmd_end=32|tmd_seq=LRAMGRQALLLLALCATGAQGLYF|ss_nuc_start=246|ss_seq=GGACCCC|tmd-SS_gap_size=50|ensembl_uniprot_annotation=No_uniprot_annotation|blastp_uniprot_annotation=Q7Z7H5|transcript_canonical_status=Alternative|TMD_dG_app=0.21|SS_dG_fs=2.61|stem_loop_presence=Yes|fs_type=dual_-1|frame_transition=84|terminal_stop_codon=yes	HIGETEKRcF	1.0	0.0	0.0	0.0	0.0	0.0	0.0	0.0	0.0	1.0	0.0	0.0	0.0	0.0	0.0	0.0	0.0	0.0	0.0	0.0	0.0	3.7301532E7	0.0	0.0	0.0	0.0	0.0	0.0	0.0	0.0	0.0	0.0	0.0	0.0	0.0	0.0	0.0
ensembl_transcript_id=ENST00000361060.5|ensembl_gene_id=ENSG00000198380.13|gene_name=GFPT1|tmd_start=365|tmd_end=380|tmd_seq=RCRRLILIACGTSYHA|ss_nuc_start=1290|ss_seq=GATGGGT|tmd-SS_gap_size=50|ensembl_uniprot_annotation=Q06210|blastp_uniprot_annotation=Q06210|transcript_canonical_status=Alternative|TMD_dG_app=2.17|SS_dG_fs=2.83|stem_loop_presence=Yes|fs_type=dual_-1|frame_transition=432|terminal_stop_codon=yes_C246		ensembl_transcript_id=ENST00000361060.5|ensembl_gene_id=ENSG00000198380.13|gene_name=GFPT1|tmd_start=365|tmd_end=380|tmd_seq=RCRRLILIACGTSYHA|ss_nuc_start=1290|ss_seq=GATGGGT|tmd-SS_gap_size=50|ensembl_uniprot_annotation=Q06210|blastp_uniprot_annotation=Q06210|transcript_canonical_status=Alternative|TMD_dG_app=2.17|SS_dG_fs=2.83|stem_loop_presence=Yes|fs_type=dual_-1|frame_transition=432|terminal_stop_codon=yes	ensembl_transcript_id=ENST00000361060.5|ensembl_gene_id=ENSG00000198380.13|gene_name=GFPT1|tmd_start=365|tmd_end=380|tmd_seq=RCRRLILIACGTSYHA|ss_nuc_start=1290|ss_seq=GATGGGT|tmd-SS_gap_size=50|ensembl_uniprot_annotation=Q06210|blastp_uniprot_annotation=Q06210|transcript_canonical_status=Alternative|TMD_dG_app=2.17|SS_dG_fs=2.83|stem_loop_presence=Yes|fs_type=dual_-1|frame_transition=432|terminal_stop_codon=yes	SRVDSTTcLFPVEEKAVEY	1.0	0.0	0.0	0.0	0.0	0.0	0.0	0.0	0.0	0.0	1.0	0.0	0.0	0.0	0.0	0.0	0.0	0.0	0.0	0.0	0.0	0.0	7.9061472E8	0.0	0.0	0.0	0.0	0.0	0.0	0.0	0.0	0.0	0.0	0.0	0.0	0.0	0.0
ensembl_transcript_id=ENST00000424848.3|ensembl_gene_id=ENSG00000105810.10|gene_name=CDK6|tmd_start=200|tmd_end=215|tmd_seq=VDLWSVGCIFAEMFRR|ss_nuc_start=756|ss_seq=GGCTTTT|tmd-SS_gap_size=37|ensembl_uniprot_annotation=Q00534|blastp_uniprot_annotation=Q00534|transcript_canonical_status=Canonical|TMD_dG_app=2.91|SS_dG_fs=2.66|stem_loop_presence=Yes|fs_type=dual_-1|frame_transition=254|terminal_stop_codon=yes_C83		ensembl_transcript_id=ENST00000424848.3|ensembl_gene_id=ENSG00000105810.10|gene_name=CDK6|tmd_start=200|tmd_end=215|tmd_seq=VDLWSVGCIFAEMFRR|ss_nuc_start=756|ss_seq=GGCTTTT|tmd-SS_gap_size=37|ensembl_uniprot_annotation=Q00534|blastp_uniprot_annotation=Q00534|transcript_canonical_status=Canonical|TMD_dG_app=2.91|SS_dG_fs=2.66|stem_loop_presence=Yes|fs_type=dual_-1|frame_transition=254|terminal_stop_codon=yes	ensembl_transcript_id=ENST00000424848.3|ensembl_gene_id=ENSG00000105810.10|gene_name=CDK6|tmd_start=200|tmd_end=215|tmd_seq=VDLWSVGCIFAEMFRR|ss_nuc_start=756|ss_seq=GGCTTTT|tmd-SS_gap_size=37|ensembl_uniprot_annotation=Q00534|blastp_uniprot_annotation=Q00534|transcript_canonical_status=Canonical|TMD_dG_app=2.91|SS_dG_fs=2.66|stem_loop_presence=Yes|fs_type=dual_-1|frame_transition=254|terminal_stop_codon=yes	DVcTVSRTDRETKL	1.0	0.0	0.0	0.0	0.0	0.0	0.0	0.0	0.0	1.0	0.0	0.0	0.0	0.0	0.0	0.0	0.0	0.0	0.0	0.0	0.0	1.52661824E8	0.0	0.0	0.0	0.0	0.0	0.0	0.0	0.0	0.0	0.0	0.0	0.0	0.0	0.0	0.0
ensembl_transcript_id=ENST00000546933.5|ensembl_gene_id=ENSG00000186298.12|gene_name=PPP1CC|tmd_start=157|tmd_end=181|tmd_seq=LWKTFTDCFNCLPIAAIVDEKIFCC|ss_nuc_start=675|ss_seq=GGGTGAA|tmd-SS_gap_size=44|ensembl_uniprot_annotation=No_uniprot_annotation|blastp_uniprot_annotation=P36873|transcript_canonical_status=Alternative|TMD_dG_app=4.02|SS_dG_fs=2.72|stem_loop_presence=Yes|fs_type=dual_-1|frame_transition=227|terminal_stop_codon=yes_C167		ensembl_transcript_id=ENST00000546933.5|ensembl_gene_id=ENSG00000186298.12|gene_name=PPP1CC|tmd_start=157|tmd_end=181|tmd_seq=LWKTFTDCFNCLPIAAIVDEKIFCC|ss_nuc_start=675|ss_seq=GGGTGAA|tmd-SS_gap_size=44|ensembl_uniprot_annotation=No_uniprot_annotation|blastp_uniprot_annotation=P36873|transcript_canonical_status=Alternative|TMD_dG_app=4.02|SS_dG_fs=2.72|stem_loop_presence=Yes|fs_type=dual_-1|frame_transition=227|terminal_stop_codon=yes	ensembl_transcript_id=ENST00000546933.5|ensembl_gene_id=ENSG00000186298.12|gene_name=PPP1CC|tmd_start=157|tmd_end=181|tmd_seq=LWKTFTDCFNCLPIAAIVDEKIFCC|ss_nuc_start=675|ss_seq=GGGTGAA|tmd-SS_gap_size=44|ensembl_uniprot_annotation=No_uniprot_annotation|blastp_uniprot_annotation=P36873|transcript_canonical_status=Alternative|TMD_dG_app=4.02|SS_dG_fs=2.72|stem_loop_presence=Yes|fs_type=dual_-1|frame_transition=227|terminal_stop_codon=yes	NcLPIAAIVDEKIF	1.0	0.0	0.0	0.0	0.0	0.0	0.0	0.0	0.0	0.0	1.0	0.0	0.0	0.0	0.0	0.0	0.0	0.0	0.0	0.0	0.0	0.0	2.4982076E7	0.0	0.0	0.0	0.0	0.0	0.0	0.0	0.0	0.0	0.0	0.0	0.0	0.0	0.0
ensembl_transcript_id=ENST00000632244.1|ensembl_gene_id=ENSG00000276021.4|gene_name=WDR81|tmd_start=1392|tmd_end=1412|tmd_seq=ARTILCVKTISLIALICLRIG|ss_nuc_start=4401|ss_seq=GGACCCC|tmd-SS_gap_size=55|ensembl_uniprot_annotation=No_uniprot_annotation|blastp_uniprot_annotation=Q562E7|transcript_canonical_status=Canonical|TMD_dG_app=-0.02|SS_dG_fs=2.61|stem_loop_presence=Yes|fs_type=dual_-1|frame_transition=1469|terminal_stop_codon=yes_C1043		ensembl_transcript_id=ENST00000632244.1|ensembl_gene_id=ENSG00000276021.4|gene_name=WDR81|tmd_start=1392|tmd_end=1412|tmd_seq=ARTILCVKTISLIALICLRIG|ss_nuc_start=4401|ss_seq=GGACCCC|tmd-SS_gap_size=55|ensembl_uniprot_annotation=No_uniprot_annotation|blastp_uniprot_annotation=Q562E7|transcript_canonical_status=Canonical|TMD_dG_app=-0.02|SS_dG_fs=2.61|stem_loop_presence=Yes|fs_type=dual_-1|frame_transition=1469|terminal_stop_codon=yes	ensembl_transcript_id=ENST00000632244.1|ensembl_gene_id=ENSG00000276021.4|gene_name=WDR81|tmd_start=1392|tmd_end=1412|tmd_seq=ARTILCVKTISLIALICLRIG|ss_nuc_start=4401|ss_seq=GGACCCC|tmd-SS_gap_size=55|ensembl_uniprot_annotation=No_uniprot_annotation|blastp_uniprot_annotation=Q562E7|transcript_canonical_status=Canonical|TMD_dG_app=-0.02|SS_dG_fs=2.61|stem_loop_presence=Yes|fs_type=dual_-1|frame_transition=1469|terminal_stop_codon=yes	AGAEASQEESKDLAGAAEEESGLPGAGPGScAF;QVLAGAEASQEESKDLAGAAEEESGLPGAGPGScAF	1.0	0.0	0.0	0.0	0.0	0.0	0.0	1.0	0.0	0.0	1.0	0.0	0.0	0.0	0.0	0.0	0.0	0.0	0.0	2.8545344E7	0.0	0.0	2.275852E7	0.0	0.0	0.0	0.0	0.0	0.0	0.0	0.0	3.3092376E7	0.0	0.0	1.1256149E7	0.0	0.0
ensembl_transcript_id=ENST00000638088.2|ensembl_gene_id=ENSG00000173852.16|gene_name=DPY19L1|tmd_start=477|tmd_end=500|tmd_seq=LRYTKTLLLPVVLVVFVAIVRKII|ss_nuc_start=1614|ss_seq=TATTTTA|tmd-SS_gap_size=38|ensembl_uniprot_annotation=No_uniprot_annotation|blastp_uniprot_annotation=Q2PZI1|transcript_canonical_status=Canonical|TMD_dG_app=-1.93|SS_dG_fs=1.11|stem_loop_presence=Yes|fs_type=dual_-1|frame_transition=540|terminal_stop_codon=yes_C464		ensembl_transcript_id=ENST00000638088.2|ensembl_gene_id=ENSG00000173852.16|gene_name=DPY19L1|tmd_start=477|tmd_end=500|tmd_seq=LRYTKTLLLPVVLVVFVAIVRKII|ss_nuc_start=1614|ss_seq=TATTTTA|tmd-SS_gap_size=38|ensembl_uniprot_annotation=No_uniprot_annotation|blastp_uniprot_annotation=Q2PZI1|transcript_canonical_status=Canonical|TMD_dG_app=-1.93|SS_dG_fs=1.11|stem_loop_presence=Yes|fs_type=dual_-1|frame_transition=540|terminal_stop_codon=yes	ensembl_transcript_id=ENST00000638088.2|ensembl_gene_id=ENSG00000173852.16|gene_name=DPY19L1|tmd_start=477|tmd_end=500|tmd_seq=LRYTKTLLLPVVLVVFVAIVRKII|ss_nuc_start=1614|ss_seq=TATTTTA|tmd-SS_gap_size=38|ensembl_uniprot_annotation=No_uniprot_annotation|blastp_uniprot_annotation=Q2PZI1|transcript_canonical_status=Canonical|TMD_dG_app=-1.93|SS_dG_fs=1.11|stem_loop_presence=Yes|fs_type=dual_-1|frame_transition=540|terminal_stop_codon=yes	TcAAEFDFMEKETPL	1.0	0.0	0.0	0.0	0.0	0.0	0.0	0.0	0.0	0.0	1.0	0.0	0.0	0.0	0.0	0.0	0.0	0.0	0.0	0.0	0.0	0.0	1.0671024E8	0.0	0.0	0.0	0.0	0.0	0.0	0.0	0.0	0.0	0.0	0.0	0.0	0.0	0.0
ensembl_transcript_id=ENST00000680220.1|ensembl_gene_id=ENSG00000174373.17|gene_name=RALGAPA1|tmd_start=1891|tmd_end=1914|tmd_seq=KRLVVSLLLCLLDWIMALPLKTLL|ss_nuc_start=5862|ss_seq=TTTTCCC|tmd-SS_gap_size=40|ensembl_uniprot_annotation=No_uniprot_annotation|blastp_uniprot_annotation=Q6GYQ0|transcript_canonical_status=Canonical|TMD_dG_app=-0.62|SS_dG_fs=1.73|stem_loop_presence=Yes|fs_type=dual_-1|frame_transition=1956|terminal_stop_codon=yes_C985		ensembl_transcript_id=ENST00000680220.1|ensembl_gene_id=ENSG00000174373.17|gene_name=RALGAPA1|tmd_start=1891|tmd_end=1914|tmd_seq=KRLVVSLLLCLLDWIMALPLKTLL|ss_nuc_start=5862|ss_seq=TTTTCCC|tmd-SS_gap_size=40|ensembl_uniprot_annotation=No_uniprot_annotation|blastp_uniprot_annotation=Q6GYQ0|transcript_canonical_status=Canonical|TMD_dG_app=-0.62|SS_dG_fs=1.73|stem_loop_presence=Yes|fs_type=dual_-1|frame_transition=1956|terminal_stop_codon=yes	ensembl_transcript_id=ENST00000680220.1|ensembl_gene_id=ENSG00000174373.17|gene_name=RALGAPA1|tmd_start=1891|tmd_end=1914|tmd_seq=KRLVVSLLLCLLDWIMALPLKTLL|ss_nuc_start=5862|ss_seq=TTTTCCC|tmd-SS_gap_size=40|ensembl_uniprot_annotation=No_uniprot_annotation|blastp_uniprot_annotation=Q6GYQ0|transcript_canonical_status=Canonical|TMD_dG_app=-0.62|SS_dG_fs=1.73|stem_loop_presence=Yes|fs_type=dual_-1|frame_transition=1956|terminal_stop_codon=yes	SLDKLEcTDQETESENITSF	1.0	0.0	0.0	0.0	0.0	0.0	0.0	0.0	1.0	1.0	0.0	0.0	0.0	0.0	0.0	0.0	0.0	0.0	0.0	0.0	4.1469984E7	1.419818E7	0.0	0.0	0.0	0.0	0.0	0.0	0.0	0.0	0.0	0.0	4.1469984E7	1.419818E7	0.0	0.0	0.0
