PROTID	GENEID	GM12878_Chymo_CAD_INT	GM12878_Chymo_HCD_INT	HUVEC_Chymo_CAD_INT	HUVEC_Chymo_HCD_INT	HeLa_Chymo_CAD_INT	HeLa_Chymo_HCD_INT	HepG2_Chymo_CAD_INT	HepG2_Chymo_HCD_INT	K562_Chymo_CAD_INT	K562_Chymo_HCD_INT	hESC_Chymo_CAD_INT	hESC_Chymo_HCD_INT
na	na	GM12878_Chymo_CAD	GM12878_Chymo_HCD	HUVEC_Chymo_CAD	HUVEC_Chymo_HCD	HeLa_Chymo_CAD	HeLa_Chymo_HCD	HepG2_Chymo_CAD	HepG2_Chymo_HCD	K562_Chymo_CAD	K562_Chymo_HCD	hESC_Chymo_CAD	hESC_Chymo_HCD
ensembl_transcript_id=ENST00000225969.9|ensembl_gene_id=ENSG00000108826.16|gene_name=MRPL27|tmd_start=6|tmd_end=30|tmd_seq=LALRTRTAVTSLLSPTPATALAVRY|ss_nuc_start=255|ss_seq=GAATAAA|tmd-SS_gap_size=55|ensembl_uniprot_annotation=Q9P0M9|blastp_uniprot_annotation=Q9P0M9|transcript_canonical_status=Canonical|TMD_dG_app=2.53|SS_dG_fs=1.64|stem_loop_presence=Yes|fs_type=hungry_-1|frame_transition=86|terminal_stop_codon=yes		0	0	0	0	0	7.6274016E7	0	1.1092804E7	0	3.4704412E7	0	0
ensembl_transcript_id=ENST00000228705.7|ensembl_gene_id=ENSG00000111110.12|gene_name=PPM1H|tmd_start=263|tmd_end=284|tmd_seq=YNISGGCTALIVICLLGKLYVA|ss_nuc_start=978|ss_seq=GGGAAAT|tmd-SS_gap_size=42|ensembl_uniprot_annotation=Q9ULR3|blastp_uniprot_annotation=Q9ULR3|transcript_canonical_status=Canonical|TMD_dG_app=-0.14|SS_dG_fs=0.88|stem_loop_presence=Yes|fs_type=dual_-1|frame_transition=328|terminal_stop_codon=yes		0	0	0	0	0	0	0	0	0	5.6139664E7	0	0
ensembl_transcript_id=ENST00000251527.10|ensembl_gene_id=ENSG00000117868.18|gene_name=ESYT2|tmd_start=51|tmd_end=75|tmd_seq=YALGYLGLSFSWVLLALALLAWCRR|ss_nuc_start=333|ss_seq=TCATTTT|tmd-SS_gap_size=36|ensembl_uniprot_annotation=No_uniprot_annotation|blastp_uniprot_annotation=A0FGR8|transcript_canonical_status=Alternative|TMD_dG_app=-3.08|SS_dG_fs=2.32|stem_loop_presence=Yes|fs_type=dual_-1|frame_transition=113|terminal_stop_codon=yes		0	1442649.5	2.7492304E8	0	0	0	2.31699392E8	0	1.40733568E8	2.78363104E8	1.78438544E8	0
ensembl_transcript_id=ENST00000254508.7|ensembl_gene_id=ENSG00000132182.13|gene_name=NUP210|tmd_start=1809|tmd_end=1833|tmd_seq=VMFFTLFALLAGTAVMIIAYHTVCT|ss_nuc_start=5622|ss_seq=CCCTCCC|tmd-SS_gap_size=41|ensembl_uniprot_annotation=Q8TEM1|blastp_uniprot_annotation=Q8TEM1|transcript_canonical_status=Canonical|TMD_dG_app=-1.81|SS_dG_fs=2.13|stem_loop_presence=Yes|fs_type=dual_-1|frame_transition=1876|terminal_stop_codon=no		0	0	0	0	0	0	0	0	0	1.748496E7	0	0
ensembl_transcript_id=ENST00000254521.8|ensembl_gene_id=ENSG00000132196.16|gene_name=HSD17B7|tmd_start=230|tmd_end=254|tmd_seq=LTYGILPPFIWTLLMPAILLLRFFA|ss_nuc_start=882|ss_seq=AAATTAC|tmd-SS_gap_size=40|ensembl_uniprot_annotation=P56937|blastp_uniprot_annotation=P56937|transcript_canonical_status=Canonical|TMD_dG_app=-1.44|SS_dG_fs=2.74|stem_loop_presence=Yes|fs_type=dual_-1|frame_transition=296|terminal_stop_codon=yes		0	0	0	0	0	0	0	0	0	0	0	448170.06
ensembl_transcript_id=ENST00000269143.8|ensembl_gene_id=ENSG00000141385.12|gene_name=AFG3L2|tmd_start=253|tmd_end=273|tmd_seq=FLLSMLPTVLIIAFLLYTIRR|ss_nuc_start=963|ss_seq=GGAATTT|tmd-SS_gap_size=48|ensembl_uniprot_annotation=Q9Y4W6|blastp_uniprot_annotation=Q9Y4W6|transcript_canonical_status=Canonical|TMD_dG_app=-2.13|SS_dG_fs=1.86|stem_loop_presence=Yes|fs_type=dual_-1|frame_transition=323|terminal_stop_codon=yes		0	0	0	0	0	0	0	0	0	3.01254656E8	0	0
ensembl_transcript_id=ENST00000277817.10|ensembl_gene_id=ENSG00000148634.16|gene_name=HERC4|tmd_start=684|tmd_end=704|tmd_seq=LFHLIGVICGLAIYNCTIVDL|ss_nuc_start=2217|ss_seq=GGATTAT|tmd-SS_gap_size=35|ensembl_uniprot_annotation=Q5GLZ8|blastp_uniprot_annotation=Q5GLZ8|transcript_canonical_status=Alternative|TMD_dG_app=0.87|SS_dG_fs=2.06|stem_loop_presence=Yes|fs_type=dual_-1|frame_transition=741|terminal_stop_codon=yes		0	0	0	0	0	0	0	0	3.505762E7	0	0	0
ensembl_transcript_id=ENST00000289577.10|ensembl_gene_id=ENSG00000158604.16|gene_name=TMED4|tmd_start=9|tmd_end=32|tmd_seq=LRAMGRQALLLLALCATGAQGLYF|ss_nuc_start=246|ss_seq=GGACCCC|tmd-SS_gap_size=50|ensembl_uniprot_annotation=No_uniprot_annotation|blastp_uniprot_annotation=Q7Z7H5|transcript_canonical_status=Alternative|TMD_dG_app=0.21|SS_dG_fs=2.61|stem_loop_presence=Yes|fs_type=dual_-1|frame_transition=84|terminal_stop_codon=yes		0	0	0	0	0	0	0	0	3.7301532E7	0	0	0
ensembl_transcript_id=ENST00000293709.10|ensembl_gene_id=ENSG00000168468.12|gene_name=ATF6B|tmd_start=395|tmd_end=411|tmd_seq=RKVVCIMVFLLFIAFNF|ss_nuc_start=1347|ss_seq=GGGAGTT|tmd-SS_gap_size=38|ensembl_uniprot_annotation=Q99941|blastp_uniprot_annotation=Q99941|transcript_canonical_status=Canonical|TMD_dG_app=-0.61|SS_dG_fs=2.04|stem_loop_presence=Yes|fs_type=dual_-1|frame_transition=451|terminal_stop_codon=yes		0	0	0	0	0	0	0	0	0	1.99468992E8	0	0
ensembl_transcript_id=ENST00000301180.10|ensembl_gene_id=ENSG00000066084.13|gene_name=DIP2B|tmd_start=413|tmd_end=432|tmd_seq=VMFMVAFYGCLLAEVIPVPI|ss_nuc_start=1434|ss_seq=GTTTAAA|tmd-SS_gap_size=46|ensembl_uniprot_annotation=Q9P265|blastp_uniprot_annotation=Q9P265|transcript_canonical_status=Canonical|TMD_dG_app=1.78|SS_dG_fs=1.86|stem_loop_presence=Yes|fs_type=dual_-1|frame_transition=480|terminal_stop_codon=yes		0	0	0	0	0	0	0	0	0	3.43375168E8	0	0
ensembl_transcript_id=ENST00000310958.10|ensembl_gene_id=ENSG00000260916.8|gene_name=CCPG1|tmd_start=215|tmd_end=238|tmd_seq=LNKCVILALVIAISMGFGHFYGTI|ss_nuc_start=834|ss_seq=GAAAGAA|tmd-SS_gap_size=40|ensembl_uniprot_annotation=Q9ULG6|blastp_uniprot_annotation=Q9ULG6|transcript_canonical_status=Alternative|TMD_dG_app=0.00|SS_dG_fs=2.84|stem_loop_presence=Yes|fs_type=dual_-1|frame_transition=280|terminal_stop_codon=yes		0	0	0	0	0	0	0	0	1.5080162E7	0	0	0
ensembl_transcript_id=ENST00000350997.12|ensembl_gene_id=ENSG00000149485.19|gene_name=FADS1|tmd_start=321|tmd_end=345|tmd_seq=KYFFLIGPPALLPLYFQWYIFYFVI|ss_nuc_start=1197|ss_seq=TATTCCC|tmd-SS_gap_size=54|ensembl_uniprot_annotation=No_uniprot_annotation|blastp_uniprot_annotation=O60427|transcript_canonical_status=Canonical|TMD_dG_app=0.41|SS_dG_fs=2.54|stem_loop_presence=Yes|fs_type=dual_-1|frame_transition=401|terminal_stop_codon=yes		0	0	0	0	0	1.00563032E8	0	0	0	0	0	0
ensembl_transcript_id=ENST00000357266.9|ensembl_gene_id=ENSG00000096060.15|gene_name=FKBP5|tmd_start=315|tmd_end=331|tmd_seq=FLLAAFLNLAMCYLKLR|ss_nuc_start=1140|ss_seq=AAACCCC|tmd-SS_gap_size=49|ensembl_uniprot_annotation=Q13451|blastp_uniprot_annotation=Q13451|transcript_canonical_status=Canonical|TMD_dG_app=0.88|SS_dG_fs=1.46|stem_loop_presence=Yes|fs_type=dual_-1|frame_transition=382|terminal_stop_codon=yes		0	0	0	0	0	0	0	0	0	1.14511524E10	0	0
ensembl_transcript_id=ENST00000361060.5|ensembl_gene_id=ENSG00000198380.13|gene_name=GFPT1|tmd_start=365|tmd_end=380|tmd_seq=RCRRLILIACGTSYHA|ss_nuc_start=1290|ss_seq=GATGGGT|tmd-SS_gap_size=50|ensembl_uniprot_annotation=Q06210|blastp_uniprot_annotation=Q06210|transcript_canonical_status=Alternative|TMD_dG_app=2.17|SS_dG_fs=2.83|stem_loop_presence=Yes|fs_type=dual_-1|frame_transition=432|terminal_stop_codon=yes		0	0	0	0	0	0	0	0	0	7.9061472E8	0	0
ensembl_transcript_id=ENST00000369626.8|ensembl_gene_id=ENSG00000155380.13|gene_name=SLC16A1|tmd_start=390|tmd_end=412|tmd_seq=AVGLVTIVECCPVLLGPPLLGRL|ss_nuc_start=1344|ss_seq=GGCAAAA|tmd-SS_gap_size=36|ensembl_uniprot_annotation=P53985|blastp_uniprot_annotation=P53985|transcript_canonical_status=Canonical|TMD_dG_app=1.93|SS_dG_fs=2.55|stem_loop_presence=Yes|fs_type=dual_-1|frame_transition=450|terminal_stop_codon=yes		0	0	0	0	0	0	0	0	1.29843432E8	1.21969293E9	0	0
ensembl_transcript_id=ENST00000374677.8|ensembl_gene_id=ENSG00000112473.19|gene_name=SLC39A7|tmd_start=380|tmd_end=401|tmd_seq=AMRLQLLTAVGALAGTACALLT|ss_nuc_start=1368|ss_seq=GGGGGGA|tmd-SS_gap_size=55|ensembl_uniprot_annotation=Q92504|blastp_uniprot_annotation=Q92504|transcript_canonical_status=Canonical|TMD_dG_app=0.53|SS_dG_fs=0.55|stem_loop_presence=Yes|fs_type=dual_-1|frame_transition=458|terminal_stop_codon=yes		0	0	0	0	0	0	0	0	0	1.61013408E8	0	0
ensembl_transcript_id=ENST00000375177.9|ensembl_gene_id=ENSG00000228454.7|gene_name=C4B|tmd_start=1138|tmd_end=1156|tmd_seq=TVALTAFVTIALHHGLAVF|ss_nuc_start=3630|ss_seq=GGGTGTT|tmd-SS_gap_size=54|ensembl_uniprot_annotation=P0C0L5|blastp_uniprot_annotation=P0C0L5|transcript_canonical_status=Canonical|TMD_dG_app=1.78|SS_dG_fs=1.75|stem_loop_presence=Yes|fs_type=hungry_-2|frame_transition=1211|terminal_stop_codon=yes		0	0	0	0	0	0	3.16709984E8	1.781406E7	0	0	0	0
ensembl_transcript_id=ENST00000393470.1|ensembl_gene_id=ENSG00000105974.13|gene_name=CAV1|tmd_start=87|tmd_end=111|tmd_seq=WFYRLLSALFGIPMALIWGIYFAIL|ss_nuc_start=492|ss_seq=GAAAGAA|tmd-SS_gap_size=53|ensembl_uniprot_annotation=No_uniprot_annotation|blastp_uniprot_annotation=Q03135|transcript_canonical_status=Alternative|TMD_dG_app=-2.93|SS_dG_fs=2.84|stem_loop_presence=No|fs_type=dual_-1|frame_transition=166|terminal_stop_codon=no		0	0	3.2086984E7	0	0	0	0	0	0	0	0	0
ensembl_transcript_id=ENST00000393629.6|ensembl_gene_id=ENSG00000061987.16|gene_name=MON2|tmd_start=1452|tmd_end=1472|tmd_seq=TWKLAVSSLLRVLSIGLPVAR|ss_nuc_start=4536|ss_seq=AAATGAA|tmd-SS_gap_size=40|ensembl_uniprot_annotation=Q7Z3U7|blastp_uniprot_annotation=Q7Z3U7|transcript_canonical_status=Alternative|TMD_dG_app=2.98|SS_dG_fs=2.79|stem_loop_presence=Yes|fs_type=dual_-1|frame_transition=1514|terminal_stop_codon=yes		0	0	0	0	0	0	0	0	0	7.6155728E7	0	0
ensembl_transcript_id=ENST00000416096.5|ensembl_gene_id=ENSG00000229215.9|gene_name=HLA-A|tmd_start=2|tmd_end=24|tmd_seq=AVMAPRTLLLLLSGALALTQTWA|ss_nuc_start=234|ss_seq=GGAGGGG|tmd-SS_gap_size=54|ensembl_uniprot_annotation=No_uniprot_annotation|blastp_uniprot_annotation=P04439|transcript_canonical_status=Alternative|TMD_dG_app=0.32|SS_dG_fs=2.65|stem_loop_presence=Yes|fs_type=dual_-1|frame_transition=80|terminal_stop_codon=yes		3.89481062E9	3.55733862E9	0	0	0	0	0	0	0	0	0	0
ensembl_transcript_id=ENST00000424848.3|ensembl_gene_id=ENSG00000105810.10|gene_name=CDK6|tmd_start=200|tmd_end=215|tmd_seq=VDLWSVGCIFAEMFRR|ss_nuc_start=756|ss_seq=GGCTTTT|tmd-SS_gap_size=37|ensembl_uniprot_annotation=Q00534|blastp_uniprot_annotation=Q00534|transcript_canonical_status=Canonical|TMD_dG_app=2.91|SS_dG_fs=2.66|stem_loop_presence=Yes|fs_type=dual_-1|frame_transition=254|terminal_stop_codon=yes		0	0	0	0	0	0	0	0	1.52661824E8	0	0	0
ensembl_transcript_id=ENST00000431421.6|ensembl_gene_id=ENSG00000177565.19|gene_name=TBL1XR1|tmd_start=16|tmd_end=35|tmd_seq=LAQQQAAAAAAAAAAASQQG|ss_nuc_start=252|ss_seq=AGTTTTT|tmd-SS_gap_size=49|ensembl_uniprot_annotation=No_uniprot_annotation|blastp_uniprot_annotation=Q9BZK7|transcript_canonical_status=Alternative|TMD_dG_app=5.55|SS_dG_fs=1.49|stem_loop_presence=Yes|fs_type=dual_-1|frame_transition=86|terminal_stop_codon=yes		6.1595256E7	0	0	0	3.26461184E8	0	9.3070488E7	0	1.80912112E8	6.3070406E8	0	0
ensembl_transcript_id=ENST00000446306.8|ensembl_gene_id=ENSG00000196367.15|gene_name=TRRAP|tmd_start=3654|tmd_end=3677|tmd_seq=YWTFRKMFTIQLALIGFAEFVLHL|ss_nuc_start=11148|ss_seq=CCCATTT|tmd-SS_gap_size=39|ensembl_uniprot_annotation=No_uniprot_annotation|blastp_uniprot_annotation=Q9Y4A5|transcript_canonical_status=Alternative|TMD_dG_app=0.69|SS_dG_fs=1.72|stem_loop_presence=Yes|fs_type=dual_-1|frame_transition=3718|terminal_stop_codon=yes		0	0	0	0	0	0	0	0	0	8.6329984E7	0	0
ensembl_transcript_id=ENST00000512996.6|ensembl_gene_id=ENSG00000112992.18|gene_name=NNT|tmd_start=396|tmd_end=420|tmd_seq=LMSVTNAISGLTAVGGLALMGGHLY|ss_nuc_start=1377|ss_seq=CCCCCCA|tmd-SS_gap_size=39|ensembl_uniprot_annotation=No_uniprot_annotation|blastp_uniprot_annotation=Q13423|transcript_canonical_status=Alternative|TMD_dG_app=2.25|SS_dG_fs=0.79|stem_loop_presence=Yes|fs_type=dual_-1|frame_transition=461|terminal_stop_codon=yes		3.41523072E8	0	5.2875412E9	5.810284E9	0	0	3.8087552E9	0	0	5.4696896E7	0	0
ensembl_transcript_id=ENST00000529230.6|ensembl_gene_id=ENSG00000175216.15|gene_name=CKAP5|tmd_start=1684|tmd_end=1700|tmd_seq=ILSALLVLLQDSLLATA|ss_nuc_start=5211|ss_seq=CATTTTC|tmd-SS_gap_size=37|ensembl_uniprot_annotation=Q14008|blastp_uniprot_annotation=Q14008|transcript_canonical_status=Canonical|TMD_dG_app=2.66|SS_dG_fs=2.79|stem_loop_presence=Yes|fs_type=dual_-1|frame_transition=1739|terminal_stop_codon=yes		0	0	0	0	0	0	0	3.75560704E8	0	1.48802918E9	0	0
ensembl_transcript_id=ENST00000529335.6|ensembl_gene_id=ENSG00000137726.17|gene_name=FXYD6|tmd_start=35|tmd_end=59|tmd_seq=TLRIGGLVFAVVLFSVGILLILSRR|ss_nuc_start=312|ss_seq=TTTGGAT|tmd-SS_gap_size=45|ensembl_uniprot_annotation=No_uniprot_annotation|blastp_uniprot_annotation=Q9H0Q3|transcript_canonical_status=Alternative|TMD_dG_app=-3.15|SS_dG_fs=2.87|stem_loop_presence=Yes|fs_type=dual_-1|frame_transition=106|terminal_stop_codon=no		0	0	0	0	0	0	0	0	0	0	1.4350197E7	1.273236E7
ensembl_transcript_id=ENST00000530428.2|ensembl_gene_id=ENSG00000109919.10|gene_name=MTCH2|tmd_start=173|tmd_end=194|tmd_seq=LVPRLLGDILSLWLCNSLAYLV|ss_nuc_start=738|ss_seq=CCCTCCT|tmd-SS_gap_size=52|ensembl_uniprot_annotation=No_uniprot_annotation|blastp_uniprot_annotation=Q9Y6C9|transcript_canonical_status=Alternative|TMD_dG_app=1.20|SS_dG_fs=2.53|stem_loop_presence=Yes|fs_type=dual_-1|frame_transition=248|terminal_stop_codon=yes		0	0	2.63219616E8	0	0	5.1320448E7	3.47197152E8	0	0	0	6.7212584E7	4.7724028E7
ensembl_transcript_id=ENST00000546933.5|ensembl_gene_id=ENSG00000186298.12|gene_name=PPP1CC|tmd_start=157|tmd_end=181|tmd_seq=LWKTFTDCFNCLPIAAIVDEKIFCC|ss_nuc_start=675|ss_seq=GGGTGAA|tmd-SS_gap_size=44|ensembl_uniprot_annotation=No_uniprot_annotation|blastp_uniprot_annotation=P36873|transcript_canonical_status=Alternative|TMD_dG_app=4.02|SS_dG_fs=2.72|stem_loop_presence=Yes|fs_type=dual_-1|frame_transition=227|terminal_stop_codon=yes		0	0	0	0	0	0	0	0	0	2.4982076E7	0	0
ensembl_transcript_id=ENST00000564288.6|ensembl_gene_id=ENSG00000127603.32|gene_name=MACF1|tmd_start=1832|tmd_end=1853|tmd_seq=LVAAKIALVILESLWSFMGLLW|ss_nuc_start=5700|ss_seq=GAAGAAA|tmd-SS_gap_size=47|ensembl_uniprot_annotation=No_uniprot_annotation|blastp_uniprot_annotation=Q9UPN3|transcript_canonical_status=Canonical|TMD_dG_app=0.67|SS_dG_fs=2.86|stem_loop_presence=Yes|fs_type=dual_-1|frame_transition=1902|terminal_stop_codon=yes		0	0	0	0	0	0	0	0	3.6453816E7	5.01419E7	0	0
ensembl_transcript_id=ENST00000585598.1|ensembl_gene_id=ENSG00000099341.13|gene_name=PSMD8|tmd_start=9|tmd_end=32|tmd_seq=AAGFSSSGPAATSGAVLQAATGMY|ss_nuc_start=258|ss_seq=GGGTGAA|tmd-SS_gap_size=54|ensembl_uniprot_annotation=No_uniprot_annotation|blastp_uniprot_annotation=P48556|transcript_canonical_status=Alternative|TMD_dG_app=5.09|SS_dG_fs=2.72|stem_loop_presence=Yes|fs_type=dual_-1|frame_transition=88|terminal_stop_codon=yes		0	0	8.4931917E8	0	0	0	4.21940896E8	0	2.16639488E9	2.55658598E9	0	0
ensembl_transcript_id=ENST00000619898.5|ensembl_gene_id=ENSG00000114902.14|gene_name=SPCS1|tmd_start=45|tmd_end=64|tmd_seq=FGWTVYIVMAGFAFSCLLTL|ss_nuc_start=297|ss_seq=TAAAAAT|tmd-SS_gap_size=35|ensembl_uniprot_annotation=No_uniprot_annotation|blastp_uniprot_annotation=Q9Y6A9|transcript_canonical_status=Canonical|TMD_dG_app=-0.89|SS_dG_fs=1.26|stem_loop_presence=No|fs_type=dual_-1|frame_transition=101|terminal_stop_codon=yes		0	1.52881664E8	2.52672368E8	1.50817434E9	1.74156752E8	0	1.59317792E8	0	1.91332966E9	0	4.34508672E8	4.8536112E7
ensembl_transcript_id=ENST00000632244.1|ensembl_gene_id=ENSG00000276021.4|gene_name=WDR81|tmd_start=1392|tmd_end=1412|tmd_seq=ARTILCVKTISLIALICLRIG|ss_nuc_start=4401|ss_seq=GGACCCC|tmd-SS_gap_size=55|ensembl_uniprot_annotation=No_uniprot_annotation|blastp_uniprot_annotation=Q562E7|transcript_canonical_status=Canonical|TMD_dG_app=-0.02|SS_dG_fs=2.61|stem_loop_presence=Yes|fs_type=dual_-1|frame_transition=1469|terminal_stop_codon=yes		0	0	0	0	0	0	2.8545344E7	0	0	2.275852E7	0	0
ensembl_transcript_id=ENST00000638088.2|ensembl_gene_id=ENSG00000173852.16|gene_name=DPY19L1|tmd_start=477|tmd_end=500|tmd_seq=LRYTKTLLLPVVLVVFVAIVRKII|ss_nuc_start=1614|ss_seq=TATTTTA|tmd-SS_gap_size=38|ensembl_uniprot_annotation=No_uniprot_annotation|blastp_uniprot_annotation=Q2PZI1|transcript_canonical_status=Canonical|TMD_dG_app=-1.93|SS_dG_fs=1.11|stem_loop_presence=Yes|fs_type=dual_-1|frame_transition=540|terminal_stop_codon=yes		0	1.0428484E8	8.6597888E8	1.58221363E9	2.93682496E8	0	4.05359936E8	2.7184096E8	3.6636016E8	1.0671024E8	9583064.0	2.9344692E7
ensembl_transcript_id=ENST00000638099.1|ensembl_gene_id=ENSG00000166206.16|gene_name=GABRB3|tmd_start=272|tmd_end=294|tmd_seq=AIDMYLMGCFVFVFLALLEYAFV|ss_nuc_start=1017|ss_seq=GGAAGTT|tmd-SS_gap_size=45|ensembl_uniprot_annotation=No_uniprot_annotation|blastp_uniprot_annotation=P28472|transcript_canonical_status=Alternative|TMD_dG_app=-2.01|SS_dG_fs=2.42|stem_loop_presence=Yes|fs_type=dual_-1|frame_transition=341|terminal_stop_codon=yes		0	0	0	0	0	0	0	0	0	0	0	1.0343191E7
ensembl_transcript_id=ENST00000679380.1|ensembl_gene_id=ENSG00000185885.17|gene_name=IFITM1|tmd_start=37|tmd_end=61|tmd_seq=VVWSLFNTLFLNWCCLGFIAFAYSV|ss_nuc_start=330|ss_seq=TTATGTT|tmd-SS_gap_size=49|ensembl_uniprot_annotation=No_uniprot_annotation|blastp_uniprot_annotation=P13164|transcript_canonical_status=Alternative|TMD_dG_app=-0.76|SS_dG_fs=2.67|stem_loop_presence=Yes|fs_type=dual_-1|frame_transition=112|terminal_stop_codon=yes		0	0	0	0	0	0	0	0	0	3.6287484E10	0	0
ensembl_transcript_id=ENST00000680220.1|ensembl_gene_id=ENSG00000174373.17|gene_name=RALGAPA1|tmd_start=1891|tmd_end=1914|tmd_seq=KRLVVSLLLCLLDWIMALPLKTLL|ss_nuc_start=5862|ss_seq=TTTTCCC|tmd-SS_gap_size=40|ensembl_uniprot_annotation=No_uniprot_annotation|blastp_uniprot_annotation=Q6GYQ0|transcript_canonical_status=Canonical|TMD_dG_app=-0.62|SS_dG_fs=1.73|stem_loop_presence=Yes|fs_type=dual_-1|frame_transition=1956|terminal_stop_codon=yes		0	0	1.688706E7	0	0	0	0	4.1469984E7	1.419818E7	0	0	0
ensembl_transcript_id=ENST00000680498.1|ensembl_gene_id=ENSG00000177119.17|gene_name=ANO6|tmd_start=162|tmd_end=186|tmd_seq=WLGYYTQMLLLAAVVGVACFLYGYL|ss_nuc_start=663|ss_seq=CAATATT|tmd-SS_gap_size=35|ensembl_uniprot_annotation=No_uniprot_annotation|blastp_uniprot_annotation=Q4KMQ2|transcript_canonical_status=Alternative|TMD_dG_app=-2.90|SS_dG_fs=2.62|stem_loop_presence=Yes|fs_type=dual_-1|frame_transition=223|terminal_stop_codon=yes		0	5.3201916E7	0	8.0265152E7	0	0	0	0	0	0	0	0
ensembl_transcript_id=ENST00000683056.1|ensembl_gene_id=ENSG00000101849.18|gene_name=TBL1X|tmd_start=16|tmd_end=35|tmd_seq=LAQQQASAAAAAAAATAAAT|ss_nuc_start=222|ss_seq=GGAAATA|tmd-SS_gap_size=39|ensembl_uniprot_annotation=No_uniprot_annotation|blastp_uniprot_annotation=O60907|transcript_canonical_status=Alternative|TMD_dG_app=4.19|SS_dG_fs=1.91|stem_loop_presence=Yes|fs_type=dual_-1|frame_transition=76|terminal_stop_codon=yes		0	0	0	0	0	0	0	0	6.3480364E7	0	0	0
ensembl_transcript_id=ENST00000683152.1|ensembl_gene_id=ENSG00000019485.14|gene_name=PRDM11|tmd_start=878|tmd_end=898|tmd_seq=IKLIYFLLDVIAVLSRLAYIF|ss_nuc_start=2805|ss_seq=GAATTTC|tmd-SS_gap_size=37|ensembl_uniprot_annotation=No_uniprot_annotation|blastp_uniprot_annotation=Q9NQV5|transcript_canonical_status=Canonical|TMD_dG_app=-0.12|SS_dG_fs=2.69|stem_loop_presence=Yes|fs_type=dual_-1|frame_transition=937|terminal_stop_codon=yes		0	0	0	0	0	0	0	0	0	0	0	359073.38
ensembl_transcript_id=ENST00000691172.1|ensembl_gene_id=ENSG00000102158.22|gene_name=MAGT1|tmd_start=152|tmd_end=173|tmd_seq=YAGPLMLGLLLAVIGGLVYLRR|ss_nuc_start=660|ss_seq=GAATTAT|tmd-SS_gap_size=47|ensembl_uniprot_annotation=No_uniprot_annotation|blastp_uniprot_annotation=Q9H0U3|transcript_canonical_status=Alternative|TMD_dG_app=-1.42|SS_dG_fs=1.89|stem_loop_presence=Yes|fs_type=dual_-1|frame_transition=222|terminal_stop_codon=yes		0	0	1.01955027E9	1.03169901E9	0	0	0	0	3.74009568E8	0	0	0
P00441	SOD1	0	0	0	0	0	0	0	0	0	2.27879936E8	0	0
P00766		0	0	1.67686288E8	0	0	1.1106123E7	0	0	8.7911322E9	0	0	0
P00883	ALDOA	7.9343725E8	0	0	0	1.61847056E8	0	1.09937088E9	3.5596272E8	5.8735334E8	6.9308764E9	0	0
P04040	CAT	0	0	0	0	0	0	0	0	8.7594977E9	9.7031322E8	0	0
P07339	CTSD	0	0	0	0	0	0	0	0	0	2.256608E9	0	0
P09211	GSTP1	3.5814608E8	0	0	0	0	0	0	0	0	1.27173901E9	0	0
P62937	PPIA	0	0	0	0	0	0	1.5669968E8	0	2.09663216E8	2.19994849E10	0	0
P62979	RPS27A	0	0	0	0	0	0	0	0	0	2.10200494E10	0	0
Q06830	PRDX1	0	0	9.7607002E8	0	0	1.4530904E7	2.3632318E7	0	0	9.6222848E7	0	0
