Spectrum	Spectrum File	Peptide	Modified Peptide	Extended Peptide	Prev AA	Next AA	Peptide Length	Charge	Retention	Observed Mass	Calibrated Observed Mass	Observed M/Z	Calibrated Observed M/Z	Calculated Peptide Mass	Calculated M/Z	Delta Mass	Expectation	Hyperscore	Nextscore	Probability	Qvalue	Number of Enzymatic Termini	Number of Missed Cleavages	Protein Start	Protein End	Intensity	Assigned Modifications	Observed Modifications	Purity	Is Decoy	Is Contaminant	Is Unique	Protein	Protein ID	Entry Name	Gene	Protein Description	Mapped Genes	Mapped Proteins	Parent Scan Number	Apex Retention Time	Apex Scan Number	Retention Time Start	Retention Time End	Retention Time FWHM	Traced Scans
20151023_alr_CompleteHumanProteome_HeLaS3_ETD_LysC_fr1_151024094400_sub.20258.20258.3	interact-20151023_alr_CompleteHumanProteome_HeLaS3_ETD_LysC_fr1_151024094400_sub.pep.xml	MLEHLSSLPTQMDYK	M[147]LEHLSSLPTQMDYK	-.MLEHLSSLPTQMDYK.GQKLAEQM	-	G	15	3	2964.1934	1807.8533	1807.8533	603.6250	603.6250	1807.8484	603.6234	0.0048	0.00000000043401	49.9500	14.4360	0.9931	0.00000000000000	2	0	1	15	5.480025E8	1M(15.9949)		0.00	false	false	false	ensembl_transcript_id=ENST00000619898.5|ensembl_gene_id=ENSG00000114902.14|gene_name=SPCS1|tmd_start=45|tmd_end=64|tmd_seq=FGWTVYIVMAGFAFSCLLTL|ss_nuc_start=297|ss_seq=TAAAAAT|tmd-SS_gap_size=35|ensembl_uniprot_annotation=No_uniprot_annotation|blastp_uniprot_annotation=Q9Y6A9|transcript_canonical_status=Canonical|TMD_dG_app=-0.89|SS_dG_fs=1.26|stem_loop_presence=No|fs_type=dual_-1|frame_transition=101|terminal_stop_codon=yes	ensembl_transcript_id=ENST00000619898.5|ensembl_gene_id=ENSG00000114902.14|gene_name=SPCS1|tmd_start=45|tmd_end=64|tmd_seq=FGWTVYIVMAGFAFSCLLTL|ss_nuc_start=297|ss_seq=TAAAAAT|tmd-SS_gap_size=35|ensembl_uniprot_annotation=No_uniprot_annotation|blastp_uniprot_annotation=Q9Y6A9|transcript_canonical_status=Canonical|TMD_dG_app=-0.89|SS_dG_fs=1.26|stem_loop_presence=No|fs_type=dual_-1|frame_transition=101|terminal_stop_codon=yes	ensembl_transcript_id=ENST00000619898.5|ensembl_gene_id=ENSG00000114902.14|gene_name=SPCS1|tmd_start=45|tmd_end=64|tmd_seq=FGWTVYIVMAGFAFSCLLTL|ss_nuc_start=297|ss_seq=TAAAAAT|tmd-SS_gap_size=35|ensembl_uniprot_annotation=No_uniprot_annotation|blastp_uniprot_annotation=Q9Y6A9|transcript_canonical_status=Canonical|TMD_dG_app=-0.89|SS_dG_fs=1.26|stem_loop_presence=No|fs_type=dual_-1|frame_transition=101|terminal_stop_codon=yes		ensembl_transcript_id=ENST00000619898.5|ensembl_gene_id=ENSG00000114902.14|gene_name=SPCS1|tmd_start=45|tmd_end=64|tmd_seq=FGWTVYIVMAGFAFSCLLTL|ss_nuc_start=297|ss_seq=TAAAAAT|tmd-SS_gap_size=35|ensembl_uniprot_annotation=No_uniprot_annotation|blastp_uniprot_annotation=Q9Y6A9|transcript_canonical_status=Canonical|TMD_dG_app=-0.89|SS_dG_fs=1.26|stem_loop_presence=No|fs_type=dual_-1|frame_transition=101|terminal_stop_codon=yes		ensembl_transcript_id=ENST00000619898.5|ensembl_gene_id=ENSG00000114902.14|gene_name=SPCS1|tmd_start=45|tmd_end=64|tmd_seq=FGWTVYIVMAGFAFSCLLTL|ss_nuc_start=297|ss_seq=TAAAAAT|tmd-SS_gap_size=35|ensembl_uniprot_annotation=No_uniprot_annotation|blastp_uniprot_annotation=Q9Y6A9|transcript_canonical_status=Canonical|TMD_dG_app=-0.89|SS_dG_fs=1.26|stem_loop_presence=No|fs_type=hungry_-1|frame_transition=100|terminal_stop_codon=yes, ensembl_transcript_id=ENST00000619898.5|ensembl_gene_id=ENSG00000114902.14|gene_name=SPCS1|tmd_start=45|tmd_end=64|tmd_seq=FGWTVYIVMAGFAFSCLLTL|ss_nuc_start=297|ss_seq=TAAAAAT|tmd-SS_gap_size=35|ensembl_uniprot_annotation=No_uniprot_annotation|blastp_uniprot_annotation=Q9Y6A9|transcript_canonical_status=Canonical|TMD_dG_app=-0.89|SS_dG_fs=1.26|stem_loop_presence=No|fs_type=hungry_-2|frame_transition=100|terminal_stop_codon=no, ensembl_transcript_id=ENST00000619898.5|ensembl_gene_id=ENSG00000114902.14|gene_name=SPCS1|tmd_start=45|tmd_end=64|tmd_seq=FGWTVYIVMAGFAFSCLLTL|ss_nuc_start=300|ss_seq=AAATAAT|tmd-SS_gap_size=36|ensembl_uniprot_annotation=No_uniprot_annotation|blastp_uniprot_annotation=Q9Y6A9|transcript_canonical_status=Canonical|TMD_dG_app=-0.89|SS_dG_fs=2.14|stem_loop_presence=No|fs_type=dual_-1|frame_transition=102|terminal_stop_codon=no, ensembl_transcript_id=ENST00000619898.5|ensembl_gene_id=ENSG00000114902.14|gene_name=SPCS1|tmd_start=45|tmd_end=64|tmd_seq=FGWTVYIVMAGFAFSCLLTL|ss_nuc_start=300|ss_seq=AAATAAT|tmd-SS_gap_size=36|ensembl_uniprot_annotation=No_uniprot_annotation|blastp_uniprot_annotation=Q9Y6A9|transcript_canonical_status=Canonical|TMD_dG_app=-0.89|SS_dG_fs=2.14|stem_loop_presence=No|fs_type=hungry_-1|frame_transition=101|terminal_stop_codon=yes, ensembl_transcript_id=ENST00000619898.5|ensembl_gene_id=ENSG00000114902.14|gene_name=SPCS1|tmd_start=45|tmd_end=64|tmd_seq=FGWTVYIVMAGFAFSCLLTL|ss_nuc_start=300|ss_seq=AAATAAT|tmd-SS_gap_size=36|ensembl_uniprot_annotation=No_uniprot_annotation|blastp_uniprot_annotation=Q9Y6A9|transcript_canonical_status=Canonical|TMD_dG_app=-0.89|SS_dG_fs=2.14|stem_loop_presence=No|fs_type=hungry_-2|frame_transition=101|terminal_stop_codon=no	20229	2966.1353	20273	2945.2751	3072.0981	15.568001	44
20151023_alr_CompleteHumanProteome_HeLaS3_ETD_LysC_fr1_151024094400_sub.22303.22303.3	interact-20151023_alr_CompleteHumanProteome_HeLaS3_ETD_LysC_fr1_151024094400_sub.pep.xml	MLEHLSSLPTQMDYK		-.MLEHLSSLPTQMDYK.GQKLAEQM	-	G	15	3	3202.9768	1791.8638	1791.8638	598.2952	598.2952	1791.8535	598.2918	0.0102	0.00002078500000	29.2290	9.3400	0.9240	0.00000000000000	2	0	1	15	2.12856243E9			0.00	false	false	false	ensembl_transcript_id=ENST00000619898.5|ensembl_gene_id=ENSG00000114902.14|gene_name=SPCS1|tmd_start=45|tmd_end=64|tmd_seq=FGWTVYIVMAGFAFSCLLTL|ss_nuc_start=297|ss_seq=TAAAAAT|tmd-SS_gap_size=35|ensembl_uniprot_annotation=No_uniprot_annotation|blastp_uniprot_annotation=Q9Y6A9|transcript_canonical_status=Canonical|TMD_dG_app=-0.89|SS_dG_fs=1.26|stem_loop_presence=No|fs_type=dual_-1|frame_transition=101|terminal_stop_codon=yes	ensembl_transcript_id=ENST00000619898.5|ensembl_gene_id=ENSG00000114902.14|gene_name=SPCS1|tmd_start=45|tmd_end=64|tmd_seq=FGWTVYIVMAGFAFSCLLTL|ss_nuc_start=297|ss_seq=TAAAAAT|tmd-SS_gap_size=35|ensembl_uniprot_annotation=No_uniprot_annotation|blastp_uniprot_annotation=Q9Y6A9|transcript_canonical_status=Canonical|TMD_dG_app=-0.89|SS_dG_fs=1.26|stem_loop_presence=No|fs_type=dual_-1|frame_transition=101|terminal_stop_codon=yes	ensembl_transcript_id=ENST00000619898.5|ensembl_gene_id=ENSG00000114902.14|gene_name=SPCS1|tmd_start=45|tmd_end=64|tmd_seq=FGWTVYIVMAGFAFSCLLTL|ss_nuc_start=297|ss_seq=TAAAAAT|tmd-SS_gap_size=35|ensembl_uniprot_annotation=No_uniprot_annotation|blastp_uniprot_annotation=Q9Y6A9|transcript_canonical_status=Canonical|TMD_dG_app=-0.89|SS_dG_fs=1.26|stem_loop_presence=No|fs_type=dual_-1|frame_transition=101|terminal_stop_codon=yes		ensembl_transcript_id=ENST00000619898.5|ensembl_gene_id=ENSG00000114902.14|gene_name=SPCS1|tmd_start=45|tmd_end=64|tmd_seq=FGWTVYIVMAGFAFSCLLTL|ss_nuc_start=297|ss_seq=TAAAAAT|tmd-SS_gap_size=35|ensembl_uniprot_annotation=No_uniprot_annotation|blastp_uniprot_annotation=Q9Y6A9|transcript_canonical_status=Canonical|TMD_dG_app=-0.89|SS_dG_fs=1.26|stem_loop_presence=No|fs_type=dual_-1|frame_transition=101|terminal_stop_codon=yes		ensembl_transcript_id=ENST00000619898.5|ensembl_gene_id=ENSG00000114902.14|gene_name=SPCS1|tmd_start=45|tmd_end=64|tmd_seq=FGWTVYIVMAGFAFSCLLTL|ss_nuc_start=297|ss_seq=TAAAAAT|tmd-SS_gap_size=35|ensembl_uniprot_annotation=No_uniprot_annotation|blastp_uniprot_annotation=Q9Y6A9|transcript_canonical_status=Canonical|TMD_dG_app=-0.89|SS_dG_fs=1.26|stem_loop_presence=No|fs_type=hungry_-1|frame_transition=100|terminal_stop_codon=yes, ensembl_transcript_id=ENST00000619898.5|ensembl_gene_id=ENSG00000114902.14|gene_name=SPCS1|tmd_start=45|tmd_end=64|tmd_seq=FGWTVYIVMAGFAFSCLLTL|ss_nuc_start=297|ss_seq=TAAAAAT|tmd-SS_gap_size=35|ensembl_uniprot_annotation=No_uniprot_annotation|blastp_uniprot_annotation=Q9Y6A9|transcript_canonical_status=Canonical|TMD_dG_app=-0.89|SS_dG_fs=1.26|stem_loop_presence=No|fs_type=hungry_-2|frame_transition=100|terminal_stop_codon=no, ensembl_transcript_id=ENST00000619898.5|ensembl_gene_id=ENSG00000114902.14|gene_name=SPCS1|tmd_start=45|tmd_end=64|tmd_seq=FGWTVYIVMAGFAFSCLLTL|ss_nuc_start=300|ss_seq=AAATAAT|tmd-SS_gap_size=36|ensembl_uniprot_annotation=No_uniprot_annotation|blastp_uniprot_annotation=Q9Y6A9|transcript_canonical_status=Canonical|TMD_dG_app=-0.89|SS_dG_fs=2.14|stem_loop_presence=No|fs_type=dual_-1|frame_transition=102|terminal_stop_codon=no, ensembl_transcript_id=ENST00000619898.5|ensembl_gene_id=ENSG00000114902.14|gene_name=SPCS1|tmd_start=45|tmd_end=64|tmd_seq=FGWTVYIVMAGFAFSCLLTL|ss_nuc_start=300|ss_seq=AAATAAT|tmd-SS_gap_size=36|ensembl_uniprot_annotation=No_uniprot_annotation|blastp_uniprot_annotation=Q9Y6A9|transcript_canonical_status=Canonical|TMD_dG_app=-0.89|SS_dG_fs=2.14|stem_loop_presence=No|fs_type=hungry_-1|frame_transition=101|terminal_stop_codon=yes, ensembl_transcript_id=ENST00000619898.5|ensembl_gene_id=ENSG00000114902.14|gene_name=SPCS1|tmd_start=45|tmd_end=64|tmd_seq=FGWTVYIVMAGFAFSCLLTL|ss_nuc_start=300|ss_seq=AAATAAT|tmd-SS_gap_size=36|ensembl_uniprot_annotation=No_uniprot_annotation|blastp_uniprot_annotation=Q9Y6A9|transcript_canonical_status=Canonical|TMD_dG_app=-0.89|SS_dG_fs=2.14|stem_loop_presence=No|fs_type=hungry_-2|frame_transition=101|terminal_stop_codon=no	22270	3181.143	22114	3149.7502	3234.2031	13.64	30
20151023_alr_CompleteHumanProteome_HeLaS3_ETD_LysC_fr20_sub.20276.20276.2	interact-20151023_alr_CompleteHumanProteome_HeLaS3_ETD_LysC_fr20_sub.pep.xml	FEDENFILK		GKSIYGEK.FEDENFILK.HTGPGILS	K	H	9	2	3465.6719	1153.5648	1153.5648	577.7897	577.7897	1153.5654	577.7900	-0.0006	0.17378010000000	13.5400	12.7940	0.9780	0.00000000000000	2	0	83	91	1.16876688E8			0.00	false	false	true	sp|P62937|PPIA_HUMAN	P62937	PPIA_HUMAN	PPIA	Peptidyl-prolyl cis-trans isomerase A			20273	3469.321	20303	3464.7952	3484.3242	8.803	17
20151023_alr_CompleteHumanProteome_HeLaS3_ETD_LysC_fr20_sub.21058.21058.2	interact-20151023_alr_CompleteHumanProteome_HeLaS3_ETD_LysC_fr20_sub.pep.xml	FEDENFILK		GKSIYGEK.FEDENFILK.HTGPGILS	K	H	9	2	3578.3367	1153.5643	1153.5643	577.7894	577.7894	1153.5654	577.7900	-0.0011	0.26714680000000	13.7930	10.6510	0.9703	0.00000000000000	2	0	83	91	2.62339904E8			0.00	false	false	true	sp|P62937|PPIA_HUMAN	P62937	PPIA_HUMAN	PPIA	Peptidyl-prolyl cis-trans isomerase A			21042	3578.308	21057	3556.9512	3601.9502	38.065002	41
20151023_alr_CompleteHumanProteome_HeLaS3_ETD_LysC_fr20_sub.21294.21294.2	interact-20151023_alr_CompleteHumanProteome_HeLaS3_ETD_LysC_fr20_sub.pep.xml	FEDENFILK		GKSIYGEK.FEDENFILK.HTGPGILS	K	H	9	2	3611.9453	1153.5654	1153.5654	577.7900	577.7900	1153.5654	577.7900	0.0000	0.36161790000000	13.2670	11.9480	0.9423	0.00000000000000	2	0	83	91	1.33491344E8			0.00	false	false	true	sp|P62937|PPIA_HUMAN	P62937	PPIA_HUMAN	PPIA	Peptidyl-prolyl cis-trans isomerase A			21276	3609.018	21269	3601.184	3625.7952	18.815	23
20151023_alr_CompleteHumanProteome_HeLaS3_ETD_LysC_fr20_sub.22626.22626.2	interact-20151023_alr_CompleteHumanProteome_HeLaS3_ETD_LysC_fr20_sub.pep.xml	FEDENFILK		GKSIYGEK.FEDENFILK.HTGPGILS	K	H	9	2	3815.1294	1153.5650	1153.5650	577.7898	577.7898	1153.5654	577.7900	-0.0004	0.89639640000000	13.6900	11.1930	0.9597	0.00000000000000	2	0	83	91	7.6455448E7			0.00	false	false	true	sp|P62937|PPIA_HUMAN	P62937	PPIA_HUMAN	PPIA	Peptidyl-prolyl cis-trans isomerase A			22613	3820.5413	22663	3794.454	3825.7292	27.681002	19
20151023_alr_CompleteHumanProteome_HeLaS3_ETD_LysC_fr20_sub.22924.22924.2	interact-20151023_alr_CompleteHumanProteome_HeLaS3_ETD_LysC_fr20_sub.pep.xml	FEDENFILK		GKSIYGEK.FEDENFILK.HTGPGILS	K	H	9	2	3854.9802	1153.5662	1153.5662	577.7904	577.7904	1153.5654	577.7900	0.0007	0.18176070000000	14.4620	13.2520	0.9648	0.00000000000000	2	0	83	91	0			0.00	false	false	true	sp|P62937|PPIA_HUMAN	P62937	PPIA_HUMAN	PPIA	Peptidyl-prolyl cis-trans isomerase A			22918	0.0	0	0.0	0.0	0.0	0
20151023_alr_CompleteHumanProteome_HeLaS3_ETD_LysC_fr20_sub.23578.23578.3	interact-20151023_alr_CompleteHumanProteome_HeLaS3_ETD_LysC_fr20_sub.pep.xml	DFSFRYQQELEEEIK		KTKKMGGK.DFSFRYQQELEEEIK.ELYENFCK	K	E	15	3	3953.0918	1960.9250	1960.9250	654.6489	654.6489	1959.9213	654.3144	1.0037	0.04280554000000	15.9740	9.0960	0.9772	0.00000000000000	2	0	390	404	1.89738592E8			0.00	false	false	false	ensembl_transcript_id=ENST00000538786.1|ensembl_gene_id=ENSG00000184743.13|gene_name=ATL3|tmd_start=450|tmd_end=474|tmd_seq=VVAQLFNCMVGLLLIALLTWGYIRY|ss_nuc_start=1554|ss_seq=GGATAAA|tmd-SS_gap_size=44|ensembl_uniprot_annotation=No_uniprot_annotation|blastp_uniprot_annotation=Q6DD88|transcript_canonical_status=Alternative|TMD_dG_app=-1.96|SS_dG_fs=1.81|stem_loop_presence=No|fs_type=dual_-1|frame_transition=520|terminal_stop_codon=no	ensembl_transcript_id=ENST00000538786.1|ensembl_gene_id=ENSG00000184743.13|gene_name=ATL3|tmd_start=450|tmd_end=474|tmd_seq=VVAQLFNCMVGLLLIALLTWGYIRY|ss_nuc_start=1554|ss_seq=GGATAAA|tmd-SS_gap_size=44|ensembl_uniprot_annotation=No_uniprot_annotation|blastp_uniprot_annotation=Q6DD88|transcript_canonical_status=Alternative|TMD_dG_app=-1.96|SS_dG_fs=1.81|stem_loop_presence=No|fs_type=dual_-1|frame_transition=520|terminal_stop_codon=no	ensembl_transcript_id=ENST00000538786.1|ensembl_gene_id=ENSG00000184743.13|gene_name=ATL3|tmd_start=450|tmd_end=474|tmd_seq=VVAQLFNCMVGLLLIALLTWGYIRY|ss_nuc_start=1554|ss_seq=GGATAAA|tmd-SS_gap_size=44|ensembl_uniprot_annotation=No_uniprot_annotation|blastp_uniprot_annotation=Q6DD88|transcript_canonical_status=Alternative|TMD_dG_app=-1.96|SS_dG_fs=1.81|stem_loop_presence=No|fs_type=dual_-1|frame_transition=520|terminal_stop_codon=no		ensembl_transcript_id=ENST00000538786.1|ensembl_gene_id=ENSG00000184743.13|gene_name=ATL3|tmd_start=450|tmd_end=474|tmd_seq=VVAQLFNCMVGLLLIALLTWGYIRY|ss_nuc_start=1554|ss_seq=GGATAAA|tmd-SS_gap_size=44|ensembl_uniprot_annotation=No_uniprot_annotation|blastp_uniprot_annotation=Q6DD88|transcript_canonical_status=Alternative|TMD_dG_app=-1.96|SS_dG_fs=1.81|stem_loop_presence=No|fs_type=dual_-1|frame_transition=520|terminal_stop_codon=no		ensembl_transcript_id=ENST00000398868.8|ensembl_gene_id=ENSG00000184743.13|gene_name=ATL3|tmd_start=468|tmd_end=492|tmd_seq=VVAQLFNCMVGLLLIALLTWGYIRY|ss_nuc_start=1608|ss_seq=GGATAAA|tmd-SS_gap_size=44|ensembl_uniprot_annotation=Q6DD88|blastp_uniprot_annotation=Q6DD88|transcript_canonical_status=Canonical|TMD_dG_app=-1.96|SS_dG_fs=1.81|stem_loop_presence=No|fs_type=dual_-1|frame_transition=538|terminal_stop_codon=no, ensembl_transcript_id=ENST00000398868.8|ensembl_gene_id=ENSG00000184743.13|gene_name=ATL3|tmd_start=468|tmd_end=492|tmd_seq=VVAQLFNCMVGLLLIALLTWGYIRY|ss_nuc_start=1608|ss_seq=GGATAAA|tmd-SS_gap_size=44|ensembl_uniprot_annotation=Q6DD88|blastp_uniprot_annotation=Q6DD88|transcript_canonical_status=Canonical|TMD_dG_app=-1.96|SS_dG_fs=1.81|stem_loop_presence=No|fs_type=hungry_-1|frame_transition=537|terminal_stop_codon=yes, ensembl_transcript_id=ENST00000398868.8|ensembl_gene_id=ENSG00000184743.13|gene_name=ATL3|tmd_start=468|tmd_end=492|tmd_seq=VVAQLFNCMVGLLLIALLTWGYIRY|ss_nuc_start=1608|ss_seq=GGATAAA|tmd-SS_gap_size=44|ensembl_uniprot_annotation=Q6DD88|blastp_uniprot_annotation=Q6DD88|transcript_canonical_status=Canonical|TMD_dG_app=-1.96|SS_dG_fs=1.81|stem_loop_presence=No|fs_type=hungry_-2|frame_transition=537|terminal_stop_codon=no, ensembl_transcript_id=ENST00000398868.8|ensembl_gene_id=ENSG00000184743.13|gene_name=ATL3|tmd_start=468|tmd_end=492|tmd_seq=VVAQLFNCMVGLLLIALLTWGYIRY|ss_nuc_start=1611|ss_seq=TAAAAAA|tmd-SS_gap_size=45|ensembl_uniprot_annotation=Q6DD88|blastp_uniprot_annotation=Q6DD88|transcript_canonical_status=Canonical|TMD_dG_app=-1.96|SS_dG_fs=0.93|stem_loop_presence=No|fs_type=dual_-1|frame_transition=539|terminal_stop_codon=no, ensembl_transcript_id=ENST00000398868.8|ensembl_gene_id=ENSG00000184743.13|gene_name=ATL3|tmd_start=468|tmd_end=492|tmd_seq=VVAQLFNCMVGLLLIALLTWGYIRY|ss_nuc_start=1611|ss_seq=TAAAAAA|tmd-SS_gap_size=45|ensembl_uniprot_annotation=Q6DD88|blastp_uniprot_annotation=Q6DD88|transcript_canonical_status=Canonical|TMD_dG_app=-1.96|SS_dG_fs=0.93|stem_loop_presence=No|fs_type=hungry_-1|frame_transition=538|terminal_stop_codon=no, ensembl_transcript_id=ENST00000398868.8|ensembl_gene_id=ENSG00000184743.13|gene_name=ATL3|tmd_start=468|tmd_end=492|tmd_seq=VVAQLFNCMVGLLLIALLTWGYIRY|ss_nuc_start=1611|ss_seq=TAAAAAA|tmd-SS_gap_size=45|ensembl_uniprot_annotation=Q6DD88|blastp_uniprot_annotation=Q6DD88|transcript_canonical_status=Canonical|TMD_dG_app=-1.96|SS_dG_fs=0.93|stem_loop_presence=No|fs_type=hungry_-2|frame_transition=538|terminal_stop_codon=no, ensembl_transcript_id=ENST00000538786.1|ensembl_gene_id=ENSG00000184743.13|gene_name=ATL3|tmd_start=450|tmd_end=474|tmd_seq=VVAQLFNCMVGLLLIALLTWGYIRY|ss_nuc_start=1554|ss_seq=GGATAAA|tmd-SS_gap_size=44|ensembl_uniprot_annotation=No_uniprot_annotation|blastp_uniprot_annotation=Q6DD88|transcript_canonical_status=Alternative|TMD_dG_app=-1.96|SS_dG_fs=1.81|stem_loop_presence=No|fs_type=hungry_-1|frame_transition=519|terminal_stop_codon=yes, ensembl_transcript_id=ENST00000538786.1|ensembl_gene_id=ENSG00000184743.13|gene_name=ATL3|tmd_start=450|tmd_end=474|tmd_seq=VVAQLFNCMVGLLLIALLTWGYIRY|ss_nuc_start=1554|ss_seq=GGATAAA|tmd-SS_gap_size=44|ensembl_uniprot_annotation=No_uniprot_annotation|blastp_uniprot_annotation=Q6DD88|transcript_canonical_status=Alternative|TMD_dG_app=-1.96|SS_dG_fs=1.81|stem_loop_presence=No|fs_type=hungry_-2|frame_transition=519|terminal_stop_codon=no, ensembl_transcript_id=ENST00000538786.1|ensembl_gene_id=ENSG00000184743.13|gene_name=ATL3|tmd_start=450|tmd_end=474|tmd_seq=VVAQLFNCMVGLLLIALLTWGYIRY|ss_nuc_start=1557|ss_seq=TAAAAAA|tmd-SS_gap_size=45|ensembl_uniprot_annotation=No_uniprot_annotation|blastp_uniprot_annotation=Q6DD88|transcript_canonical_status=Alternative|TMD_dG_app=-1.96|SS_dG_fs=0.93|stem_loop_presence=No|fs_type=dual_-1|frame_transition=521|terminal_stop_codon=no, ensembl_transcript_id=ENST00000538786.1|ensembl_gene_id=ENSG00000184743.13|gene_name=ATL3|tmd_start=450|tmd_end=474|tmd_seq=VVAQLFNCMVGLLLIALLTWGYIRY|ss_nuc_start=1557|ss_seq=TAAAAAA|tmd-SS_gap_size=45|ensembl_uniprot_annotation=No_uniprot_annotation|blastp_uniprot_annotation=Q6DD88|transcript_canonical_status=Alternative|TMD_dG_app=-1.96|SS_dG_fs=0.93|stem_loop_presence=No|fs_type=hungry_-1|frame_transition=520|terminal_stop_codon=no, ensembl_transcript_id=ENST00000538786.1|ensembl_gene_id=ENSG00000184743.13|gene_name=ATL3|tmd_start=450|tmd_end=474|tmd_seq=VVAQLFNCMVGLLLIALLTWGYIRY|ss_nuc_start=1557|ss_seq=TAAAAAA|tmd-SS_gap_size=45|ensembl_uniprot_annotation=No_uniprot_annotation|blastp_uniprot_annotation=Q6DD88|transcript_canonical_status=Alternative|TMD_dG_app=-1.96|SS_dG_fs=0.93|stem_loop_presence=No|fs_type=hungry_-2|frame_transition=520|terminal_stop_codon=no	23565	3963.1702	23652	3947.0732	4019.7612	70.723	57
20151023_alr_CompleteHumanProteome_HeLaS3_ETD_LysC_fr20_sub.24149.24149.2	interact-20151023_alr_CompleteHumanProteome_HeLaS3_ETD_LysC_fr20_sub.pep.xml	FEDENFILK		GKSIYGEK.FEDENFILK.HTGPGILS	K	H	9	2	4029.3398	1153.5652	1153.5652	577.7899	577.7899	1153.5654	577.7900	-0.0002	0.29495110000000	13.6210	10.3070	0.9825	0.00000000000000	2	0	83	91	1.6117913E7			0.00	false	false	true	sp|P62937|PPIA_HUMAN	P62937	PPIA_HUMAN	PPIA	Peptidyl-prolyl cis-trans isomerase A			24147	4031.506	24166	4021.6182	4043.5103	3.1420002	8
20151023_alr_CompleteHumanProteome_HeLaS3_ETD_LysC_fr20_sub.25663.25663.2	interact-20151023_alr_CompleteHumanProteome_HeLaS3_ETD_LysC_fr20_sub.pep.xml	FEDENFILK		GKSIYGEK.FEDENFILK.HTGPGILS	K	H	9	2	4234.6750	1153.5634	1153.5634	577.7890	577.7890	1153.5654	577.7900	-0.0020	0.38238420000000	13.1700	10.4960	0.9368	0.00000000000000	2	0	83	91	9.0715032E7			0.00	false	false	true	sp|P62937|PPIA_HUMAN	P62937	PPIA_HUMAN	PPIA	Peptidyl-prolyl cis-trans isomerase A			25653	4230.2603	25631	4200.0083	4367.2793	33.483	123
20151023_alr_CompleteHumanProteome_HeLaS3_ETD_LysC_fr20_sub.26472.26472.3	interact-20151023_alr_CompleteHumanProteome_HeLaS3_ETD_LysC_fr20_sub.pep.xml	DFSFRYQQELEEEIK		KTKKMGGK.DFSFRYQQELEEEIK.ELYENFCK	K	E	15	3	4344.5645	1960.9238	1960.9238	654.6485	654.6485	1959.9213	654.3144	1.0025	0.13358270000000	15.9970	12.8290	0.9229	0.00000000000000	2	0	390	404	3.9783172E7			0.00	false	false	false	ensembl_transcript_id=ENST00000538786.1|ensembl_gene_id=ENSG00000184743.13|gene_name=ATL3|tmd_start=450|tmd_end=474|tmd_seq=VVAQLFNCMVGLLLIALLTWGYIRY|ss_nuc_start=1554|ss_seq=GGATAAA|tmd-SS_gap_size=44|ensembl_uniprot_annotation=No_uniprot_annotation|blastp_uniprot_annotation=Q6DD88|transcript_canonical_status=Alternative|TMD_dG_app=-1.96|SS_dG_fs=1.81|stem_loop_presence=No|fs_type=dual_-1|frame_transition=520|terminal_stop_codon=no	ensembl_transcript_id=ENST00000538786.1|ensembl_gene_id=ENSG00000184743.13|gene_name=ATL3|tmd_start=450|tmd_end=474|tmd_seq=VVAQLFNCMVGLLLIALLTWGYIRY|ss_nuc_start=1554|ss_seq=GGATAAA|tmd-SS_gap_size=44|ensembl_uniprot_annotation=No_uniprot_annotation|blastp_uniprot_annotation=Q6DD88|transcript_canonical_status=Alternative|TMD_dG_app=-1.96|SS_dG_fs=1.81|stem_loop_presence=No|fs_type=dual_-1|frame_transition=520|terminal_stop_codon=no	ensembl_transcript_id=ENST00000538786.1|ensembl_gene_id=ENSG00000184743.13|gene_name=ATL3|tmd_start=450|tmd_end=474|tmd_seq=VVAQLFNCMVGLLLIALLTWGYIRY|ss_nuc_start=1554|ss_seq=GGATAAA|tmd-SS_gap_size=44|ensembl_uniprot_annotation=No_uniprot_annotation|blastp_uniprot_annotation=Q6DD88|transcript_canonical_status=Alternative|TMD_dG_app=-1.96|SS_dG_fs=1.81|stem_loop_presence=No|fs_type=dual_-1|frame_transition=520|terminal_stop_codon=no		ensembl_transcript_id=ENST00000538786.1|ensembl_gene_id=ENSG00000184743.13|gene_name=ATL3|tmd_start=450|tmd_end=474|tmd_seq=VVAQLFNCMVGLLLIALLTWGYIRY|ss_nuc_start=1554|ss_seq=GGATAAA|tmd-SS_gap_size=44|ensembl_uniprot_annotation=No_uniprot_annotation|blastp_uniprot_annotation=Q6DD88|transcript_canonical_status=Alternative|TMD_dG_app=-1.96|SS_dG_fs=1.81|stem_loop_presence=No|fs_type=dual_-1|frame_transition=520|terminal_stop_codon=no		ensembl_transcript_id=ENST00000398868.8|ensembl_gene_id=ENSG00000184743.13|gene_name=ATL3|tmd_start=468|tmd_end=492|tmd_seq=VVAQLFNCMVGLLLIALLTWGYIRY|ss_nuc_start=1608|ss_seq=GGATAAA|tmd-SS_gap_size=44|ensembl_uniprot_annotation=Q6DD88|blastp_uniprot_annotation=Q6DD88|transcript_canonical_status=Canonical|TMD_dG_app=-1.96|SS_dG_fs=1.81|stem_loop_presence=No|fs_type=dual_-1|frame_transition=538|terminal_stop_codon=no, ensembl_transcript_id=ENST00000398868.8|ensembl_gene_id=ENSG00000184743.13|gene_name=ATL3|tmd_start=468|tmd_end=492|tmd_seq=VVAQLFNCMVGLLLIALLTWGYIRY|ss_nuc_start=1608|ss_seq=GGATAAA|tmd-SS_gap_size=44|ensembl_uniprot_annotation=Q6DD88|blastp_uniprot_annotation=Q6DD88|transcript_canonical_status=Canonical|TMD_dG_app=-1.96|SS_dG_fs=1.81|stem_loop_presence=No|fs_type=hungry_-1|frame_transition=537|terminal_stop_codon=yes, ensembl_transcript_id=ENST00000398868.8|ensembl_gene_id=ENSG00000184743.13|gene_name=ATL3|tmd_start=468|tmd_end=492|tmd_seq=VVAQLFNCMVGLLLIALLTWGYIRY|ss_nuc_start=1608|ss_seq=GGATAAA|tmd-SS_gap_size=44|ensembl_uniprot_annotation=Q6DD88|blastp_uniprot_annotation=Q6DD88|transcript_canonical_status=Canonical|TMD_dG_app=-1.96|SS_dG_fs=1.81|stem_loop_presence=No|fs_type=hungry_-2|frame_transition=537|terminal_stop_codon=no, ensembl_transcript_id=ENST00000398868.8|ensembl_gene_id=ENSG00000184743.13|gene_name=ATL3|tmd_start=468|tmd_end=492|tmd_seq=VVAQLFNCMVGLLLIALLTWGYIRY|ss_nuc_start=1611|ss_seq=TAAAAAA|tmd-SS_gap_size=45|ensembl_uniprot_annotation=Q6DD88|blastp_uniprot_annotation=Q6DD88|transcript_canonical_status=Canonical|TMD_dG_app=-1.96|SS_dG_fs=0.93|stem_loop_presence=No|fs_type=dual_-1|frame_transition=539|terminal_stop_codon=no, ensembl_transcript_id=ENST00000398868.8|ensembl_gene_id=ENSG00000184743.13|gene_name=ATL3|tmd_start=468|tmd_end=492|tmd_seq=VVAQLFNCMVGLLLIALLTWGYIRY|ss_nuc_start=1611|ss_seq=TAAAAAA|tmd-SS_gap_size=45|ensembl_uniprot_annotation=Q6DD88|blastp_uniprot_annotation=Q6DD88|transcript_canonical_status=Canonical|TMD_dG_app=-1.96|SS_dG_fs=0.93|stem_loop_presence=No|fs_type=hungry_-1|frame_transition=538|terminal_stop_codon=no, ensembl_transcript_id=ENST00000398868.8|ensembl_gene_id=ENSG00000184743.13|gene_name=ATL3|tmd_start=468|tmd_end=492|tmd_seq=VVAQLFNCMVGLLLIALLTWGYIRY|ss_nuc_start=1611|ss_seq=TAAAAAA|tmd-SS_gap_size=45|ensembl_uniprot_annotation=Q6DD88|blastp_uniprot_annotation=Q6DD88|transcript_canonical_status=Canonical|TMD_dG_app=-1.96|SS_dG_fs=0.93|stem_loop_presence=No|fs_type=hungry_-2|frame_transition=538|terminal_stop_codon=no, ensembl_transcript_id=ENST00000538786.1|ensembl_gene_id=ENSG00000184743.13|gene_name=ATL3|tmd_start=450|tmd_end=474|tmd_seq=VVAQLFNCMVGLLLIALLTWGYIRY|ss_nuc_start=1554|ss_seq=GGATAAA|tmd-SS_gap_size=44|ensembl_uniprot_annotation=No_uniprot_annotation|blastp_uniprot_annotation=Q6DD88|transcript_canonical_status=Alternative|TMD_dG_app=-1.96|SS_dG_fs=1.81|stem_loop_presence=No|fs_type=hungry_-1|frame_transition=519|terminal_stop_codon=yes, ensembl_transcript_id=ENST00000538786.1|ensembl_gene_id=ENSG00000184743.13|gene_name=ATL3|tmd_start=450|tmd_end=474|tmd_seq=VVAQLFNCMVGLLLIALLTWGYIRY|ss_nuc_start=1554|ss_seq=GGATAAA|tmd-SS_gap_size=44|ensembl_uniprot_annotation=No_uniprot_annotation|blastp_uniprot_annotation=Q6DD88|transcript_canonical_status=Alternative|TMD_dG_app=-1.96|SS_dG_fs=1.81|stem_loop_presence=No|fs_type=hungry_-2|frame_transition=519|terminal_stop_codon=no, ensembl_transcript_id=ENST00000538786.1|ensembl_gene_id=ENSG00000184743.13|gene_name=ATL3|tmd_start=450|tmd_end=474|tmd_seq=VVAQLFNCMVGLLLIALLTWGYIRY|ss_nuc_start=1557|ss_seq=TAAAAAA|tmd-SS_gap_size=45|ensembl_uniprot_annotation=No_uniprot_annotation|blastp_uniprot_annotation=Q6DD88|transcript_canonical_status=Alternative|TMD_dG_app=-1.96|SS_dG_fs=0.93|stem_loop_presence=No|fs_type=dual_-1|frame_transition=521|terminal_stop_codon=no, ensembl_transcript_id=ENST00000538786.1|ensembl_gene_id=ENSG00000184743.13|gene_name=ATL3|tmd_start=450|tmd_end=474|tmd_seq=VVAQLFNCMVGLLLIALLTWGYIRY|ss_nuc_start=1557|ss_seq=TAAAAAA|tmd-SS_gap_size=45|ensembl_uniprot_annotation=No_uniprot_annotation|blastp_uniprot_annotation=Q6DD88|transcript_canonical_status=Alternative|TMD_dG_app=-1.96|SS_dG_fs=0.93|stem_loop_presence=No|fs_type=hungry_-1|frame_transition=520|terminal_stop_codon=no, ensembl_transcript_id=ENST00000538786.1|ensembl_gene_id=ENSG00000184743.13|gene_name=ATL3|tmd_start=450|tmd_end=474|tmd_seq=VVAQLFNCMVGLLLIALLTWGYIRY|ss_nuc_start=1557|ss_seq=TAAAAAA|tmd-SS_gap_size=45|ensembl_uniprot_annotation=No_uniprot_annotation|blastp_uniprot_annotation=Q6DD88|transcript_canonical_status=Alternative|TMD_dG_app=-1.96|SS_dG_fs=0.93|stem_loop_presence=No|fs_type=hungry_-2|frame_transition=520|terminal_stop_codon=no	26456	4325.6123	26329	4309.931	4352.33	37.055	29
20151023_alr_CompleteHumanProteome_HeLaS3_ETD_LysC_fr22_sub.04575.04575.3	interact-20151023_alr_CompleteHumanProteome_HeLaS3_ETD_LysC_fr22_sub.pep.xml	RSLSETVTHRAK		TSKLSPTK.RSLSETVTHRAK.IMKIATKK	K	I	12	3	897.5638	1383.7565	1383.7565	462.2594	462.2594	1383.7582	462.2600	-0.0017	0.00000011789620	40.2140	12.1130	0.9949	0.00000000000000	2	0	1127	1138	2.497381E7			0.00	false	false	false	ensembl_transcript_id=ENST00000680220.1|ensembl_gene_id=ENSG00000174373.17|gene_name=RALGAPA1|tmd_start=1891|tmd_end=1914|tmd_seq=KRLVVSLLLCLLDWIMALPLKTLL|ss_nuc_start=5862|ss_seq=TTTTCCC|tmd-SS_gap_size=40|ensembl_uniprot_annotation=No_uniprot_annotation|blastp_uniprot_annotation=Q6GYQ0|transcript_canonical_status=Canonical|TMD_dG_app=-0.62|SS_dG_fs=1.73|stem_loop_presence=Yes|fs_type=dual_-1|frame_transition=1956|terminal_stop_codon=yes	ensembl_transcript_id=ENST00000680220.1|ensembl_gene_id=ENSG00000174373.17|gene_name=RALGAPA1|tmd_start=1891|tmd_end=1914|tmd_seq=KRLVVSLLLCLLDWIMALPLKTLL|ss_nuc_start=5862|ss_seq=TTTTCCC|tmd-SS_gap_size=40|ensembl_uniprot_annotation=No_uniprot_annotation|blastp_uniprot_annotation=Q6GYQ0|transcript_canonical_status=Canonical|TMD_dG_app=-0.62|SS_dG_fs=1.73|stem_loop_presence=Yes|fs_type=dual_-1|frame_transition=1956|terminal_stop_codon=yes	ensembl_transcript_id=ENST00000680220.1|ensembl_gene_id=ENSG00000174373.17|gene_name=RALGAPA1|tmd_start=1891|tmd_end=1914|tmd_seq=KRLVVSLLLCLLDWIMALPLKTLL|ss_nuc_start=5862|ss_seq=TTTTCCC|tmd-SS_gap_size=40|ensembl_uniprot_annotation=No_uniprot_annotation|blastp_uniprot_annotation=Q6GYQ0|transcript_canonical_status=Canonical|TMD_dG_app=-0.62|SS_dG_fs=1.73|stem_loop_presence=Yes|fs_type=dual_-1|frame_transition=1956|terminal_stop_codon=yes		ensembl_transcript_id=ENST00000680220.1|ensembl_gene_id=ENSG00000174373.17|gene_name=RALGAPA1|tmd_start=1891|tmd_end=1914|tmd_seq=KRLVVSLLLCLLDWIMALPLKTLL|ss_nuc_start=5862|ss_seq=TTTTCCC|tmd-SS_gap_size=40|ensembl_uniprot_annotation=No_uniprot_annotation|blastp_uniprot_annotation=Q6GYQ0|transcript_canonical_status=Canonical|TMD_dG_app=-0.62|SS_dG_fs=1.73|stem_loop_presence=Yes|fs_type=dual_-1|frame_transition=1956|terminal_stop_codon=yes		ensembl_transcript_id=ENST00000680220.1|ensembl_gene_id=ENSG00000174373.17|gene_name=RALGAPA1|tmd_start=1891|tmd_end=1914|tmd_seq=KRLVVSLLLCLLDWIMALPLKTLL|ss_nuc_start=5862|ss_seq=TTTTCCC|tmd-SS_gap_size=40|ensembl_uniprot_annotation=No_uniprot_annotation|blastp_uniprot_annotation=Q6GYQ0|transcript_canonical_status=Canonical|TMD_dG_app=-0.62|SS_dG_fs=1.73|stem_loop_presence=Yes|fs_type=hungry_-1|frame_transition=1955|terminal_stop_codon=yes, ensembl_transcript_id=ENST00000680220.1|ensembl_gene_id=ENSG00000174373.17|gene_name=RALGAPA1|tmd_start=1891|tmd_end=1914|tmd_seq=KRLVVSLLLCLLDWIMALPLKTLL|ss_nuc_start=5862|ss_seq=TTTTCCC|tmd-SS_gap_size=40|ensembl_uniprot_annotation=No_uniprot_annotation|blastp_uniprot_annotation=Q6GYQ0|transcript_canonical_status=Canonical|TMD_dG_app=-0.62|SS_dG_fs=1.73|stem_loop_presence=Yes|fs_type=hungry_-2|frame_transition=1955|terminal_stop_codon=yes, ensembl_transcript_id=ENST00000680220.1|ensembl_gene_id=ENSG00000174373.17|gene_name=RALGAPA1|tmd_start=1891|tmd_end=1914|tmd_seq=KRLVVSLLLCLLDWIMALPLKTLL|ss_nuc_start=5904|ss_seq=TCCTTTT|tmd-SS_gap_size=54|ensembl_uniprot_annotation=No_uniprot_annotation|blastp_uniprot_annotation=Q6GYQ0|transcript_canonical_status=Canonical|TMD_dG_app=-0.62|SS_dG_fs=2.13|stem_loop_presence=Yes|fs_type=dual_-1|frame_transition=1970|terminal_stop_codon=yes, ensembl_transcript_id=ENST00000680220.1|ensembl_gene_id=ENSG00000174373.17|gene_name=RALGAPA1|tmd_start=1891|tmd_end=1914|tmd_seq=KRLVVSLLLCLLDWIMALPLKTLL|ss_nuc_start=5904|ss_seq=TCCTTTT|tmd-SS_gap_size=54|ensembl_uniprot_annotation=No_uniprot_annotation|blastp_uniprot_annotation=Q6GYQ0|transcript_canonical_status=Canonical|TMD_dG_app=-0.62|SS_dG_fs=2.13|stem_loop_presence=Yes|fs_type=hungry_-1|frame_transition=1969|terminal_stop_codon=yes, ensembl_transcript_id=ENST00000680220.1|ensembl_gene_id=ENSG00000174373.17|gene_name=RALGAPA1|tmd_start=1891|tmd_end=1914|tmd_seq=KRLVVSLLLCLLDWIMALPLKTLL|ss_nuc_start=5904|ss_seq=TCCTTTT|tmd-SS_gap_size=54|ensembl_uniprot_annotation=No_uniprot_annotation|blastp_uniprot_annotation=Q6GYQ0|transcript_canonical_status=Canonical|TMD_dG_app=-0.62|SS_dG_fs=2.13|stem_loop_presence=Yes|fs_type=hungry_-2|frame_transition=1969|terminal_stop_codon=yes	4554	895.23505	4554	891.171	902.68207	7.9810004	3
20151023_alr_CompleteHumanProteome_HeLaS3_ETD_LysC_fr30_sub.22863.22863.3	interact-20151023_alr_CompleteHumanProteome_HeLaS3_ETD_LysC_fr30_sub.pep.xml	SWPRTADNFDDILK		VLSAVITK.SWPRTADNFDDILK.HLLTLADV	K	H	14	3	3534.0278	1676.8145	1676.8145	559.9454	559.9454	1676.8157	559.9458	-0.0012	0.00000093110760	34.6240	9.8800	0.9895	0.00000000000000	2	0	1085	1098	3.0502338E7			0.00	false	false	false	ensembl_transcript_id=ENST00000508628.6|ensembl_gene_id=ENSG00000173821.20|gene_name=RNF213|tmd_start=4599|tmd_end=4614|tmd_seq=ADRTQTGHVLGNPQRR|ss_nuc_start=13950|ss_seq=GATAAAC|tmd-SS_gap_size=36|ensembl_uniprot_annotation=No_uniprot_annotation|blastp_uniprot_annotation=Q63HN8|transcript_canonical_status=Alternative|TMD_dG_app=8.44|SS_dG_fs=2.44|stem_loop_presence=Yes|fs_type=dual_-1|frame_transition=4652|terminal_stop_codon=yes	ensembl_transcript_id=ENST00000508628.6|ensembl_gene_id=ENSG00000173821.20|gene_name=RNF213|tmd_start=4599|tmd_end=4614|tmd_seq=ADRTQTGHVLGNPQRR|ss_nuc_start=13950|ss_seq=GATAAAC|tmd-SS_gap_size=36|ensembl_uniprot_annotation=No_uniprot_annotation|blastp_uniprot_annotation=Q63HN8|transcript_canonical_status=Alternative|TMD_dG_app=8.44|SS_dG_fs=2.44|stem_loop_presence=Yes|fs_type=dual_-1|frame_transition=4652|terminal_stop_codon=yes	ensembl_transcript_id=ENST00000508628.6|ensembl_gene_id=ENSG00000173821.20|gene_name=RNF213|tmd_start=4599|tmd_end=4614|tmd_seq=ADRTQTGHVLGNPQRR|ss_nuc_start=13950|ss_seq=GATAAAC|tmd-SS_gap_size=36|ensembl_uniprot_annotation=No_uniprot_annotation|blastp_uniprot_annotation=Q63HN8|transcript_canonical_status=Alternative|TMD_dG_app=8.44|SS_dG_fs=2.44|stem_loop_presence=Yes|fs_type=dual_-1|frame_transition=4652|terminal_stop_codon=yes		ensembl_transcript_id=ENST00000508628.6|ensembl_gene_id=ENSG00000173821.20|gene_name=RNF213|tmd_start=4599|tmd_end=4614|tmd_seq=ADRTQTGHVLGNPQRR|ss_nuc_start=13950|ss_seq=GATAAAC|tmd-SS_gap_size=36|ensembl_uniprot_annotation=No_uniprot_annotation|blastp_uniprot_annotation=Q63HN8|transcript_canonical_status=Alternative|TMD_dG_app=8.44|SS_dG_fs=2.44|stem_loop_presence=Yes|fs_type=dual_-1|frame_transition=4652|terminal_stop_codon=yes		ensembl_transcript_id=ENST00000508628.6|ensembl_gene_id=ENSG00000173821.20|gene_name=RNF213|tmd_start=4599|tmd_end=4614|tmd_seq=ADRTQTGHVLGNPQRR|ss_nuc_start=13950|ss_seq=GATAAAC|tmd-SS_gap_size=36|ensembl_uniprot_annotation=No_uniprot_annotation|blastp_uniprot_annotation=Q63HN8|transcript_canonical_status=Alternative|TMD_dG_app=8.44|SS_dG_fs=2.44|stem_loop_presence=Yes|fs_type=hungry_-1|frame_transition=4651|terminal_stop_codon=yes, ensembl_transcript_id=ENST00000508628.6|ensembl_gene_id=ENSG00000173821.20|gene_name=RNF213|tmd_start=4599|tmd_end=4614|tmd_seq=ADRTQTGHVLGNPQRR|ss_nuc_start=13950|ss_seq=GATAAAC|tmd-SS_gap_size=36|ensembl_uniprot_annotation=No_uniprot_annotation|blastp_uniprot_annotation=Q63HN8|transcript_canonical_status=Alternative|TMD_dG_app=8.44|SS_dG_fs=2.44|stem_loop_presence=Yes|fs_type=hungry_-2|frame_transition=4651|terminal_stop_codon=yes, ensembl_transcript_id=ENST00000508628.6|ensembl_gene_id=ENSG00000173821.20|gene_name=RNF213|tmd_start=4599|tmd_end=4614|tmd_seq=ADRTQTGHVLGNPQRR|ss_nuc_start=13980|ss_seq=TCCAAAA|tmd-SS_gap_size=46|ensembl_uniprot_annotation=No_uniprot_annotation|blastp_uniprot_annotation=Q63HN8|transcript_canonical_status=Alternative|TMD_dG_app=8.44|SS_dG_fs=2.52|stem_loop_presence=Yes|fs_type=dual_-1|frame_transition=4662|terminal_stop_codon=yes, ensembl_transcript_id=ENST00000508628.6|ensembl_gene_id=ENSG00000173821.20|gene_name=RNF213|tmd_start=4599|tmd_end=4614|tmd_seq=ADRTQTGHVLGNPQRR|ss_nuc_start=13980|ss_seq=TCCAAAA|tmd-SS_gap_size=46|ensembl_uniprot_annotation=No_uniprot_annotation|blastp_uniprot_annotation=Q63HN8|transcript_canonical_status=Alternative|TMD_dG_app=8.44|SS_dG_fs=2.52|stem_loop_presence=Yes|fs_type=hungry_-1|frame_transition=4661|terminal_stop_codon=yes, ensembl_transcript_id=ENST00000508628.6|ensembl_gene_id=ENSG00000173821.20|gene_name=RNF213|tmd_start=4599|tmd_end=4614|tmd_seq=ADRTQTGHVLGNPQRR|ss_nuc_start=13980|ss_seq=TCCAAAA|tmd-SS_gap_size=46|ensembl_uniprot_annotation=No_uniprot_annotation|blastp_uniprot_annotation=Q63HN8|transcript_canonical_status=Alternative|TMD_dG_app=8.44|SS_dG_fs=2.52|stem_loop_presence=Yes|fs_type=hungry_-2|frame_transition=4661|terminal_stop_codon=yes, ensembl_transcript_id=ENST00000582970.6|ensembl_gene_id=ENSG00000173821.20|gene_name=RNF213|tmd_start=4550|tmd_end=4565|tmd_seq=ADRTQTGHVLGNPQRR|ss_nuc_start=13803|ss_seq=GATAAAC|tmd-SS_gap_size=36|ensembl_uniprot_annotation=No_uniprot_annotation|blastp_uniprot_annotation=Q63HN8|transcript_canonical_status=Canonical|TMD_dG_app=8.44|SS_dG_fs=2.44|stem_loop_presence=Yes|fs_type=dual_-1|frame_transition=4603|terminal_stop_codon=yes, ensembl_transcript_id=ENST00000582970.6|ensembl_gene_id=ENSG00000173821.20|gene_name=RNF213|tmd_start=4550|tmd_end=4565|tmd_seq=ADRTQTGHVLGNPQRR|ss_nuc_start=13803|ss_seq=GATAAAC|tmd-SS_gap_size=36|ensembl_uniprot_annotation=No_uniprot_annotation|blastp_uniprot_annotation=Q63HN8|transcript_canonical_status=Canonical|TMD_dG_app=8.44|SS_dG_fs=2.44|stem_loop_presence=Yes|fs_type=hungry_-1|frame_transition=4602|terminal_stop_codon=yes, ensembl_transcript_id=ENST00000582970.6|ensembl_gene_id=ENSG00000173821.20|gene_name=RNF213|tmd_start=4550|tmd_end=4565|tmd_seq=ADRTQTGHVLGNPQRR|ss_nuc_start=13803|ss_seq=GATAAAC|tmd-SS_gap_size=36|ensembl_uniprot_annotation=No_uniprot_annotation|blastp_uniprot_annotation=Q63HN8|transcript_canonical_status=Canonical|TMD_dG_app=8.44|SS_dG_fs=2.44|stem_loop_presence=Yes|fs_type=hungry_-2|frame_transition=4602|terminal_stop_codon=yes, ensembl_transcript_id=ENST00000582970.6|ensembl_gene_id=ENSG00000173821.20|gene_name=RNF213|tmd_start=4550|tmd_end=4565|tmd_seq=ADRTQTGHVLGNPQRR|ss_nuc_start=13833|ss_seq=TCCAAAA|tmd-SS_gap_size=46|ensembl_uniprot_annotation=No_uniprot_annotation|blastp_uniprot_annotation=Q63HN8|transcript_canonical_status=Canonical|TMD_dG_app=8.44|SS_dG_fs=2.52|stem_loop_presence=Yes|fs_type=dual_-1|frame_transition=4613|terminal_stop_codon=yes, ensembl_transcript_id=ENST00000582970.6|ensembl_gene_id=ENSG00000173821.20|gene_name=RNF213|tmd_start=4550|tmd_end=4565|tmd_seq=ADRTQTGHVLGNPQRR|ss_nuc_start=13833|ss_seq=TCCAAAA|tmd-SS_gap_size=46|ensembl_uniprot_annotation=No_uniprot_annotation|blastp_uniprot_annotation=Q63HN8|transcript_canonical_status=Canonical|TMD_dG_app=8.44|SS_dG_fs=2.52|stem_loop_presence=Yes|fs_type=hungry_-1|frame_transition=4612|terminal_stop_codon=yes, ensembl_transcript_id=ENST00000582970.6|ensembl_gene_id=ENSG00000173821.20|gene_name=RNF213|tmd_start=4550|tmd_end=4565|tmd_seq=ADRTQTGHVLGNPQRR|ss_nuc_start=13833|ss_seq=TCCAAAA|tmd-SS_gap_size=46|ensembl_uniprot_annotation=No_uniprot_annotation|blastp_uniprot_annotation=Q63HN8|transcript_canonical_status=Canonical|TMD_dG_app=8.44|SS_dG_fs=2.52|stem_loop_presence=Yes|fs_type=hungry_-2|frame_transition=4612|terminal_stop_codon=yes	22856	3532.9683	22856	3526.611	3545.4082	6.5130005	5
20151023_alr_CompleteHumanProteome_HeLaS3_ETD_LysC_fr7_sub.24767.24767.4	interact-20151023_alr_CompleteHumanProteome_HeLaS3_ETD_LysC_fr7_sub.pep.xml	GRLNRLPAAGVGDMVMATVK		IISVKGIK.GRLNRLPAAGVGDMVMATVK.KGKPELRK	K	K	20	4	3509.2783	2056.1091	2056.1091	515.0346	515.0346	2055.1082	514.7843	1.0009	0.00005308849000	36.6000	18.1030	0.9659	0.00000000000000	2	0	47	66	6.9054608E7			0.00	false	false	false	ensembl_transcript_id=ENST00000394333.5|ensembl_gene_id=ENSG00000125691.15|gene_name=RPL23|tmd_start=14|tmd_end=29|tmd_seq=FRISLGLPVGAVINCA|ss_nuc_start=219|ss_seq=AAAAAAG|tmd-SS_gap_size=44|ensembl_uniprot_annotation=No_uniprot_annotation|blastp_uniprot_annotation=P62829|transcript_canonical_status=Alternative|TMD_dG_app=3.29|SS_dG_fs=2.10|stem_loop_presence=Yes|fs_type=dual_-1|frame_transition=75|terminal_stop_codon=no	ensembl_transcript_id=ENST00000394333.5|ensembl_gene_id=ENSG00000125691.15|gene_name=RPL23|tmd_start=14|tmd_end=29|tmd_seq=FRISLGLPVGAVINCA|ss_nuc_start=219|ss_seq=AAAAAAG|tmd-SS_gap_size=44|ensembl_uniprot_annotation=No_uniprot_annotation|blastp_uniprot_annotation=P62829|transcript_canonical_status=Alternative|TMD_dG_app=3.29|SS_dG_fs=2.10|stem_loop_presence=Yes|fs_type=dual_-1|frame_transition=75|terminal_stop_codon=no	ensembl_transcript_id=ENST00000394333.5|ensembl_gene_id=ENSG00000125691.15|gene_name=RPL23|tmd_start=14|tmd_end=29|tmd_seq=FRISLGLPVGAVINCA|ss_nuc_start=219|ss_seq=AAAAAAG|tmd-SS_gap_size=44|ensembl_uniprot_annotation=No_uniprot_annotation|blastp_uniprot_annotation=P62829|transcript_canonical_status=Alternative|TMD_dG_app=3.29|SS_dG_fs=2.10|stem_loop_presence=Yes|fs_type=dual_-1|frame_transition=75|terminal_stop_codon=no		ensembl_transcript_id=ENST00000394333.5|ensembl_gene_id=ENSG00000125691.15|gene_name=RPL23|tmd_start=14|tmd_end=29|tmd_seq=FRISLGLPVGAVINCA|ss_nuc_start=219|ss_seq=AAAAAAG|tmd-SS_gap_size=44|ensembl_uniprot_annotation=No_uniprot_annotation|blastp_uniprot_annotation=P62829|transcript_canonical_status=Alternative|TMD_dG_app=3.29|SS_dG_fs=2.10|stem_loop_presence=Yes|fs_type=dual_-1|frame_transition=75|terminal_stop_codon=no		ensembl_transcript_id=ENST00000394333.5|ensembl_gene_id=ENSG00000125691.15|gene_name=RPL23|tmd_start=14|tmd_end=29|tmd_seq=FRISLGLPVGAVINCA|ss_nuc_start=219|ss_seq=AAAAAAG|tmd-SS_gap_size=44|ensembl_uniprot_annotation=No_uniprot_annotation|blastp_uniprot_annotation=P62829|transcript_canonical_status=Alternative|TMD_dG_app=3.29|SS_dG_fs=2.10|stem_loop_presence=Yes|fs_type=hungry_-1|frame_transition=74|terminal_stop_codon=no, ensembl_transcript_id=ENST00000394333.5|ensembl_gene_id=ENSG00000125691.15|gene_name=RPL23|tmd_start=14|tmd_end=29|tmd_seq=FRISLGLPVGAVINCA|ss_nuc_start=219|ss_seq=AAAAAAG|tmd-SS_gap_size=44|ensembl_uniprot_annotation=No_uniprot_annotation|blastp_uniprot_annotation=P62829|transcript_canonical_status=Alternative|TMD_dG_app=3.29|SS_dG_fs=2.10|stem_loop_presence=Yes|fs_type=hungry_-2|frame_transition=74|terminal_stop_codon=yes, ensembl_transcript_id=ENST00000479035.7|ensembl_gene_id=ENSG00000125691.15|gene_name=RPL23|tmd_start=14|tmd_end=29|tmd_seq=FRISLGLPVGAVINCA|ss_nuc_start=219|ss_seq=AAAAAAG|tmd-SS_gap_size=44|ensembl_uniprot_annotation=P62829|blastp_uniprot_annotation=P62829|transcript_canonical_status=Canonical|TMD_dG_app=3.29|SS_dG_fs=2.10|stem_loop_presence=Yes|fs_type=dual_-1|frame_transition=75|terminal_stop_codon=yes, ensembl_transcript_id=ENST00000479035.7|ensembl_gene_id=ENSG00000125691.15|gene_name=RPL23|tmd_start=14|tmd_end=29|tmd_seq=FRISLGLPVGAVINCA|ss_nuc_start=219|ss_seq=AAAAAAG|tmd-SS_gap_size=44|ensembl_uniprot_annotation=P62829|blastp_uniprot_annotation=P62829|transcript_canonical_status=Canonical|TMD_dG_app=3.29|SS_dG_fs=2.10|stem_loop_presence=Yes|fs_type=hungry_-1|frame_transition=74|terminal_stop_codon=yes, ensembl_transcript_id=ENST00000479035.7|ensembl_gene_id=ENSG00000125691.15|gene_name=RPL23|tmd_start=14|tmd_end=29|tmd_seq=FRISLGLPVGAVINCA|ss_nuc_start=219|ss_seq=AAAAAAG|tmd-SS_gap_size=44|ensembl_uniprot_annotation=P62829|blastp_uniprot_annotation=P62829|transcript_canonical_status=Canonical|TMD_dG_app=3.29|SS_dG_fs=2.10|stem_loop_presence=Yes|fs_type=hungry_-2|frame_transition=74|terminal_stop_codon=yes, ensembl_transcript_id=ENST00000577407.5|ensembl_gene_id=ENSG00000125691.15|gene_name=RPL23|tmd_start=14|tmd_end=29|tmd_seq=FRISLGLPVGAVINCA|ss_nuc_start=219|ss_seq=AAAAAAG|tmd-SS_gap_size=44|ensembl_uniprot_annotation=No_uniprot_annotation|blastp_uniprot_annotation=P62829|transcript_canonical_status=Alternative|TMD_dG_app=3.29|SS_dG_fs=2.10|stem_loop_presence=Yes|fs_type=dual_-1|frame_transition=75|terminal_stop_codon=yes, ensembl_transcript_id=ENST00000577407.5|ensembl_gene_id=ENSG00000125691.15|gene_name=RPL23|tmd_start=14|tmd_end=29|tmd_seq=FRISLGLPVGAVINCA|ss_nuc_start=219|ss_seq=AAAAAAG|tmd-SS_gap_size=44|ensembl_uniprot_annotation=No_uniprot_annotation|blastp_uniprot_annotation=P62829|transcript_canonical_status=Alternative|TMD_dG_app=3.29|SS_dG_fs=2.10|stem_loop_presence=Yes|fs_type=hungry_-1|frame_transition=74|terminal_stop_codon=yes, ensembl_transcript_id=ENST00000577407.5|ensembl_gene_id=ENSG00000125691.15|gene_name=RPL23|tmd_start=14|tmd_end=29|tmd_seq=FRISLGLPVGAVINCA|ss_nuc_start=219|ss_seq=AAAAAAG|tmd-SS_gap_size=44|ensembl_uniprot_annotation=No_uniprot_annotation|blastp_uniprot_annotation=P62829|transcript_canonical_status=Alternative|TMD_dG_app=3.29|SS_dG_fs=2.10|stem_loop_presence=Yes|fs_type=hungry_-2|frame_transition=74|terminal_stop_codon=yes, ensembl_transcript_id=ENST00000716859.1|ensembl_gene_id=ENSG00000125691.15|gene_name=RPL23|tmd_start=14|tmd_end=29|tmd_seq=FRISLGLPVGAVINCA|ss_nuc_start=219|ss_seq=AAAAAAG|tmd-SS_gap_size=44|ensembl_uniprot_annotation=No_uniprot_annotation|blastp_uniprot_annotation=P62829|transcript_canonical_status=Alternative|TMD_dG_app=3.29|SS_dG_fs=2.10|stem_loop_presence=Yes|fs_type=dual_-1|frame_transition=75|terminal_stop_codon=yes, ensembl_transcript_id=ENST00000716859.1|ensembl_gene_id=ENSG00000125691.15|gene_name=RPL23|tmd_start=14|tmd_end=29|tmd_seq=FRISLGLPVGAVINCA|ss_nuc_start=219|ss_seq=AAAAAAG|tmd-SS_gap_size=44|ensembl_uniprot_annotation=No_uniprot_annotation|blastp_uniprot_annotation=P62829|transcript_canonical_status=Alternative|TMD_dG_app=3.29|SS_dG_fs=2.10|stem_loop_presence=Yes|fs_type=hungry_-1|frame_transition=74|terminal_stop_codon=yes, ensembl_transcript_id=ENST00000716859.1|ensembl_gene_id=ENSG00000125691.15|gene_name=RPL23|tmd_start=14|tmd_end=29|tmd_seq=FRISLGLPVGAVINCA|ss_nuc_start=219|ss_seq=AAAAAAG|tmd-SS_gap_size=44|ensembl_uniprot_annotation=No_uniprot_annotation|blastp_uniprot_annotation=P62829|transcript_canonical_status=Alternative|TMD_dG_app=3.29|SS_dG_fs=2.10|stem_loop_presence=Yes|fs_type=hungry_-2|frame_transition=74|terminal_stop_codon=yes, ensembl_transcript_id=ENST00000716860.1|ensembl_gene_id=ENSG00000125691.15|gene_name=RPL23|tmd_start=14|tmd_end=29|tmd_seq=FRISLGLPVGAVINCA|ss_nuc_start=219|ss_seq=AAAAAAG|tmd-SS_gap_size=44|ensembl_uniprot_annotation=No_uniprot_annotation|blastp_uniprot_annotation=P62829|transcript_canonical_status=Alternative|TMD_dG_app=3.29|SS_dG_fs=2.10|stem_loop_presence=Yes|fs_type=dual_-1|frame_transition=75|terminal_stop_codon=yes, ensembl_transcript_id=ENST00000716860.1|ensembl_gene_id=ENSG00000125691.15|gene_name=RPL23|tmd_start=14|tmd_end=29|tmd_seq=FRISLGLPVGAVINCA|ss_nuc_start=219|ss_seq=AAAAAAG|tmd-SS_gap_size=44|ensembl_uniprot_annotation=No_uniprot_annotation|blastp_uniprot_annotation=P62829|transcript_canonical_status=Alternative|TMD_dG_app=3.29|SS_dG_fs=2.10|stem_loop_presence=Yes|fs_type=hungry_-1|frame_transition=74|terminal_stop_codon=yes, ensembl_transcript_id=ENST00000716860.1|ensembl_gene_id=ENSG00000125691.15|gene_name=RPL23|tmd_start=14|tmd_end=29|tmd_seq=FRISLGLPVGAVINCA|ss_nuc_start=219|ss_seq=AAAAAAG|tmd-SS_gap_size=44|ensembl_uniprot_annotation=No_uniprot_annotation|blastp_uniprot_annotation=P62829|transcript_canonical_status=Alternative|TMD_dG_app=3.29|SS_dG_fs=2.10|stem_loop_presence=Yes|fs_type=hungry_-2|frame_transition=74|terminal_stop_codon=yes, ensembl_transcript_id=ENST00000716861.1|ensembl_gene_id=ENSG00000125691.15|gene_name=RPL23|tmd_start=14|tmd_end=29|tmd_seq=FRISLGLPVGAVINCA|ss_nuc_start=219|ss_seq=AAAAAAG|tmd-SS_gap_size=44|ensembl_uniprot_annotation=No_uniprot_annotation|blastp_uniprot_annotation=P62829|transcript_canonical_status=Alternative|TMD_dG_app=3.29|SS_dG_fs=2.10|stem_loop_presence=Yes|fs_type=dual_-1|frame_transition=75|terminal_stop_codon=no, ensembl_transcript_id=ENST00000716861.1|ensembl_gene_id=ENSG00000125691.15|gene_name=RPL23|tmd_start=14|tmd_end=29|tmd_seq=FRISLGLPVGAVINCA|ss_nuc_start=219|ss_seq=AAAAAAG|tmd-SS_gap_size=44|ensembl_uniprot_annotation=No_uniprot_annotation|blastp_uniprot_annotation=P62829|transcript_canonical_status=Alternative|TMD_dG_app=3.29|SS_dG_fs=2.10|stem_loop_presence=Yes|fs_type=hungry_-1|frame_transition=74|terminal_stop_codon=no, ensembl_transcript_id=ENST00000716861.1|ensembl_gene_id=ENSG00000125691.15|gene_name=RPL23|tmd_start=14|tmd_end=29|tmd_seq=FRISLGLPVGAVINCA|ss_nuc_start=219|ss_seq=AAAAAAG|tmd-SS_gap_size=44|ensembl_uniprot_annotation=No_uniprot_annotation|blastp_uniprot_annotation=P62829|transcript_canonical_status=Alternative|TMD_dG_app=3.29|SS_dG_fs=2.10|stem_loop_presence=Yes|fs_type=hungry_-2|frame_transition=74|terminal_stop_codon=no, ensembl_transcript_id=ENST00000716862.1|ensembl_gene_id=ENSG00000125691.15|gene_name=RPL23|tmd_start=14|tmd_end=29|tmd_seq=FRISLGLPVGAVINCA|ss_nuc_start=219|ss_seq=AAAAAAG|tmd-SS_gap_size=44|ensembl_uniprot_annotation=No_uniprot_annotation|blastp_uniprot_annotation=P62829|transcript_canonical_status=Alternative|TMD_dG_app=3.29|SS_dG_fs=2.10|stem_loop_presence=Yes|fs_type=dual_-1|frame_transition=75|terminal_stop_codon=yes, ensembl_transcript_id=ENST00000716862.1|ensembl_gene_id=ENSG00000125691.15|gene_name=RPL23|tmd_start=14|tmd_end=29|tmd_seq=FRISLGLPVGAVINCA|ss_nuc_start=219|ss_seq=AAAAAAG|tmd-SS_gap_size=44|ensembl_uniprot_annotation=No_uniprot_annotation|blastp_uniprot_annotation=P62829|transcript_canonical_status=Alternative|TMD_dG_app=3.29|SS_dG_fs=2.10|stem_loop_presence=Yes|fs_type=hungry_-1|frame_transition=74|terminal_stop_codon=yes, ensembl_transcript_id=ENST00000716862.1|ensembl_gene_id=ENSG00000125691.15|gene_name=RPL23|tmd_start=14|tmd_end=29|tmd_seq=FRISLGLPVGAVINCA|ss_nuc_start=219|ss_seq=AAAAAAG|tmd-SS_gap_size=44|ensembl_uniprot_annotation=No_uniprot_annotation|blastp_uniprot_annotation=P62829|transcript_canonical_status=Alternative|TMD_dG_app=3.29|SS_dG_fs=2.10|stem_loop_presence=Yes|fs_type=hungry_-2|frame_transition=74|terminal_stop_codon=yes, ensembl_transcript_id=ENST00000716864.1|ensembl_gene_id=ENSG00000125691.15|gene_name=RPL23|tmd_start=14|tmd_end=29|tmd_seq=FRISLGLPVGAVINCA|ss_nuc_start=219|ss_seq=AAAAAAG|tmd-SS_gap_size=44|ensembl_uniprot_annotation=No_uniprot_annotation|blastp_uniprot_annotation=P62829|transcript_canonical_status=Alternative|TMD_dG_app=3.29|SS_dG_fs=2.10|stem_loop_presence=Yes|fs_type=dual_-1|frame_transition=75|terminal_stop_codon=yes, ensembl_transcript_id=ENST00000716864.1|ensembl_gene_id=ENSG00000125691.15|gene_name=RPL23|tmd_start=14|tmd_end=29|tmd_seq=FRISLGLPVGAVINCA|ss_nuc_start=219|ss_seq=AAAAAAG|tmd-SS_gap_size=44|ensembl_uniprot_annotation=No_uniprot_annotation|blastp_uniprot_annotation=P62829|transcript_canonical_status=Alternative|TMD_dG_app=3.29|SS_dG_fs=2.10|stem_loop_presence=Yes|fs_type=hungry_-1|frame_transition=74|terminal_stop_codon=yes, ensembl_transcript_id=ENST00000716864.1|ensembl_gene_id=ENSG00000125691.15|gene_name=RPL23|tmd_start=14|tmd_end=29|tmd_seq=FRISLGLPVGAVINCA|ss_nuc_start=219|ss_seq=AAAAAAG|tmd-SS_gap_size=44|ensembl_uniprot_annotation=No_uniprot_annotation|blastp_uniprot_annotation=P62829|transcript_canonical_status=Alternative|TMD_dG_app=3.29|SS_dG_fs=2.10|stem_loop_presence=Yes|fs_type=hungry_-2|frame_transition=74|terminal_stop_codon=yes, ensembl_transcript_id=ENST00000716865.1|ensembl_gene_id=ENSG00000125691.15|gene_name=RPL23|tmd_start=14|tmd_end=29|tmd_seq=FRISLGLPVGAVINCA|ss_nuc_start=219|ss_seq=AAAAAAG|tmd-SS_gap_size=44|ensembl_uniprot_annotation=No_uniprot_annotation|blastp_uniprot_annotation=P62829|transcript_canonical_status=Alternative|TMD_dG_app=3.29|SS_dG_fs=2.10|stem_loop_presence=Yes|fs_type=dual_-1|frame_transition=75|terminal_stop_codon=no, ensembl_transcript_id=ENST00000716865.1|ensembl_gene_id=ENSG00000125691.15|gene_name=RPL23|tmd_start=14|tmd_end=29|tmd_seq=FRISLGLPVGAVINCA|ss_nuc_start=219|ss_seq=AAAAAAG|tmd-SS_gap_size=44|ensembl_uniprot_annotation=No_uniprot_annotation|blastp_uniprot_annotation=P62829|transcript_canonical_status=Alternative|TMD_dG_app=3.29|SS_dG_fs=2.10|stem_loop_presence=Yes|fs_type=hungry_-1|frame_transition=74|terminal_stop_codon=no, ensembl_transcript_id=ENST00000716865.1|ensembl_gene_id=ENSG00000125691.15|gene_name=RPL23|tmd_start=14|tmd_end=29|tmd_seq=FRISLGLPVGAVINCA|ss_nuc_start=219|ss_seq=AAAAAAG|tmd-SS_gap_size=44|ensembl_uniprot_annotation=No_uniprot_annotation|blastp_uniprot_annotation=P62829|transcript_canonical_status=Alternative|TMD_dG_app=3.29|SS_dG_fs=2.10|stem_loop_presence=Yes|fs_type=hungry_-2|frame_transition=74|terminal_stop_codon=yes	24746	3511.986	24788	3506.9062	3521.943	13.097001	7
20151023_alr_CompleteHumanProteome_HeLaS3_ETD_LysC_fr7_sub.24967.24967.4	interact-20151023_alr_CompleteHumanProteome_HeLaS3_ETD_LysC_fr7_sub.pep.xml	GRLNRLPAAGVGDMVMATVK		IISVKGIK.GRLNRLPAAGVGDMVMATVK.KGKPELRK	K	K	20	4	3532.8257	2055.1082	2055.1082	514.7843	514.7843	2055.1082	514.7843	0.0000	0.00003324684000	33.4130	15.6230	0.9438	0.00000000000000	2	0	47	66	2.1513616E8			0.00	false	false	false	ensembl_transcript_id=ENST00000394333.5|ensembl_gene_id=ENSG00000125691.15|gene_name=RPL23|tmd_start=14|tmd_end=29|tmd_seq=FRISLGLPVGAVINCA|ss_nuc_start=219|ss_seq=AAAAAAG|tmd-SS_gap_size=44|ensembl_uniprot_annotation=No_uniprot_annotation|blastp_uniprot_annotation=P62829|transcript_canonical_status=Alternative|TMD_dG_app=3.29|SS_dG_fs=2.10|stem_loop_presence=Yes|fs_type=dual_-1|frame_transition=75|terminal_stop_codon=no	ensembl_transcript_id=ENST00000394333.5|ensembl_gene_id=ENSG00000125691.15|gene_name=RPL23|tmd_start=14|tmd_end=29|tmd_seq=FRISLGLPVGAVINCA|ss_nuc_start=219|ss_seq=AAAAAAG|tmd-SS_gap_size=44|ensembl_uniprot_annotation=No_uniprot_annotation|blastp_uniprot_annotation=P62829|transcript_canonical_status=Alternative|TMD_dG_app=3.29|SS_dG_fs=2.10|stem_loop_presence=Yes|fs_type=dual_-1|frame_transition=75|terminal_stop_codon=no	ensembl_transcript_id=ENST00000394333.5|ensembl_gene_id=ENSG00000125691.15|gene_name=RPL23|tmd_start=14|tmd_end=29|tmd_seq=FRISLGLPVGAVINCA|ss_nuc_start=219|ss_seq=AAAAAAG|tmd-SS_gap_size=44|ensembl_uniprot_annotation=No_uniprot_annotation|blastp_uniprot_annotation=P62829|transcript_canonical_status=Alternative|TMD_dG_app=3.29|SS_dG_fs=2.10|stem_loop_presence=Yes|fs_type=dual_-1|frame_transition=75|terminal_stop_codon=no		ensembl_transcript_id=ENST00000394333.5|ensembl_gene_id=ENSG00000125691.15|gene_name=RPL23|tmd_start=14|tmd_end=29|tmd_seq=FRISLGLPVGAVINCA|ss_nuc_start=219|ss_seq=AAAAAAG|tmd-SS_gap_size=44|ensembl_uniprot_annotation=No_uniprot_annotation|blastp_uniprot_annotation=P62829|transcript_canonical_status=Alternative|TMD_dG_app=3.29|SS_dG_fs=2.10|stem_loop_presence=Yes|fs_type=dual_-1|frame_transition=75|terminal_stop_codon=no		ensembl_transcript_id=ENST00000394333.5|ensembl_gene_id=ENSG00000125691.15|gene_name=RPL23|tmd_start=14|tmd_end=29|tmd_seq=FRISLGLPVGAVINCA|ss_nuc_start=219|ss_seq=AAAAAAG|tmd-SS_gap_size=44|ensembl_uniprot_annotation=No_uniprot_annotation|blastp_uniprot_annotation=P62829|transcript_canonical_status=Alternative|TMD_dG_app=3.29|SS_dG_fs=2.10|stem_loop_presence=Yes|fs_type=hungry_-1|frame_transition=74|terminal_stop_codon=no, ensembl_transcript_id=ENST00000394333.5|ensembl_gene_id=ENSG00000125691.15|gene_name=RPL23|tmd_start=14|tmd_end=29|tmd_seq=FRISLGLPVGAVINCA|ss_nuc_start=219|ss_seq=AAAAAAG|tmd-SS_gap_size=44|ensembl_uniprot_annotation=No_uniprot_annotation|blastp_uniprot_annotation=P62829|transcript_canonical_status=Alternative|TMD_dG_app=3.29|SS_dG_fs=2.10|stem_loop_presence=Yes|fs_type=hungry_-2|frame_transition=74|terminal_stop_codon=yes, ensembl_transcript_id=ENST00000479035.7|ensembl_gene_id=ENSG00000125691.15|gene_name=RPL23|tmd_start=14|tmd_end=29|tmd_seq=FRISLGLPVGAVINCA|ss_nuc_start=219|ss_seq=AAAAAAG|tmd-SS_gap_size=44|ensembl_uniprot_annotation=P62829|blastp_uniprot_annotation=P62829|transcript_canonical_status=Canonical|TMD_dG_app=3.29|SS_dG_fs=2.10|stem_loop_presence=Yes|fs_type=dual_-1|frame_transition=75|terminal_stop_codon=yes, ensembl_transcript_id=ENST00000479035.7|ensembl_gene_id=ENSG00000125691.15|gene_name=RPL23|tmd_start=14|tmd_end=29|tmd_seq=FRISLGLPVGAVINCA|ss_nuc_start=219|ss_seq=AAAAAAG|tmd-SS_gap_size=44|ensembl_uniprot_annotation=P62829|blastp_uniprot_annotation=P62829|transcript_canonical_status=Canonical|TMD_dG_app=3.29|SS_dG_fs=2.10|stem_loop_presence=Yes|fs_type=hungry_-1|frame_transition=74|terminal_stop_codon=yes, ensembl_transcript_id=ENST00000479035.7|ensembl_gene_id=ENSG00000125691.15|gene_name=RPL23|tmd_start=14|tmd_end=29|tmd_seq=FRISLGLPVGAVINCA|ss_nuc_start=219|ss_seq=AAAAAAG|tmd-SS_gap_size=44|ensembl_uniprot_annotation=P62829|blastp_uniprot_annotation=P62829|transcript_canonical_status=Canonical|TMD_dG_app=3.29|SS_dG_fs=2.10|stem_loop_presence=Yes|fs_type=hungry_-2|frame_transition=74|terminal_stop_codon=yes, ensembl_transcript_id=ENST00000577407.5|ensembl_gene_id=ENSG00000125691.15|gene_name=RPL23|tmd_start=14|tmd_end=29|tmd_seq=FRISLGLPVGAVINCA|ss_nuc_start=219|ss_seq=AAAAAAG|tmd-SS_gap_size=44|ensembl_uniprot_annotation=No_uniprot_annotation|blastp_uniprot_annotation=P62829|transcript_canonical_status=Alternative|TMD_dG_app=3.29|SS_dG_fs=2.10|stem_loop_presence=Yes|fs_type=dual_-1|frame_transition=75|terminal_stop_codon=yes, ensembl_transcript_id=ENST00000577407.5|ensembl_gene_id=ENSG00000125691.15|gene_name=RPL23|tmd_start=14|tmd_end=29|tmd_seq=FRISLGLPVGAVINCA|ss_nuc_start=219|ss_seq=AAAAAAG|tmd-SS_gap_size=44|ensembl_uniprot_annotation=No_uniprot_annotation|blastp_uniprot_annotation=P62829|transcript_canonical_status=Alternative|TMD_dG_app=3.29|SS_dG_fs=2.10|stem_loop_presence=Yes|fs_type=hungry_-1|frame_transition=74|terminal_stop_codon=yes, ensembl_transcript_id=ENST00000577407.5|ensembl_gene_id=ENSG00000125691.15|gene_name=RPL23|tmd_start=14|tmd_end=29|tmd_seq=FRISLGLPVGAVINCA|ss_nuc_start=219|ss_seq=AAAAAAG|tmd-SS_gap_size=44|ensembl_uniprot_annotation=No_uniprot_annotation|blastp_uniprot_annotation=P62829|transcript_canonical_status=Alternative|TMD_dG_app=3.29|SS_dG_fs=2.10|stem_loop_presence=Yes|fs_type=hungry_-2|frame_transition=74|terminal_stop_codon=yes, ensembl_transcript_id=ENST00000716859.1|ensembl_gene_id=ENSG00000125691.15|gene_name=RPL23|tmd_start=14|tmd_end=29|tmd_seq=FRISLGLPVGAVINCA|ss_nuc_start=219|ss_seq=AAAAAAG|tmd-SS_gap_size=44|ensembl_uniprot_annotation=No_uniprot_annotation|blastp_uniprot_annotation=P62829|transcript_canonical_status=Alternative|TMD_dG_app=3.29|SS_dG_fs=2.10|stem_loop_presence=Yes|fs_type=dual_-1|frame_transition=75|terminal_stop_codon=yes, ensembl_transcript_id=ENST00000716859.1|ensembl_gene_id=ENSG00000125691.15|gene_name=RPL23|tmd_start=14|tmd_end=29|tmd_seq=FRISLGLPVGAVINCA|ss_nuc_start=219|ss_seq=AAAAAAG|tmd-SS_gap_size=44|ensembl_uniprot_annotation=No_uniprot_annotation|blastp_uniprot_annotation=P62829|transcript_canonical_status=Alternative|TMD_dG_app=3.29|SS_dG_fs=2.10|stem_loop_presence=Yes|fs_type=hungry_-1|frame_transition=74|terminal_stop_codon=yes, ensembl_transcript_id=ENST00000716859.1|ensembl_gene_id=ENSG00000125691.15|gene_name=RPL23|tmd_start=14|tmd_end=29|tmd_seq=FRISLGLPVGAVINCA|ss_nuc_start=219|ss_seq=AAAAAAG|tmd-SS_gap_size=44|ensembl_uniprot_annotation=No_uniprot_annotation|blastp_uniprot_annotation=P62829|transcript_canonical_status=Alternative|TMD_dG_app=3.29|SS_dG_fs=2.10|stem_loop_presence=Yes|fs_type=hungry_-2|frame_transition=74|terminal_stop_codon=yes, ensembl_transcript_id=ENST00000716860.1|ensembl_gene_id=ENSG00000125691.15|gene_name=RPL23|tmd_start=14|tmd_end=29|tmd_seq=FRISLGLPVGAVINCA|ss_nuc_start=219|ss_seq=AAAAAAG|tmd-SS_gap_size=44|ensembl_uniprot_annotation=No_uniprot_annotation|blastp_uniprot_annotation=P62829|transcript_canonical_status=Alternative|TMD_dG_app=3.29|SS_dG_fs=2.10|stem_loop_presence=Yes|fs_type=dual_-1|frame_transition=75|terminal_stop_codon=yes, ensembl_transcript_id=ENST00000716860.1|ensembl_gene_id=ENSG00000125691.15|gene_name=RPL23|tmd_start=14|tmd_end=29|tmd_seq=FRISLGLPVGAVINCA|ss_nuc_start=219|ss_seq=AAAAAAG|tmd-SS_gap_size=44|ensembl_uniprot_annotation=No_uniprot_annotation|blastp_uniprot_annotation=P62829|transcript_canonical_status=Alternative|TMD_dG_app=3.29|SS_dG_fs=2.10|stem_loop_presence=Yes|fs_type=hungry_-1|frame_transition=74|terminal_stop_codon=yes, ensembl_transcript_id=ENST00000716860.1|ensembl_gene_id=ENSG00000125691.15|gene_name=RPL23|tmd_start=14|tmd_end=29|tmd_seq=FRISLGLPVGAVINCA|ss_nuc_start=219|ss_seq=AAAAAAG|tmd-SS_gap_size=44|ensembl_uniprot_annotation=No_uniprot_annotation|blastp_uniprot_annotation=P62829|transcript_canonical_status=Alternative|TMD_dG_app=3.29|SS_dG_fs=2.10|stem_loop_presence=Yes|fs_type=hungry_-2|frame_transition=74|terminal_stop_codon=yes, ensembl_transcript_id=ENST00000716861.1|ensembl_gene_id=ENSG00000125691.15|gene_name=RPL23|tmd_start=14|tmd_end=29|tmd_seq=FRISLGLPVGAVINCA|ss_nuc_start=219|ss_seq=AAAAAAG|tmd-SS_gap_size=44|ensembl_uniprot_annotation=No_uniprot_annotation|blastp_uniprot_annotation=P62829|transcript_canonical_status=Alternative|TMD_dG_app=3.29|SS_dG_fs=2.10|stem_loop_presence=Yes|fs_type=dual_-1|frame_transition=75|terminal_stop_codon=no, ensembl_transcript_id=ENST00000716861.1|ensembl_gene_id=ENSG00000125691.15|gene_name=RPL23|tmd_start=14|tmd_end=29|tmd_seq=FRISLGLPVGAVINCA|ss_nuc_start=219|ss_seq=AAAAAAG|tmd-SS_gap_size=44|ensembl_uniprot_annotation=No_uniprot_annotation|blastp_uniprot_annotation=P62829|transcript_canonical_status=Alternative|TMD_dG_app=3.29|SS_dG_fs=2.10|stem_loop_presence=Yes|fs_type=hungry_-1|frame_transition=74|terminal_stop_codon=no, ensembl_transcript_id=ENST00000716861.1|ensembl_gene_id=ENSG00000125691.15|gene_name=RPL23|tmd_start=14|tmd_end=29|tmd_seq=FRISLGLPVGAVINCA|ss_nuc_start=219|ss_seq=AAAAAAG|tmd-SS_gap_size=44|ensembl_uniprot_annotation=No_uniprot_annotation|blastp_uniprot_annotation=P62829|transcript_canonical_status=Alternative|TMD_dG_app=3.29|SS_dG_fs=2.10|stem_loop_presence=Yes|fs_type=hungry_-2|frame_transition=74|terminal_stop_codon=no, ensembl_transcript_id=ENST00000716862.1|ensembl_gene_id=ENSG00000125691.15|gene_name=RPL23|tmd_start=14|tmd_end=29|tmd_seq=FRISLGLPVGAVINCA|ss_nuc_start=219|ss_seq=AAAAAAG|tmd-SS_gap_size=44|ensembl_uniprot_annotation=No_uniprot_annotation|blastp_uniprot_annotation=P62829|transcript_canonical_status=Alternative|TMD_dG_app=3.29|SS_dG_fs=2.10|stem_loop_presence=Yes|fs_type=dual_-1|frame_transition=75|terminal_stop_codon=yes, ensembl_transcript_id=ENST00000716862.1|ensembl_gene_id=ENSG00000125691.15|gene_name=RPL23|tmd_start=14|tmd_end=29|tmd_seq=FRISLGLPVGAVINCA|ss_nuc_start=219|ss_seq=AAAAAAG|tmd-SS_gap_size=44|ensembl_uniprot_annotation=No_uniprot_annotation|blastp_uniprot_annotation=P62829|transcript_canonical_status=Alternative|TMD_dG_app=3.29|SS_dG_fs=2.10|stem_loop_presence=Yes|fs_type=hungry_-1|frame_transition=74|terminal_stop_codon=yes, ensembl_transcript_id=ENST00000716862.1|ensembl_gene_id=ENSG00000125691.15|gene_name=RPL23|tmd_start=14|tmd_end=29|tmd_seq=FRISLGLPVGAVINCA|ss_nuc_start=219|ss_seq=AAAAAAG|tmd-SS_gap_size=44|ensembl_uniprot_annotation=No_uniprot_annotation|blastp_uniprot_annotation=P62829|transcript_canonical_status=Alternative|TMD_dG_app=3.29|SS_dG_fs=2.10|stem_loop_presence=Yes|fs_type=hungry_-2|frame_transition=74|terminal_stop_codon=yes, ensembl_transcript_id=ENST00000716864.1|ensembl_gene_id=ENSG00000125691.15|gene_name=RPL23|tmd_start=14|tmd_end=29|tmd_seq=FRISLGLPVGAVINCA|ss_nuc_start=219|ss_seq=AAAAAAG|tmd-SS_gap_size=44|ensembl_uniprot_annotation=No_uniprot_annotation|blastp_uniprot_annotation=P62829|transcript_canonical_status=Alternative|TMD_dG_app=3.29|SS_dG_fs=2.10|stem_loop_presence=Yes|fs_type=dual_-1|frame_transition=75|terminal_stop_codon=yes, ensembl_transcript_id=ENST00000716864.1|ensembl_gene_id=ENSG00000125691.15|gene_name=RPL23|tmd_start=14|tmd_end=29|tmd_seq=FRISLGLPVGAVINCA|ss_nuc_start=219|ss_seq=AAAAAAG|tmd-SS_gap_size=44|ensembl_uniprot_annotation=No_uniprot_annotation|blastp_uniprot_annotation=P62829|transcript_canonical_status=Alternative|TMD_dG_app=3.29|SS_dG_fs=2.10|stem_loop_presence=Yes|fs_type=hungry_-1|frame_transition=74|terminal_stop_codon=yes, ensembl_transcript_id=ENST00000716864.1|ensembl_gene_id=ENSG00000125691.15|gene_name=RPL23|tmd_start=14|tmd_end=29|tmd_seq=FRISLGLPVGAVINCA|ss_nuc_start=219|ss_seq=AAAAAAG|tmd-SS_gap_size=44|ensembl_uniprot_annotation=No_uniprot_annotation|blastp_uniprot_annotation=P62829|transcript_canonical_status=Alternative|TMD_dG_app=3.29|SS_dG_fs=2.10|stem_loop_presence=Yes|fs_type=hungry_-2|frame_transition=74|terminal_stop_codon=yes, ensembl_transcript_id=ENST00000716865.1|ensembl_gene_id=ENSG00000125691.15|gene_name=RPL23|tmd_start=14|tmd_end=29|tmd_seq=FRISLGLPVGAVINCA|ss_nuc_start=219|ss_seq=AAAAAAG|tmd-SS_gap_size=44|ensembl_uniprot_annotation=No_uniprot_annotation|blastp_uniprot_annotation=P62829|transcript_canonical_status=Alternative|TMD_dG_app=3.29|SS_dG_fs=2.10|stem_loop_presence=Yes|fs_type=dual_-1|frame_transition=75|terminal_stop_codon=no, ensembl_transcript_id=ENST00000716865.1|ensembl_gene_id=ENSG00000125691.15|gene_name=RPL23|tmd_start=14|tmd_end=29|tmd_seq=FRISLGLPVGAVINCA|ss_nuc_start=219|ss_seq=AAAAAAG|tmd-SS_gap_size=44|ensembl_uniprot_annotation=No_uniprot_annotation|blastp_uniprot_annotation=P62829|transcript_canonical_status=Alternative|TMD_dG_app=3.29|SS_dG_fs=2.10|stem_loop_presence=Yes|fs_type=hungry_-1|frame_transition=74|terminal_stop_codon=no, ensembl_transcript_id=ENST00000716865.1|ensembl_gene_id=ENSG00000125691.15|gene_name=RPL23|tmd_start=14|tmd_end=29|tmd_seq=FRISLGLPVGAVINCA|ss_nuc_start=219|ss_seq=AAAAAAG|tmd-SS_gap_size=44|ensembl_uniprot_annotation=No_uniprot_annotation|blastp_uniprot_annotation=P62829|transcript_canonical_status=Alternative|TMD_dG_app=3.29|SS_dG_fs=2.10|stem_loop_presence=Yes|fs_type=hungry_-2|frame_transition=74|terminal_stop_codon=yes	24952	3534.175	24978	3520.0032	3569.538	39.049004	27
20151023_alr_CompleteHumanProteome_HeLaS3_ETD_LysC_fr7_sub.25132.25132.4	interact-20151023_alr_CompleteHumanProteome_HeLaS3_ETD_LysC_fr7_sub.pep.xml	GRLNRLPAAGVGDMVMATVK		IISVKGIK.GRLNRLPAAGVGDMVMATVK.KGKPELRK	K	K	20	4	3552.2350	2056.1113	2056.1113	515.0351	515.0351	2055.1082	514.7843	1.0031	0.00025089960000	32.9020	19.8060	0.9188	0.00000000000000	2	0	47	66	2.1513616E8			0.00	false	false	false	ensembl_transcript_id=ENST00000394333.5|ensembl_gene_id=ENSG00000125691.15|gene_name=RPL23|tmd_start=14|tmd_end=29|tmd_seq=FRISLGLPVGAVINCA|ss_nuc_start=219|ss_seq=AAAAAAG|tmd-SS_gap_size=44|ensembl_uniprot_annotation=No_uniprot_annotation|blastp_uniprot_annotation=P62829|transcript_canonical_status=Alternative|TMD_dG_app=3.29|SS_dG_fs=2.10|stem_loop_presence=Yes|fs_type=dual_-1|frame_transition=75|terminal_stop_codon=no	ensembl_transcript_id=ENST00000394333.5|ensembl_gene_id=ENSG00000125691.15|gene_name=RPL23|tmd_start=14|tmd_end=29|tmd_seq=FRISLGLPVGAVINCA|ss_nuc_start=219|ss_seq=AAAAAAG|tmd-SS_gap_size=44|ensembl_uniprot_annotation=No_uniprot_annotation|blastp_uniprot_annotation=P62829|transcript_canonical_status=Alternative|TMD_dG_app=3.29|SS_dG_fs=2.10|stem_loop_presence=Yes|fs_type=dual_-1|frame_transition=75|terminal_stop_codon=no	ensembl_transcript_id=ENST00000394333.5|ensembl_gene_id=ENSG00000125691.15|gene_name=RPL23|tmd_start=14|tmd_end=29|tmd_seq=FRISLGLPVGAVINCA|ss_nuc_start=219|ss_seq=AAAAAAG|tmd-SS_gap_size=44|ensembl_uniprot_annotation=No_uniprot_annotation|blastp_uniprot_annotation=P62829|transcript_canonical_status=Alternative|TMD_dG_app=3.29|SS_dG_fs=2.10|stem_loop_presence=Yes|fs_type=dual_-1|frame_transition=75|terminal_stop_codon=no		ensembl_transcript_id=ENST00000394333.5|ensembl_gene_id=ENSG00000125691.15|gene_name=RPL23|tmd_start=14|tmd_end=29|tmd_seq=FRISLGLPVGAVINCA|ss_nuc_start=219|ss_seq=AAAAAAG|tmd-SS_gap_size=44|ensembl_uniprot_annotation=No_uniprot_annotation|blastp_uniprot_annotation=P62829|transcript_canonical_status=Alternative|TMD_dG_app=3.29|SS_dG_fs=2.10|stem_loop_presence=Yes|fs_type=dual_-1|frame_transition=75|terminal_stop_codon=no		ensembl_transcript_id=ENST00000394333.5|ensembl_gene_id=ENSG00000125691.15|gene_name=RPL23|tmd_start=14|tmd_end=29|tmd_seq=FRISLGLPVGAVINCA|ss_nuc_start=219|ss_seq=AAAAAAG|tmd-SS_gap_size=44|ensembl_uniprot_annotation=No_uniprot_annotation|blastp_uniprot_annotation=P62829|transcript_canonical_status=Alternative|TMD_dG_app=3.29|SS_dG_fs=2.10|stem_loop_presence=Yes|fs_type=hungry_-1|frame_transition=74|terminal_stop_codon=no, ensembl_transcript_id=ENST00000394333.5|ensembl_gene_id=ENSG00000125691.15|gene_name=RPL23|tmd_start=14|tmd_end=29|tmd_seq=FRISLGLPVGAVINCA|ss_nuc_start=219|ss_seq=AAAAAAG|tmd-SS_gap_size=44|ensembl_uniprot_annotation=No_uniprot_annotation|blastp_uniprot_annotation=P62829|transcript_canonical_status=Alternative|TMD_dG_app=3.29|SS_dG_fs=2.10|stem_loop_presence=Yes|fs_type=hungry_-2|frame_transition=74|terminal_stop_codon=yes, ensembl_transcript_id=ENST00000479035.7|ensembl_gene_id=ENSG00000125691.15|gene_name=RPL23|tmd_start=14|tmd_end=29|tmd_seq=FRISLGLPVGAVINCA|ss_nuc_start=219|ss_seq=AAAAAAG|tmd-SS_gap_size=44|ensembl_uniprot_annotation=P62829|blastp_uniprot_annotation=P62829|transcript_canonical_status=Canonical|TMD_dG_app=3.29|SS_dG_fs=2.10|stem_loop_presence=Yes|fs_type=dual_-1|frame_transition=75|terminal_stop_codon=yes, ensembl_transcript_id=ENST00000479035.7|ensembl_gene_id=ENSG00000125691.15|gene_name=RPL23|tmd_start=14|tmd_end=29|tmd_seq=FRISLGLPVGAVINCA|ss_nuc_start=219|ss_seq=AAAAAAG|tmd-SS_gap_size=44|ensembl_uniprot_annotation=P62829|blastp_uniprot_annotation=P62829|transcript_canonical_status=Canonical|TMD_dG_app=3.29|SS_dG_fs=2.10|stem_loop_presence=Yes|fs_type=hungry_-1|frame_transition=74|terminal_stop_codon=yes, ensembl_transcript_id=ENST00000479035.7|ensembl_gene_id=ENSG00000125691.15|gene_name=RPL23|tmd_start=14|tmd_end=29|tmd_seq=FRISLGLPVGAVINCA|ss_nuc_start=219|ss_seq=AAAAAAG|tmd-SS_gap_size=44|ensembl_uniprot_annotation=P62829|blastp_uniprot_annotation=P62829|transcript_canonical_status=Canonical|TMD_dG_app=3.29|SS_dG_fs=2.10|stem_loop_presence=Yes|fs_type=hungry_-2|frame_transition=74|terminal_stop_codon=yes, ensembl_transcript_id=ENST00000577407.5|ensembl_gene_id=ENSG00000125691.15|gene_name=RPL23|tmd_start=14|tmd_end=29|tmd_seq=FRISLGLPVGAVINCA|ss_nuc_start=219|ss_seq=AAAAAAG|tmd-SS_gap_size=44|ensembl_uniprot_annotation=No_uniprot_annotation|blastp_uniprot_annotation=P62829|transcript_canonical_status=Alternative|TMD_dG_app=3.29|SS_dG_fs=2.10|stem_loop_presence=Yes|fs_type=dual_-1|frame_transition=75|terminal_stop_codon=yes, ensembl_transcript_id=ENST00000577407.5|ensembl_gene_id=ENSG00000125691.15|gene_name=RPL23|tmd_start=14|tmd_end=29|tmd_seq=FRISLGLPVGAVINCA|ss_nuc_start=219|ss_seq=AAAAAAG|tmd-SS_gap_size=44|ensembl_uniprot_annotation=No_uniprot_annotation|blastp_uniprot_annotation=P62829|transcript_canonical_status=Alternative|TMD_dG_app=3.29|SS_dG_fs=2.10|stem_loop_presence=Yes|fs_type=hungry_-1|frame_transition=74|terminal_stop_codon=yes, ensembl_transcript_id=ENST00000577407.5|ensembl_gene_id=ENSG00000125691.15|gene_name=RPL23|tmd_start=14|tmd_end=29|tmd_seq=FRISLGLPVGAVINCA|ss_nuc_start=219|ss_seq=AAAAAAG|tmd-SS_gap_size=44|ensembl_uniprot_annotation=No_uniprot_annotation|blastp_uniprot_annotation=P62829|transcript_canonical_status=Alternative|TMD_dG_app=3.29|SS_dG_fs=2.10|stem_loop_presence=Yes|fs_type=hungry_-2|frame_transition=74|terminal_stop_codon=yes, ensembl_transcript_id=ENST00000716859.1|ensembl_gene_id=ENSG00000125691.15|gene_name=RPL23|tmd_start=14|tmd_end=29|tmd_seq=FRISLGLPVGAVINCA|ss_nuc_start=219|ss_seq=AAAAAAG|tmd-SS_gap_size=44|ensembl_uniprot_annotation=No_uniprot_annotation|blastp_uniprot_annotation=P62829|transcript_canonical_status=Alternative|TMD_dG_app=3.29|SS_dG_fs=2.10|stem_loop_presence=Yes|fs_type=dual_-1|frame_transition=75|terminal_stop_codon=yes, ensembl_transcript_id=ENST00000716859.1|ensembl_gene_id=ENSG00000125691.15|gene_name=RPL23|tmd_start=14|tmd_end=29|tmd_seq=FRISLGLPVGAVINCA|ss_nuc_start=219|ss_seq=AAAAAAG|tmd-SS_gap_size=44|ensembl_uniprot_annotation=No_uniprot_annotation|blastp_uniprot_annotation=P62829|transcript_canonical_status=Alternative|TMD_dG_app=3.29|SS_dG_fs=2.10|stem_loop_presence=Yes|fs_type=hungry_-1|frame_transition=74|terminal_stop_codon=yes, ensembl_transcript_id=ENST00000716859.1|ensembl_gene_id=ENSG00000125691.15|gene_name=RPL23|tmd_start=14|tmd_end=29|tmd_seq=FRISLGLPVGAVINCA|ss_nuc_start=219|ss_seq=AAAAAAG|tmd-SS_gap_size=44|ensembl_uniprot_annotation=No_uniprot_annotation|blastp_uniprot_annotation=P62829|transcript_canonical_status=Alternative|TMD_dG_app=3.29|SS_dG_fs=2.10|stem_loop_presence=Yes|fs_type=hungry_-2|frame_transition=74|terminal_stop_codon=yes, ensembl_transcript_id=ENST00000716860.1|ensembl_gene_id=ENSG00000125691.15|gene_name=RPL23|tmd_start=14|tmd_end=29|tmd_seq=FRISLGLPVGAVINCA|ss_nuc_start=219|ss_seq=AAAAAAG|tmd-SS_gap_size=44|ensembl_uniprot_annotation=No_uniprot_annotation|blastp_uniprot_annotation=P62829|transcript_canonical_status=Alternative|TMD_dG_app=3.29|SS_dG_fs=2.10|stem_loop_presence=Yes|fs_type=dual_-1|frame_transition=75|terminal_stop_codon=yes, ensembl_transcript_id=ENST00000716860.1|ensembl_gene_id=ENSG00000125691.15|gene_name=RPL23|tmd_start=14|tmd_end=29|tmd_seq=FRISLGLPVGAVINCA|ss_nuc_start=219|ss_seq=AAAAAAG|tmd-SS_gap_size=44|ensembl_uniprot_annotation=No_uniprot_annotation|blastp_uniprot_annotation=P62829|transcript_canonical_status=Alternative|TMD_dG_app=3.29|SS_dG_fs=2.10|stem_loop_presence=Yes|fs_type=hungry_-1|frame_transition=74|terminal_stop_codon=yes, ensembl_transcript_id=ENST00000716860.1|ensembl_gene_id=ENSG00000125691.15|gene_name=RPL23|tmd_start=14|tmd_end=29|tmd_seq=FRISLGLPVGAVINCA|ss_nuc_start=219|ss_seq=AAAAAAG|tmd-SS_gap_size=44|ensembl_uniprot_annotation=No_uniprot_annotation|blastp_uniprot_annotation=P62829|transcript_canonical_status=Alternative|TMD_dG_app=3.29|SS_dG_fs=2.10|stem_loop_presence=Yes|fs_type=hungry_-2|frame_transition=74|terminal_stop_codon=yes, ensembl_transcript_id=ENST00000716861.1|ensembl_gene_id=ENSG00000125691.15|gene_name=RPL23|tmd_start=14|tmd_end=29|tmd_seq=FRISLGLPVGAVINCA|ss_nuc_start=219|ss_seq=AAAAAAG|tmd-SS_gap_size=44|ensembl_uniprot_annotation=No_uniprot_annotation|blastp_uniprot_annotation=P62829|transcript_canonical_status=Alternative|TMD_dG_app=3.29|SS_dG_fs=2.10|stem_loop_presence=Yes|fs_type=dual_-1|frame_transition=75|terminal_stop_codon=no, ensembl_transcript_id=ENST00000716861.1|ensembl_gene_id=ENSG00000125691.15|gene_name=RPL23|tmd_start=14|tmd_end=29|tmd_seq=FRISLGLPVGAVINCA|ss_nuc_start=219|ss_seq=AAAAAAG|tmd-SS_gap_size=44|ensembl_uniprot_annotation=No_uniprot_annotation|blastp_uniprot_annotation=P62829|transcript_canonical_status=Alternative|TMD_dG_app=3.29|SS_dG_fs=2.10|stem_loop_presence=Yes|fs_type=hungry_-1|frame_transition=74|terminal_stop_codon=no, ensembl_transcript_id=ENST00000716861.1|ensembl_gene_id=ENSG00000125691.15|gene_name=RPL23|tmd_start=14|tmd_end=29|tmd_seq=FRISLGLPVGAVINCA|ss_nuc_start=219|ss_seq=AAAAAAG|tmd-SS_gap_size=44|ensembl_uniprot_annotation=No_uniprot_annotation|blastp_uniprot_annotation=P62829|transcript_canonical_status=Alternative|TMD_dG_app=3.29|SS_dG_fs=2.10|stem_loop_presence=Yes|fs_type=hungry_-2|frame_transition=74|terminal_stop_codon=no, ensembl_transcript_id=ENST00000716862.1|ensembl_gene_id=ENSG00000125691.15|gene_name=RPL23|tmd_start=14|tmd_end=29|tmd_seq=FRISLGLPVGAVINCA|ss_nuc_start=219|ss_seq=AAAAAAG|tmd-SS_gap_size=44|ensembl_uniprot_annotation=No_uniprot_annotation|blastp_uniprot_annotation=P62829|transcript_canonical_status=Alternative|TMD_dG_app=3.29|SS_dG_fs=2.10|stem_loop_presence=Yes|fs_type=dual_-1|frame_transition=75|terminal_stop_codon=yes, ensembl_transcript_id=ENST00000716862.1|ensembl_gene_id=ENSG00000125691.15|gene_name=RPL23|tmd_start=14|tmd_end=29|tmd_seq=FRISLGLPVGAVINCA|ss_nuc_start=219|ss_seq=AAAAAAG|tmd-SS_gap_size=44|ensembl_uniprot_annotation=No_uniprot_annotation|blastp_uniprot_annotation=P62829|transcript_canonical_status=Alternative|TMD_dG_app=3.29|SS_dG_fs=2.10|stem_loop_presence=Yes|fs_type=hungry_-1|frame_transition=74|terminal_stop_codon=yes, ensembl_transcript_id=ENST00000716862.1|ensembl_gene_id=ENSG00000125691.15|gene_name=RPL23|tmd_start=14|tmd_end=29|tmd_seq=FRISLGLPVGAVINCA|ss_nuc_start=219|ss_seq=AAAAAAG|tmd-SS_gap_size=44|ensembl_uniprot_annotation=No_uniprot_annotation|blastp_uniprot_annotation=P62829|transcript_canonical_status=Alternative|TMD_dG_app=3.29|SS_dG_fs=2.10|stem_loop_presence=Yes|fs_type=hungry_-2|frame_transition=74|terminal_stop_codon=yes, ensembl_transcript_id=ENST00000716864.1|ensembl_gene_id=ENSG00000125691.15|gene_name=RPL23|tmd_start=14|tmd_end=29|tmd_seq=FRISLGLPVGAVINCA|ss_nuc_start=219|ss_seq=AAAAAAG|tmd-SS_gap_size=44|ensembl_uniprot_annotation=No_uniprot_annotation|blastp_uniprot_annotation=P62829|transcript_canonical_status=Alternative|TMD_dG_app=3.29|SS_dG_fs=2.10|stem_loop_presence=Yes|fs_type=dual_-1|frame_transition=75|terminal_stop_codon=yes, ensembl_transcript_id=ENST00000716864.1|ensembl_gene_id=ENSG00000125691.15|gene_name=RPL23|tmd_start=14|tmd_end=29|tmd_seq=FRISLGLPVGAVINCA|ss_nuc_start=219|ss_seq=AAAAAAG|tmd-SS_gap_size=44|ensembl_uniprot_annotation=No_uniprot_annotation|blastp_uniprot_annotation=P62829|transcript_canonical_status=Alternative|TMD_dG_app=3.29|SS_dG_fs=2.10|stem_loop_presence=Yes|fs_type=hungry_-1|frame_transition=74|terminal_stop_codon=yes, ensembl_transcript_id=ENST00000716864.1|ensembl_gene_id=ENSG00000125691.15|gene_name=RPL23|tmd_start=14|tmd_end=29|tmd_seq=FRISLGLPVGAVINCA|ss_nuc_start=219|ss_seq=AAAAAAG|tmd-SS_gap_size=44|ensembl_uniprot_annotation=No_uniprot_annotation|blastp_uniprot_annotation=P62829|transcript_canonical_status=Alternative|TMD_dG_app=3.29|SS_dG_fs=2.10|stem_loop_presence=Yes|fs_type=hungry_-2|frame_transition=74|terminal_stop_codon=yes, ensembl_transcript_id=ENST00000716865.1|ensembl_gene_id=ENSG00000125691.15|gene_name=RPL23|tmd_start=14|tmd_end=29|tmd_seq=FRISLGLPVGAVINCA|ss_nuc_start=219|ss_seq=AAAAAAG|tmd-SS_gap_size=44|ensembl_uniprot_annotation=No_uniprot_annotation|blastp_uniprot_annotation=P62829|transcript_canonical_status=Alternative|TMD_dG_app=3.29|SS_dG_fs=2.10|stem_loop_presence=Yes|fs_type=dual_-1|frame_transition=75|terminal_stop_codon=no, ensembl_transcript_id=ENST00000716865.1|ensembl_gene_id=ENSG00000125691.15|gene_name=RPL23|tmd_start=14|tmd_end=29|tmd_seq=FRISLGLPVGAVINCA|ss_nuc_start=219|ss_seq=AAAAAAG|tmd-SS_gap_size=44|ensembl_uniprot_annotation=No_uniprot_annotation|blastp_uniprot_annotation=P62829|transcript_canonical_status=Alternative|TMD_dG_app=3.29|SS_dG_fs=2.10|stem_loop_presence=Yes|fs_type=hungry_-1|frame_transition=74|terminal_stop_codon=no, ensembl_transcript_id=ENST00000716865.1|ensembl_gene_id=ENSG00000125691.15|gene_name=RPL23|tmd_start=14|tmd_end=29|tmd_seq=FRISLGLPVGAVINCA|ss_nuc_start=219|ss_seq=AAAAAAG|tmd-SS_gap_size=44|ensembl_uniprot_annotation=No_uniprot_annotation|blastp_uniprot_annotation=P62829|transcript_canonical_status=Alternative|TMD_dG_app=3.29|SS_dG_fs=2.10|stem_loop_presence=Yes|fs_type=hungry_-2|frame_transition=74|terminal_stop_codon=yes	25102	3532.6301	24964	3520.0032	3572.4812	39.049004	27
