PROTID	GENEID	GM12878_LysC_ETD_INT	HUVEC_LysC_ETD_INT	HeLa_LysC_ETD_INT	HepG2_LysC_ETD_INT	K562_LysC_ETD_INT	hESC_LysC_ETD_INT
na	na	GM12878_LysC_ETD	HUVEC_LysC_ETD	HeLa_LysC_ETD	HepG2_LysC_ETD	K562_LysC_ETD	hESC_LysC_ETD
ensembl_transcript_id=ENST00000300289.10|ensembl_gene_id=ENSG00000167004.14|gene_name=PDIA3|tmd_start=1|tmd_end=24|tmd_seq=MRLRRLALFPGVALLLAAARLAAA|ss_nuc_start=219|ss_seq=ATTAAAA|tmd-SS_gap_size=49|ensembl_uniprot_annotation=P30101|blastp_uniprot_annotation=P30101|transcript_canonical_status=Canonical|TMD_dG_app=-1.76|SS_dG_fs=1.58|stem_loop_presence=Yes|fs_type=hungry_-2|frame_transition=74|terminal_stop_codon=yes		0	6.218384E8	0	5.745582E7	0	0
ensembl_transcript_id=ENST00000304658.10|ensembl_gene_id=ENSG00000169180.12|gene_name=XPO6|tmd_start=256|tmd_end=280|tmd_seq=LFSWIPLSASITPSLLTTIFHFARF|ss_nuc_start=981|ss_seq=GGAATTT|tmd-SS_gap_size=47|ensembl_uniprot_annotation=Q96QU8|blastp_uniprot_annotation=Q96QU8|transcript_canonical_status=Canonical|TMD_dG_app=2.18|SS_dG_fs=1.86|stem_loop_presence=Yes|fs_type=dual_-1|frame_transition=329|terminal_stop_codon=yes		6.2048102E8	0	0	0	0	0
ensembl_transcript_id=ENST00000341040.11|ensembl_gene_id=ENSG00000187922.14|gene_name=LCN10|tmd_start=4|tmd_end=21|tmd_seq=GLLVLALVLVLVLVLAAG|ss_nuc_start=216|ss_seq=GAACAAA|tmd-SS_gap_size=51|ensembl_uniprot_annotation=No_uniprot_annotation|blastp_uniprot_annotation=Q6JVE6|transcript_canonical_status=Alternative|TMD_dG_app=-2.53|SS_dG_fs=2.77|stem_loop_presence=Yes|fs_type=dual_-1|frame_transition=74|terminal_stop_codon=no		3.49909568E8	0	0	0	0	0
ensembl_transcript_id=ENST00000344949.9|ensembl_gene_id=ENSG00000036054.13|gene_name=TBC1D23|tmd_start=228|tmd_end=247|tmd_seq=FFIYFLMLIILVNAKEVILT|ss_nuc_start=864|ss_seq=TTCTTTT|tmd-SS_gap_size=41|ensembl_uniprot_annotation=Q9NUY8|blastp_uniprot_annotation=Q9NUY8|transcript_canonical_status=Alternative|TMD_dG_app=-0.33|SS_dG_fs=2.88|stem_loop_presence=Yes|fs_type=dual_-1|frame_transition=290|terminal_stop_codon=yes		4.82578144E8	0	0	0	0	0
ensembl_transcript_id=ENST00000351698.5|ensembl_gene_id=ENSG00000136827.12|gene_name=TOR1A|tmd_start=24|tmd_end=46|tmd_seq=ISLGLALAGVLTGYIYPRLYCLF|ss_nuc_start=267|ss_seq=CCCAAAG|tmd-SS_gap_size=43|ensembl_uniprot_annotation=O14656|blastp_uniprot_annotation=O14656|transcript_canonical_status=Canonical|TMD_dG_app=0.78|SS_dG_fs=2.89|stem_loop_presence=Yes|fs_type=dual_-1|frame_transition=91|terminal_stop_codon=yes		0	0	0	0	4.714926E7	0
ensembl_transcript_id=ENST00000373635.9|ensembl_gene_id=ENSG00000173692.14|gene_name=PSMD1|tmd_start=757|tmd_end=775|tmd_seq=MPSVVGVLVFTQFWFWFPL|ss_nuc_start=2487|ss_seq=GAAAAAG|tmd-SS_gap_size=54|ensembl_uniprot_annotation=Q99460|blastp_uniprot_annotation=Q99460|transcript_canonical_status=Alternative|TMD_dG_app=1.26|SS_dG_fs=2.48|stem_loop_presence=Yes|fs_type=dual_-1|frame_transition=831|terminal_stop_codon=yes		0	0	0	0	2.9537904E8	0
ensembl_transcript_id=ENST00000375499.8|ensembl_gene_id=ENSG00000117118.12|gene_name=SDHB|tmd_start=7|tmd_end=29|tmd_seq=LSLRRRLPATTLGGACLQASRGA|ss_nuc_start=195|ss_seq=TAATAAA|tmd-SS_gap_size=36|ensembl_uniprot_annotation=P21912|blastp_uniprot_annotation=P21912|transcript_canonical_status=Canonical|TMD_dG_app=3.56|SS_dG_fs=2.74|stem_loop_presence=Yes|fs_type=dual_-1|frame_transition=67|terminal_stop_codon=yes		0	5.0582936E7	0	2.03424243E9	0	0
ensembl_transcript_id=ENST00000375630.6|ensembl_gene_id=ENSG00000068650.19|gene_name=ATP11A|tmd_start=911|tmd_end=935|tmd_seq=LYDTAYLTLYNISFTSLPILLYSLM|ss_nuc_start=2961|ss_seq=TGAAAAT|tmd-SS_gap_size=52|ensembl_uniprot_annotation=No_uniprot_annotation|blastp_uniprot_annotation=P98196|transcript_canonical_status=Alternative|TMD_dG_app=1.04|SS_dG_fs=2.79|stem_loop_presence=Yes|fs_type=dual_-1|frame_transition=989|terminal_stop_codon=yes		0	0	0	0	0	1.14988504E8
ensembl_transcript_id=ENST00000394333.5|ensembl_gene_id=ENSG00000125691.15|gene_name=RPL23|tmd_start=14|tmd_end=29|tmd_seq=FRISLGLPVGAVINCA|ss_nuc_start=219|ss_seq=AAAAAAG|tmd-SS_gap_size=44|ensembl_uniprot_annotation=No_uniprot_annotation|blastp_uniprot_annotation=P62829|transcript_canonical_status=Alternative|TMD_dG_app=3.29|SS_dG_fs=2.10|stem_loop_presence=Yes|fs_type=dual_-1|frame_transition=75|terminal_stop_codon=no		0	0	2.1513616E8	0	0	0
ensembl_transcript_id=ENST00000464873.5|ensembl_gene_id=ENSG00000175792.12|gene_name=RUVBL1|tmd_start=1|tmd_end=24|tmd_seq=MAGRAVLLAGPPGTGKTALALAIA|ss_nuc_start=204|ss_seq=GGAAGTT|tmd-SS_gap_size=44|ensembl_uniprot_annotation=No_uniprot_annotation|blastp_uniprot_annotation=Q9Y265|transcript_canonical_status=Alternative|TMD_dG_app=4.02|SS_dG_fs=2.42|stem_loop_presence=Yes|fs_type=dual_-1|frame_transition=70|terminal_stop_codon=yes		0	0	0	8.4976115E8	0	0
ensembl_transcript_id=ENST00000508628.6|ensembl_gene_id=ENSG00000173821.20|gene_name=RNF213|tmd_start=4599|tmd_end=4614|tmd_seq=ADRTQTGHVLGNPQRR|ss_nuc_start=13950|ss_seq=GATAAAC|tmd-SS_gap_size=36|ensembl_uniprot_annotation=No_uniprot_annotation|blastp_uniprot_annotation=Q63HN8|transcript_canonical_status=Alternative|TMD_dG_app=8.44|SS_dG_fs=2.44|stem_loop_presence=Yes|fs_type=dual_-1|frame_transition=4652|terminal_stop_codon=yes		5.36711424E8	0	3.0502338E7	1.34258368E8	0	1.67845808E8
ensembl_transcript_id=ENST00000538786.1|ensembl_gene_id=ENSG00000184743.13|gene_name=ATL3|tmd_start=450|tmd_end=474|tmd_seq=VVAQLFNCMVGLLLIALLTWGYIRY|ss_nuc_start=1554|ss_seq=GGATAAA|tmd-SS_gap_size=44|ensembl_uniprot_annotation=No_uniprot_annotation|blastp_uniprot_annotation=Q6DD88|transcript_canonical_status=Alternative|TMD_dG_app=-1.96|SS_dG_fs=1.81|stem_loop_presence=No|fs_type=dual_-1|frame_transition=520|terminal_stop_codon=no		0	0	1.89738592E8	0	0	0
ensembl_transcript_id=ENST00000580098.6|ensembl_gene_id=ENSG00000141526.18|gene_name=SLC16A3|tmd_start=314|tmd_end=338|tmd_seq=TAGDYGGLVVFCIFFGISYGMVGAL|ss_nuc_start=1131|ss_seq=CCCAAAG|tmd-SS_gap_size=39|ensembl_uniprot_annotation=No_uniprot_annotation|blastp_uniprot_annotation=O15427|transcript_canonical_status=Alternative|TMD_dG_app=-0.25|SS_dG_fs=2.89|stem_loop_presence=Yes|fs_type=dual_-1|frame_transition=379|terminal_stop_codon=no		4.06289E7	0	0	4.4290128E8	0	0
ensembl_transcript_id=ENST00000619898.5|ensembl_gene_id=ENSG00000114902.14|gene_name=SPCS1|tmd_start=45|tmd_end=64|tmd_seq=FGWTVYIVMAGFAFSCLLTL|ss_nuc_start=297|ss_seq=TAAAAAT|tmd-SS_gap_size=35|ensembl_uniprot_annotation=No_uniprot_annotation|blastp_uniprot_annotation=Q9Y6A9|transcript_canonical_status=Canonical|TMD_dG_app=-0.89|SS_dG_fs=1.26|stem_loop_presence=No|fs_type=dual_-1|frame_transition=101|terminal_stop_codon=yes		6.5235625E9	6.3428393E9	2.67656499E9	1.10954662E9	3.16775629E9	5.4201368E7
ensembl_transcript_id=ENST00000677340.1|ensembl_gene_id=ENSG00000092108.22|gene_name=SCFD1|tmd_start=167|tmd_end=191|tmd_seq=TIVDSLFCFFVTLGAVPIIRCSRGT|ss_nuc_start=732|ss_seq=TCCTTTA|tmd-SS_gap_size=53|ensembl_uniprot_annotation=No_uniprot_annotation|blastp_uniprot_annotation=Q8WVM8|transcript_canonical_status=Alternative|TMD_dG_app=0.56|SS_dG_fs=2.43|stem_loop_presence=Yes|fs_type=dual_-1|frame_transition=246|terminal_stop_codon=yes		0	0	0	1.18038502E9	0	0
ensembl_transcript_id=ENST00000680220.1|ensembl_gene_id=ENSG00000174373.17|gene_name=RALGAPA1|tmd_start=1891|tmd_end=1914|tmd_seq=KRLVVSLLLCLLDWIMALPLKTLL|ss_nuc_start=5862|ss_seq=TTTTCCC|tmd-SS_gap_size=40|ensembl_uniprot_annotation=No_uniprot_annotation|blastp_uniprot_annotation=Q6GYQ0|transcript_canonical_status=Canonical|TMD_dG_app=-0.62|SS_dG_fs=1.73|stem_loop_presence=Yes|fs_type=dual_-1|frame_transition=1956|terminal_stop_codon=yes		0	0	2.497381E7	0	0	0
ensembl_transcript_id=ENST00000680679.1|ensembl_gene_id=ENSG00000136699.20|gene_name=SMPD4|tmd_start=455|tmd_end=472|tmd_seq=LLMYTKLFVGFLNRALRT|ss_nuc_start=1536|ss_seq=CATCCCC|tmd-SS_gap_size=40|ensembl_uniprot_annotation=No_uniprot_annotation|blastp_uniprot_annotation=Q9NXE4|transcript_canonical_status=Alternative|TMD_dG_app=2.49|SS_dG_fs=2.41|stem_loop_presence=Yes|fs_type=dual_-1|frame_transition=514|terminal_stop_codon=yes		9.5856016E7	4.1748652E7	0	6.3801683E8	0	0
ensembl_transcript_id=ENST00000684799.1|ensembl_gene_id=ENSG00000169249.14|gene_name=ZRSR2|tmd_start=1|tmd_end=19|tmd_seq=MTFLCFLRALPASLVALCK|ss_nuc_start=210|ss_seq=TAAAAAA|tmd-SS_gap_size=51|ensembl_uniprot_annotation=No_uniprot_annotation|blastp_uniprot_annotation=Q15696|transcript_canonical_status=Alternative|TMD_dG_app=2.01|SS_dG_fs=0.93|stem_loop_presence=No|fs_type=dual_-1|frame_transition=72|terminal_stop_codon=yes		0	0	0	0	1.66463184E8	0
P02769	ALB	5843734.0	5.016418E7	0	0	0	0
P62937	PPIA	1.34738412E11	0	2.62339904E8	0	0	0
