PROTID	GENEID	PROTLEN	GM12878_AspN_ETD_SPC	HUVEC_AspN_ETD_SPC	HeLa_AspN_ETD_SPC	HepG2_AspN_ETD_SPC	K562_AspN_ETD_SPC	hESC_AspN_ETD_SPC
na	na	na	GM12878_AspN_ETD	HUVEC_AspN_ETD	HeLa_AspN_ETD	HepG2_AspN_ETD	K562_AspN_ETD	hESC_AspN_ETD
ensembl_transcript_id=ENST00000225726.10|ensembl_gene_id=ENSG00000108588.15|gene_name=CCDC47|tmd_start=207|tmd_end=227|tmd_seq=LWCSGRVCCEGMLIQLRFLKR|ss_nuc_start=831|ss_seq=GGATTTG|tmd-SS_gap_size=50|ensembl_uniprot_annotation=Q96A33|blastp_uniprot_annotation=Q96A33|transcript_canonical_status=Canonical|TMD_dG_app=2.38|SS_dG_fs=2.87|stem_loop_presence=Yes|fs_type=dual_-1|frame_transition=279|terminal_stop_codon=yes		280	0	0	0	0	0	1
ensembl_transcript_id=ENST00000260818.11|ensembl_gene_id=ENSG00000138246.17|gene_name=DNAJC13|tmd_start=1528|tmd_end=1552|tmd_seq=FAVDFWLQTHLFQAGILWYLLGFLF|ss_nuc_start=4800|ss_seq=AGAAAAT|tmd-SS_gap_size=48|ensembl_uniprot_annotation=O75165|blastp_uniprot_annotation=O75165|transcript_canonical_status=Canonical|TMD_dG_app=0.16|SS_dG_fs=2.79|stem_loop_presence=Yes|fs_type=dual_-1|frame_transition=1602|terminal_stop_codon=yes		1618	0	0	0	0	0	1
ensembl_transcript_id=ENST00000262768.11|ensembl_gene_id=ENSG00000035862.13|gene_name=TIMP2|tmd_start=5|tmd_end=22|tmd_seq=ARTLRLALGLLLLATLLR|ss_nuc_start=192|ss_seq=CCCTATC|tmd-SS_gap_size=42|ensembl_uniprot_annotation=P16035|blastp_uniprot_annotation=P16035|transcript_canonical_status=Canonical|TMD_dG_app=-1.60|SS_dG_fs=2.81|stem_loop_presence=Yes|fs_type=hungry_-2|frame_transition=65|terminal_stop_codon=yes		76	0	0	1	0	0	0
ensembl_transcript_id=ENST00000264649.10|ensembl_gene_id=ENSG00000033627.18|gene_name=ATP6V0A1|tmd_start=449|tmd_end=471|tmd_seq=TVFSGRYIILLMGVFSMYTGLIY|ss_nuc_start=1527|ss_seq=GAACCCA|tmd-SS_gap_size=38|ensembl_uniprot_annotation=Q93050|blastp_uniprot_annotation=Q93050|transcript_canonical_status=Alternative|TMD_dG_app=-0.26|SS_dG_fs=2.63|stem_loop_presence=Yes|fs_type=dual_-1|frame_transition=511|terminal_stop_codon=yes		525	1	0	0	1	0	0
ensembl_transcript_id=ENST00000267970.9|ensembl_gene_id=ENSG00000140391.15|gene_name=TSPAN3|tmd_start=83|tmd_end=107|tmd_seq=LATFVIILLLVFVTEVVVVVLGYVY|ss_nuc_start=468|ss_seq=GGAAAAT|tmd-SS_gap_size=49|ensembl_uniprot_annotation=O60637|blastp_uniprot_annotation=O60637|transcript_canonical_status=Canonical|TMD_dG_app=-3.06|SS_dG_fs=1.26|stem_loop_presence=Yes|fs_type=dual_-1|frame_transition=158|terminal_stop_codon=yes		172	0	0	0	1	0	0
ensembl_transcript_id=ENST00000278903.11|ensembl_gene_id=ENSG00000149547.15|gene_name=EI24|tmd_start=178|tmd_end=202|tmd_seq=LLLQALFLIQGMFVSLFPIHLVGQL|ss_nuc_start=747|ss_seq=GGCTTTT|tmd-SS_gap_size=47|ensembl_uniprot_annotation=O14681|blastp_uniprot_annotation=O14681|transcript_canonical_status=Canonical|TMD_dG_app=-0.01|SS_dG_fs=2.66|stem_loop_presence=Yes|fs_type=dual_-1|frame_transition=251|terminal_stop_codon=yes		278	0	0	0	0	0	1
ensembl_transcript_id=ENST00000295598.10|ensembl_gene_id=ENSG00000163399.16|gene_name=ATP1A1|tmd_start=916|tmd_end=937|tmd_seq=FTCHTAFFVSIVVVQWADLVIC|ss_nuc_start=2919|ss_seq=AATGGGT|tmd-SS_gap_size=36|ensembl_uniprot_annotation=P05023|blastp_uniprot_annotation=P05023|transcript_canonical_status=Canonical|TMD_dG_app=1.20|SS_dG_fs=2.83|stem_loop_presence=Yes|fs_type=dual_-1|frame_transition=975|terminal_stop_codon=yes		978	0	0	0	1	0	0
ensembl_transcript_id=ENST00000297156.4|ensembl_gene_id=ENSG00000164615.6|gene_name=CAMLG|tmd_start=188|tmd_end=211|tmd_seq=FRIFRLVGCALLALGVRAFVCKYL|ss_nuc_start=768|ss_seq=GATAAAT|tmd-SS_gap_size=45|ensembl_uniprot_annotation=P49069|blastp_uniprot_annotation=P49069|transcript_canonical_status=Canonical|TMD_dG_app=-1.75|SS_dG_fs=1.31|stem_loop_presence=Yes|fs_type=dual_-1|frame_transition=258|terminal_stop_codon=yes		264	1	0	0	0	0	0
ensembl_transcript_id=ENST00000299767.10|ensembl_gene_id=ENSG00000166598.16|gene_name=HSP90B1|tmd_start=1|tmd_end=21|tmd_seq=MRALWVLGLCCVLLTFGSVRA|ss_nuc_start=180|ss_seq=ATTAAAT|tmd-SS_gap_size=39|ensembl_uniprot_annotation=P14625|blastp_uniprot_annotation=P14625|transcript_canonical_status=Canonical|TMD_dG_app=-1.52|SS_dG_fs=1.91|stem_loop_presence=Yes|fs_type=dual_-1|frame_transition=62|terminal_stop_codon=yes		69	0	0	0	3	0	0
ensembl_transcript_id=ENST00000308159.10|ensembl_gene_id=ENSG00000102900.13|gene_name=NUP93|tmd_start=460|tmd_end=482|tmd_seq=FLYFQVLFLTAQFEAAVAFLFRM|ss_nuc_start=1557|ss_seq=CCCTCCT|tmd-SS_gap_size=37|ensembl_uniprot_annotation=Q8N1F7|blastp_uniprot_annotation=Q8N1F7|transcript_canonical_status=Canonical|TMD_dG_app=0.17|SS_dG_fs=2.53|stem_loop_presence=Yes|fs_type=dual_-1|frame_transition=521|terminal_stop_codon=yes		539	0	0	0	0	0	1
ensembl_transcript_id=ENST00000311085.8|ensembl_gene_id=ENSG00000172869.15|gene_name=DMXL1|tmd_start=2485|tmd_end=2506|tmd_seq=YSWSLMRLAMVQLVLNNLKTFY|ss_nuc_start=7647|ss_seq=AAATTAT|tmd-SS_gap_size=43|ensembl_uniprot_annotation=Q9Y485|blastp_uniprot_annotation=Q9Y485|transcript_canonical_status=Alternative|TMD_dG_app=2.57|SS_dG_fs=1.51|stem_loop_presence=Yes|fs_type=dual_-1|frame_transition=2551|terminal_stop_codon=yes		2620	0	0	0	0	1	0
ensembl_transcript_id=ENST00000328980.11|ensembl_gene_id=ENSG00000206306.10|gene_name=HLA-DRB1|tmd_start=4|tmd_end=28|tmd_seq=LRLPGGSCMAVLTVTLMVLSSPLAL|ss_nuc_start=219|ss_seq=GGGGGAG|tmd-SS_gap_size=45|ensembl_uniprot_annotation=No_uniprot_annotation|blastp_uniprot_annotation=P79483|transcript_canonical_status=Canonical|TMD_dG_app=0.49|SS_dG_fs=2.65|stem_loop_presence=Yes|fs_type=hungry_-1|frame_transition=74|terminal_stop_codon=yes		85	37	0	0	0	0	1
ensembl_transcript_id=ENST00000359142.8|ensembl_gene_id=ENSG00000070961.17|gene_name=ATP2B1|tmd_start=1007|tmd_end=1026|tmd_seq=AIFCTIVLGTFVVQIIIVQF|ss_nuc_start=3195|ss_seq=TTTAAAA|tmd-SS_gap_size=39|ensembl_uniprot_annotation=P20020|blastp_uniprot_annotation=P20020|transcript_canonical_status=Alternative|TMD_dG_app=0.00|SS_dG_fs=0.30|stem_loop_presence=Yes|fs_type=dual_-1|frame_transition=1067|terminal_stop_codon=yes		1082	0	0	0	0	0	1
ensembl_transcript_id=ENST00000369893.10|ensembl_gene_id=ENSG00000156398.13|gene_name=SFXN2|tmd_start=146|tmd_end=169|tmd_seq=MALSYFTATTTAVATAVGMNMLTK|ss_nuc_start=630|ss_seq=TGAAAAT|tmd-SS_gap_size=41|ensembl_uniprot_annotation=Q96NB2|blastp_uniprot_annotation=Q96NB2|transcript_canonical_status=Canonical|TMD_dG_app=2.17|SS_dG_fs=2.79|stem_loop_presence=Yes|fs_type=dual_-1|frame_transition=212|terminal_stop_codon=yes		212	0	0	0	0	0	1
ensembl_transcript_id=ENST00000370280.1|ensembl_gene_id=ENSG00000117500.13|gene_name=TMED5|tmd_start=5|tmd_end=29|tmd_seq=IWLPFPVLLLAALPPVLLPGAAGFT|ss_nuc_start=252|ss_seq=AGTTTTT|tmd-SS_gap_size=55|ensembl_uniprot_annotation=No_uniprot_annotation|blastp_uniprot_annotation=Q9Y3A6|transcript_canonical_status=Alternative|TMD_dG_app=0.71|SS_dG_fs=1.49|stem_loop_presence=Yes|fs_type=dual_-1|frame_transition=86|terminal_stop_codon=yes		86	1	0	0	2	0	0
ensembl_transcript_id=ENST00000373020.9|ensembl_gene_id=ENSG00000000003.16|gene_name=TSPAN6|tmd_start=90|tmd_end=114|tmd_seq=LKLYAMFLTLVFLVELVAAIVGFVF|ss_nuc_start=507|ss_seq=AGAAAAA|tmd-SS_gap_size=55|ensembl_uniprot_annotation=O43657|blastp_uniprot_annotation=O43657|transcript_canonical_status=Canonical|TMD_dG_app=-2.94|SS_dG_fs=2.46|stem_loop_presence=Yes|fs_type=dual_-1|frame_transition=171|terminal_stop_codon=yes		174	0	0	0	0	0	1
ensembl_transcript_id=ENST00000421745.7|ensembl_gene_id=ENSG00000115760.16|gene_name=BIRC6|tmd_start=4391|tmd_end=4415|tmd_seq=LYRALLELLRAIASCAAMVPLLLPL|ss_nuc_start=13365|ss_seq=GGAAAAT|tmd-SS_gap_size=40|ensembl_uniprot_annotation=Q9NR09|blastp_uniprot_annotation=Q9NR09|transcript_canonical_status=Canonical|TMD_dG_app=0.39|SS_dG_fs=1.26|stem_loop_presence=Yes|fs_type=dual_-1|frame_transition=4457|terminal_stop_codon=yes		4458	0	0	0	1	0	0
ensembl_transcript_id=ENST00000425848.6|ensembl_gene_id=ENSG00000223532.10|gene_name=HLA-B|tmd_start=1|tmd_end=24|tmd_seq=MLVMAPRTVLLLLSAALALTETWA|ss_nuc_start=234|ss_seq=GGAGGGG|tmd-SS_gap_size=54|ensembl_uniprot_annotation=No_uniprot_annotation|blastp_uniprot_annotation=P01889|transcript_canonical_status=Canonical|TMD_dG_app=0.06|SS_dG_fs=2.65|stem_loop_presence=Yes|fs_type=dual_-1|frame_transition=80|terminal_stop_codon=yes		97	2	0	0	0	0	0
ensembl_transcript_id=ENST00000431421.6|ensembl_gene_id=ENSG00000177565.19|gene_name=TBL1XR1|tmd_start=16|tmd_end=35|tmd_seq=LAQQQAAAAAAAAAAASQQG|ss_nuc_start=210|ss_seq=CCCTCCT|tmd-SS_gap_size=35|ensembl_uniprot_annotation=No_uniprot_annotation|blastp_uniprot_annotation=Q9BZK7|transcript_canonical_status=Alternative|TMD_dG_app=5.55|SS_dG_fs=2.53|stem_loop_presence=Yes|fs_type=dual_-1|frame_transition=72|terminal_stop_codon=yes		72	3	0	0	0	1	0
ensembl_transcript_id=ENST00000456204.5|ensembl_gene_id=ENSG00000146729.10|gene_name=NIPSNAP2|tmd_start=11|tmd_end=34|tmd_seq=AAWAGGLLQRAAPCSLLPRLRTWT|ss_nuc_start=240|ss_seq=TGTTAAA|tmd-SS_gap_size=46|ensembl_uniprot_annotation=No_uniprot_annotation|blastp_uniprot_annotation=O75323|transcript_canonical_status=Alternative|TMD_dG_app=3.13|SS_dG_fs=2.42|stem_loop_presence=Yes|fs_type=hungry_-1|frame_transition=81|terminal_stop_codon=yes		81	0	0	0	0	0	1
ensembl_transcript_id=ENST00000467789.5|ensembl_gene_id=ENSG00000114850.7|gene_name=SSR3|tmd_start=55|tmd_end=77|tmd_seq=LIQSAVLYSVMTLVSTYLVAFAY|ss_nuc_start=372|ss_seq=TTTAAAG|tmd-SS_gap_size=47|ensembl_uniprot_annotation=Q9UNL2|blastp_uniprot_annotation=Q9UNL2|transcript_canonical_status=Alternative|TMD_dG_app=0.98|SS_dG_fs=2.40|stem_loop_presence=Yes|fs_type=dual_-1|frame_transition=126|terminal_stop_codon=yes		130	1	0	0	0	0	0
ensembl_transcript_id=ENST00000508628.6|ensembl_gene_id=ENSG00000173821.20|gene_name=RNF213|tmd_start=4599|tmd_end=4614|tmd_seq=ADRTQTGHVLGNPQRR|ss_nuc_start=13950|ss_seq=GATAAAC|tmd-SS_gap_size=36|ensembl_uniprot_annotation=No_uniprot_annotation|blastp_uniprot_annotation=Q63HN8|transcript_canonical_status=Alternative|TMD_dG_app=8.44|SS_dG_fs=2.44|stem_loop_presence=Yes|fs_type=dual_-1|frame_transition=4652|terminal_stop_codon=yes		4654	2	0	0	1	0	0
ensembl_transcript_id=ENST00000510283.5|ensembl_gene_id=ENSG00000008294.22|gene_name=SPAG9|tmd_start=846|tmd_end=868|tmd_seq=ILSIVHVKGIVLVALADGTLAIF|ss_nuc_start=2724|ss_seq=GAACAAA|tmd-SS_gap_size=40|ensembl_uniprot_annotation=O60271|blastp_uniprot_annotation=O60271|transcript_canonical_status=Alternative|TMD_dG_app=1.55|SS_dG_fs=2.77|stem_loop_presence=Yes|fs_type=dual_-1|frame_transition=910|terminal_stop_codon=yes		925	0	0	0	1	0	0
ensembl_transcript_id=ENST00000538786.1|ensembl_gene_id=ENSG00000184743.13|gene_name=ATL3|tmd_start=450|tmd_end=474|tmd_seq=VVAQLFNCMVGLLLIALLTWGYIRY|ss_nuc_start=1554|ss_seq=GGATAAA|tmd-SS_gap_size=44|ensembl_uniprot_annotation=No_uniprot_annotation|blastp_uniprot_annotation=Q6DD88|transcript_canonical_status=Alternative|TMD_dG_app=-1.96|SS_dG_fs=1.81|stem_loop_presence=No|fs_type=dual_-1|frame_transition=520|terminal_stop_codon=no		524	0	0	2	0	0	0
ensembl_transcript_id=ENST00000680220.1|ensembl_gene_id=ENSG00000174373.17|gene_name=RALGAPA1|tmd_start=1891|tmd_end=1914|tmd_seq=KRLVVSLLLCLLDWIMALPLKTLL|ss_nuc_start=5862|ss_seq=TTTTCCC|tmd-SS_gap_size=40|ensembl_uniprot_annotation=No_uniprot_annotation|blastp_uniprot_annotation=Q6GYQ0|transcript_canonical_status=Canonical|TMD_dG_app=-0.62|SS_dG_fs=1.73|stem_loop_presence=Yes|fs_type=dual_-1|frame_transition=1956|terminal_stop_codon=yes		1960	0	0	1	0	0	0
ensembl_transcript_id=ENST00000680679.1|ensembl_gene_id=ENSG00000136699.20|gene_name=SMPD4|tmd_start=455|tmd_end=472|tmd_seq=LLMYTKLFVGFLNRALRT|ss_nuc_start=1536|ss_seq=CATCCCC|tmd-SS_gap_size=40|ensembl_uniprot_annotation=No_uniprot_annotation|blastp_uniprot_annotation=Q9NXE4|transcript_canonical_status=Alternative|TMD_dG_app=2.49|SS_dG_fs=2.41|stem_loop_presence=Yes|fs_type=dual_-1|frame_transition=514|terminal_stop_codon=yes		539	0	0	0	0	1	0
ensembl_transcript_id=ENST00000685394.1|ensembl_gene_id=ENSG00000142197.13|gene_name=DOP1B|tmd_start=1310|tmd_end=1327|tmd_seq=LLLELLTYLCLSFLRSYY|ss_nuc_start=4143|ss_seq=CAAAGTT|tmd-SS_gap_size=54|ensembl_uniprot_annotation=No_uniprot_annotation|blastp_uniprot_annotation=Q9Y3R5|transcript_canonical_status=Alternative|TMD_dG_app=0.83|SS_dG_fs=2.42|stem_loop_presence=Yes|fs_type=dual_-1|frame_transition=1383|terminal_stop_codon=yes		1419	0	0	0	1	0	0
ensembl_transcript_id=ENST00000710333.1|ensembl_gene_id=ENSG00000292253.1|gene_name=TGOLN2|tmd_start=385|tmd_end=402|tmd_seq=FFAYLVTAAILVAVLYIA|ss_nuc_start=1311|ss_seq=CTTTTTT|tmd-SS_gap_size=35|ensembl_uniprot_annotation=No_uniprot_annotation|blastp_uniprot_annotation=O43493|transcript_canonical_status=Alternative|TMD_dG_app=-1.45|SS_dG_fs=0.93|stem_loop_presence=Yes|fs_type=dual_-1|frame_transition=439|terminal_stop_codon=yes		443	0	0	0	0	0	1
P02769	ALB	607	1	0	0	0	0	0
P04264	KRT1	644	1	0	0	0	0	0
P13645	KRT10	584	0	0	0	3	0	0
P62979	RPS27A	156	0	1	0	0	0	1
P63165	SUMO1	101	0	0	0	1	0	0
