PROTID	GENEID	PROTLEN	GM12878_AspN_HCD_SPC	HUVEC_AspN_CAD_SPC	HUVEC_AspN_HCD_SPC	HeLa_AspN_HCD_SPC	HepG2_AspN_HCD_SPC	K562_AspN_HCD_SPC	hESC_AspN_HCD_SPC
na	na	na	GM12878_AspN_HCD	HUVEC_AspN_CAD	HUVEC_AspN_HCD	HeLa_AspN_HCD	HepG2_AspN_HCD	K562_AspN_HCD	hESC_AspN_HCD
ensembl_transcript_id=ENST00000252999.7|ensembl_gene_id=ENSG00000130702.15|gene_name=LAMA5|tmd_start=3392|tmd_end=3414|tmd_seq=LALFLSNGHFVAQMEGLGTRLRA|ss_nuc_start=10347|ss_seq=GGAGGGG|tmd-SS_gap_size=35|ensembl_uniprot_annotation=O15230|blastp_uniprot_annotation=O15230|transcript_canonical_status=Canonical|TMD_dG_app=3.97|SS_dG_fs=2.65|stem_loop_presence=Yes|fs_type=dual_-1|frame_transition=3451|terminal_stop_codon=yes		3541	0	0	0	0	1	0	0
ensembl_transcript_id=ENST00000254624.10|ensembl_gene_id=ENSG00000132294.15|gene_name=EFR3A|tmd_start=589|tmd_end=608|tmd_seq=LPMFHRCGIMALVAAYLNFV|ss_nuc_start=1941|ss_seq=TCCAAAA|tmd-SS_gap_size=39|ensembl_uniprot_annotation=Q14156|blastp_uniprot_annotation=Q14156|transcript_canonical_status=Canonical|TMD_dG_app=1.21|SS_dG_fs=2.52|stem_loop_presence=Yes|fs_type=dual_-1|frame_transition=649|terminal_stop_codon=yes		654	0	0	0	1	0	0	0
ensembl_transcript_id=ENST00000300026.4|ensembl_gene_id=ENSG00000166794.7|gene_name=PPIB|tmd_start=9|tmd_end=28|tmd_seq=MKVLLAAALIAGSVFFLLLP|ss_nuc_start=219|ss_seq=GGATAAT|tmd-SS_gap_size=45|ensembl_uniprot_annotation=P23284|blastp_uniprot_annotation=P23284|transcript_canonical_status=Canonical|TMD_dG_app=-0.88|SS_dG_fs=2.69|stem_loop_presence=Yes|fs_type=hungry_-1|frame_transition=74|terminal_stop_codon=yes		74	0	0	0	0	0	0	1
ensembl_transcript_id=ENST00000328980.11|ensembl_gene_id=ENSG00000206306.10|gene_name=HLA-DRB1|tmd_start=4|tmd_end=28|tmd_seq=LRLPGGSCMAVLTVTLMVLSSPLAL|ss_nuc_start=219|ss_seq=GGGGGAG|tmd-SS_gap_size=45|ensembl_uniprot_annotation=No_uniprot_annotation|blastp_uniprot_annotation=P79483|transcript_canonical_status=Canonical|TMD_dG_app=0.49|SS_dG_fs=2.65|stem_loop_presence=Yes|fs_type=dual_-1|frame_transition=75|terminal_stop_codon=yes		85	8	0	0	0	0	0	0
ensembl_transcript_id=ENST00000336592.11|ensembl_gene_id=ENSG00000158290.19|gene_name=CUL4B|tmd_start=4|tmd_end=22|tmd_seq=VCPVTSGFSSPSPSAAAAA|ss_nuc_start=219|ss_seq=TCCTTTA|tmd-SS_gap_size=51|ensembl_uniprot_annotation=No_uniprot_annotation|blastp_uniprot_annotation=Q13620|transcript_canonical_status=Alternative|TMD_dG_app=7.27|SS_dG_fs=2.43|stem_loop_presence=Yes|fs_type=dual_-1|frame_transition=75|terminal_stop_codon=yes		108	0	0	0	3	0	0	0
ensembl_transcript_id=ENST00000338961.11|ensembl_gene_id=ENSG00000148334.16|gene_name=PTGES2|tmd_start=277|tmd_end=293|tmd_seq=VAKYMGAAAMYLISKRL|ss_nuc_start=1032|ss_seq=GGAGGGG|tmd-SS_gap_size=51|ensembl_uniprot_annotation=Q9H7Z7|blastp_uniprot_annotation=Q9H7Z7|transcript_canonical_status=Canonical|TMD_dG_app=3.33|SS_dG_fs=2.65|stem_loop_presence=Yes|fs_type=dual_-1|frame_transition=346|terminal_stop_codon=yes		351	0	0	0	0	0	0	1
ensembl_transcript_id=ENST00000370280.1|ensembl_gene_id=ENSG00000117500.13|gene_name=TMED5|tmd_start=5|tmd_end=29|tmd_seq=IWLPFPVLLLAALPPVLLPGAAGFT|ss_nuc_start=252|ss_seq=AGTTTTT|tmd-SS_gap_size=55|ensembl_uniprot_annotation=No_uniprot_annotation|blastp_uniprot_annotation=Q9Y3A6|transcript_canonical_status=Alternative|TMD_dG_app=0.71|SS_dG_fs=1.49|stem_loop_presence=Yes|fs_type=dual_-1|frame_transition=86|terminal_stop_codon=yes		86	0	0	0	1	1	0	1
ensembl_transcript_id=ENST00000381334.10|ensembl_gene_id=ENSG00000134851.13|gene_name=TMEM165|tmd_start=157|tmd_end=176|tmd_seq=VYTYYVSTVLFAIFGIRMLR|ss_nuc_start=678|ss_seq=GAAAAAG|tmd-SS_gap_size=50|ensembl_uniprot_annotation=Q9HC07|blastp_uniprot_annotation=Q9HC07|transcript_canonical_status=Canonical|TMD_dG_app=-0.47|SS_dG_fs=2.48|stem_loop_presence=Yes|fs_type=dual_-1|frame_transition=228|terminal_stop_codon=yes		250	0	0	0	0	1	0	0
ensembl_transcript_id=ENST00000431081.6|ensembl_gene_id=ENSG00000149577.17|gene_name=SIDT2|tmd_start=293|tmd_end=317|tmd_seq=YVSGMLFCLGIFLSFYLLTVLLACW|ss_nuc_start=1068|ss_seq=CCCTTAT|tmd-SS_gap_size=39|ensembl_uniprot_annotation=No_uniprot_annotation|blastp_uniprot_annotation=Q8NBJ9|transcript_canonical_status=Alternative|TMD_dG_app=-3.31|SS_dG_fs=1.58|stem_loop_presence=Yes|fs_type=dual_-1|frame_transition=358|terminal_stop_codon=yes		358	0	0	0	1	0	0	0
ensembl_transcript_id=ENST00000538786.1|ensembl_gene_id=ENSG00000184743.13|gene_name=ATL3|tmd_start=450|tmd_end=474|tmd_seq=VVAQLFNCMVGLLLIALLTWGYIRY|ss_nuc_start=1554|ss_seq=GGATAAA|tmd-SS_gap_size=44|ensembl_uniprot_annotation=No_uniprot_annotation|blastp_uniprot_annotation=Q6DD88|transcript_canonical_status=Alternative|TMD_dG_app=-1.96|SS_dG_fs=1.81|stem_loop_presence=No|fs_type=hungry_-1|frame_transition=519|terminal_stop_codon=yes		519	0	0	0	3	0	0	0
ensembl_transcript_id=ENST00000619898.5|ensembl_gene_id=ENSG00000114902.14|gene_name=SPCS1|tmd_start=45|tmd_end=64|tmd_seq=FGWTVYIVMAGFAFSCLLTL|ss_nuc_start=297|ss_seq=TAAAAAT|tmd-SS_gap_size=35|ensembl_uniprot_annotation=No_uniprot_annotation|blastp_uniprot_annotation=Q9Y6A9|transcript_canonical_status=Canonical|TMD_dG_app=-0.89|SS_dG_fs=1.26|stem_loop_presence=No|fs_type=dual_-1|frame_transition=101|terminal_stop_codon=yes		101	3	0	4	1	1	13	3
ensembl_transcript_id=ENST00000632244.1|ensembl_gene_id=ENSG00000276021.4|gene_name=WDR81|tmd_start=1392|tmd_end=1412|tmd_seq=ARTILCVKTISLIALICLRIG|ss_nuc_start=4401|ss_seq=GGACCCC|tmd-SS_gap_size=55|ensembl_uniprot_annotation=No_uniprot_annotation|blastp_uniprot_annotation=Q562E7|transcript_canonical_status=Canonical|TMD_dG_app=-0.02|SS_dG_fs=2.61|stem_loop_presence=Yes|fs_type=dual_-1|frame_transition=1469|terminal_stop_codon=yes		1496	0	0	0	0	0	2	0
ensembl_transcript_id=ENST00000650711.1|ensembl_gene_id=ENSG00000108576.10|gene_name=SLC6A4|tmd_start=248|tmd_end=271|tmd_seq=LGGISWQLALCIMLIFTVIYFSIW|ss_nuc_start=921|ss_seq=GGGTGTT|tmd-SS_gap_size=36|ensembl_uniprot_annotation=P31645|blastp_uniprot_annotation=P31645|transcript_canonical_status=Canonical|TMD_dG_app=-2.27|SS_dG_fs=1.75|stem_loop_presence=Yes|fs_type=dual_-1|frame_transition=309|terminal_stop_codon=yes		348	0	0	0	0	1	0	0
ensembl_transcript_id=ENST00000680411.1|ensembl_gene_id=ENSG00000150768.18|gene_name=DLAT|tmd_start=1|tmd_end=18|tmd_seq=MFLLFLFQVPLPSLSPTM|ss_nuc_start=210|ss_seq=GGATGTT|tmd-SS_gap_size=52|ensembl_uniprot_annotation=No_uniprot_annotation|blastp_uniprot_annotation=P10515|transcript_canonical_status=Alternative|TMD_dG_app=3.24|SS_dG_fs=2.37|stem_loop_presence=Yes|fs_type=dual_-1|frame_transition=72|terminal_stop_codon=yes		85	0	0	0	0	0	0	1
ensembl_transcript_id=ENST00000680679.1|ensembl_gene_id=ENSG00000136699.20|gene_name=SMPD4|tmd_start=455|tmd_end=472|tmd_seq=LLMYTKLFVGFLNRALRT|ss_nuc_start=1536|ss_seq=CATCCCC|tmd-SS_gap_size=40|ensembl_uniprot_annotation=No_uniprot_annotation|blastp_uniprot_annotation=Q9NXE4|transcript_canonical_status=Alternative|TMD_dG_app=2.49|SS_dG_fs=2.41|stem_loop_presence=Yes|fs_type=dual_-1|frame_transition=514|terminal_stop_codon=yes		539	0	0	0	0	2	0	0
ensembl_transcript_id=ENST00000695079.1|ensembl_gene_id=ENSG00000005810.20|gene_name=MYCBP2|tmd_start=4089|tmd_end=4108|tmd_seq=KLGILDMFLGCIAKALTVQL|ss_nuc_start=12486|ss_seq=CATTAAA|tmd-SS_gap_size=54|ensembl_uniprot_annotation=No_uniprot_annotation|blastp_uniprot_annotation=O75592|transcript_canonical_status=Alternative|TMD_dG_app=2.64|SS_dG_fs=1.74|stem_loop_presence=Yes|fs_type=dual_-1|frame_transition=4164|terminal_stop_codon=yes		4200	0	0	0	0	0	0	1
ensembl_transcript_id=ENST00000710333.1|ensembl_gene_id=ENSG00000292253.1|gene_name=TGOLN2|tmd_start=385|tmd_end=402|tmd_seq=FFAYLVTAAILVAVLYIA|ss_nuc_start=1311|ss_seq=CTTTTTT|tmd-SS_gap_size=35|ensembl_uniprot_annotation=No_uniprot_annotation|blastp_uniprot_annotation=O43493|transcript_canonical_status=Alternative|TMD_dG_app=-1.45|SS_dG_fs=0.93|stem_loop_presence=Yes|fs_type=dual_-1|frame_transition=439|terminal_stop_codon=yes		443	0	0	0	0	4	0	1
P04264	KRT1	644	0	0	0	1	0	0	0
P62937	PPIA	165	0	0	0	0	3	1	0
