Spectrum	Spectrum File	Peptide	Modified Peptide	Extended Peptide	Prev AA	Next AA	Peptide Length	Charge	Retention	Observed Mass	Calibrated Observed Mass	Observed M/Z	Calibrated Observed M/Z	Calculated Peptide Mass	Calculated M/Z	Delta Mass	SpectralSim	RTScore	Expectation	Hyperscore	Nextscore	Probability	Qvalue	Number of Enzymatic Termini	Number of Missed Cleavages	Protein Start	Protein End	Intensity	Assigned Modifications	Observed Modifications	Purity	Is Decoy	Is Contaminant	Is Unique	Protein	Protein ID	Entry Name	Gene	Protein Description	Mapped Genes	Mapped Proteins	Parent Scan Number	Apex Retention Time	Apex Scan Number	Retention Time Start	Retention Time End	Retention Time FWHM	Traced Scans
20151220_alr_CompleteHumanProteome_HUVEC_HCD_GluC_26_sub.46194.46194.2	interact-20151220_alr_CompleteHumanProteome_HUVEC_HCD_GluC_26_sub.pep.xml	APPTELLARPE		M.APPTELLARPE.RGSAPGSR	M	R	11	2	2745.0770	1192.6484	1192.6484	597.3315	597.3315	1192.6450	597.3298	0.0034	0.9796	45.7513	0.00001006931000	25.4880	0.0000	0.9694	0.00000000000000	2	1	2	12	2.06429104E8			0.00	false	false	false	ensembl_transcript_id=ENST00000633192.1|ensembl_gene_id=ENSG00000105854.13|gene_name=PON2|tmd_start=21|tmd_end=45|tmd_seq=AMGRLVAVGLLGIALALLGERLLAL|ss_nuc_start=249|ss_seq=GGCTTTT|tmd-SS_gap_size=38|ensembl_uniprot_annotation=No_uniprot_annotation|blastp_uniprot_annotation=Q15165|transcript_canonical_status=Alternative|TMD_dG_app=-1.64|SS_dG_fs=2.66|stem_loop_presence=Yes|fs_type=dual_-1|frame_transition=85|terminal_stop_codon=yes	ensembl_transcript_id=ENST00000633192.1|ensembl_gene_id=ENSG00000105854.13|gene_name=PON2|tmd_start=21|tmd_end=45|tmd_seq=AMGRLVAVGLLGIALALLGERLLAL|ss_nuc_start=249|ss_seq=GGCTTTT|tmd-SS_gap_size=38|ensembl_uniprot_annotation=No_uniprot_annotation|blastp_uniprot_annotation=Q15165|transcript_canonical_status=Alternative|TMD_dG_app=-1.64|SS_dG_fs=2.66|stem_loop_presence=Yes|fs_type=dual_-1|frame_transition=85|terminal_stop_codon=yes	ensembl_transcript_id=ENST00000633192.1|ensembl_gene_id=ENSG00000105854.13|gene_name=PON2|tmd_start=21|tmd_end=45|tmd_seq=AMGRLVAVGLLGIALALLGERLLAL|ss_nuc_start=249|ss_seq=GGCTTTT|tmd-SS_gap_size=38|ensembl_uniprot_annotation=No_uniprot_annotation|blastp_uniprot_annotation=Q15165|transcript_canonical_status=Alternative|TMD_dG_app=-1.64|SS_dG_fs=2.66|stem_loop_presence=Yes|fs_type=dual_-1|frame_transition=85|terminal_stop_codon=yes		ensembl_transcript_id=ENST00000633192.1|ensembl_gene_id=ENSG00000105854.13|gene_name=PON2|tmd_start=21|tmd_end=45|tmd_seq=AMGRLVAVGLLGIALALLGERLLAL|ss_nuc_start=249|ss_seq=GGCTTTT|tmd-SS_gap_size=38|ensembl_uniprot_annotation=No_uniprot_annotation|blastp_uniprot_annotation=Q15165|transcript_canonical_status=Alternative|TMD_dG_app=-1.64|SS_dG_fs=2.66|stem_loop_presence=Yes|fs_type=dual_-1|frame_transition=85|terminal_stop_codon=yes		ensembl_transcript_id=ENST00000633192.1|ensembl_gene_id=ENSG00000105854.13|gene_name=PON2|tmd_start=21|tmd_end=45|tmd_seq=AMGRLVAVGLLGIALALLGERLLAL|ss_nuc_start=249|ss_seq=GGCTTTT|tmd-SS_gap_size=38|ensembl_uniprot_annotation=No_uniprot_annotation|blastp_uniprot_annotation=Q15165|transcript_canonical_status=Alternative|TMD_dG_app=-1.64|SS_dG_fs=2.66|stem_loop_presence=Yes|fs_type=hungry_-1|frame_transition=84|terminal_stop_codon=yes, ensembl_transcript_id=ENST00000633192.1|ensembl_gene_id=ENSG00000105854.13|gene_name=PON2|tmd_start=21|tmd_end=45|tmd_seq=AMGRLVAVGLLGIALALLGERLLAL|ss_nuc_start=249|ss_seq=GGCTTTT|tmd-SS_gap_size=38|ensembl_uniprot_annotation=No_uniprot_annotation|blastp_uniprot_annotation=Q15165|transcript_canonical_status=Alternative|TMD_dG_app=-1.64|SS_dG_fs=2.66|stem_loop_presence=Yes|fs_type=hungry_-2|frame_transition=84|terminal_stop_codon=yes, ensembl_transcript_id=ENST00000633192.1|ensembl_gene_id=ENSG00000105854.13|gene_name=PON2|tmd_start=21|tmd_end=45|tmd_seq=AMGRLVAVGLLGIALALLGERLLAL|ss_nuc_start=252|ss_seq=TTTTTTT|tmd-SS_gap_size=39|ensembl_uniprot_annotation=No_uniprot_annotation|blastp_uniprot_annotation=Q15165|transcript_canonical_status=Alternative|TMD_dG_app=-1.64|SS_dG_fs=0.00|stem_loop_presence=Yes|fs_type=dual_-1|frame_transition=86|terminal_stop_codon=yes, ensembl_transcript_id=ENST00000633192.1|ensembl_gene_id=ENSG00000105854.13|gene_name=PON2|tmd_start=21|tmd_end=45|tmd_seq=AMGRLVAVGLLGIALALLGERLLAL|ss_nuc_start=252|ss_seq=TTTTTTT|tmd-SS_gap_size=39|ensembl_uniprot_annotation=No_uniprot_annotation|blastp_uniprot_annotation=Q15165|transcript_canonical_status=Alternative|TMD_dG_app=-1.64|SS_dG_fs=0.00|stem_loop_presence=Yes|fs_type=hungry_-1|frame_transition=85|terminal_stop_codon=yes, ensembl_transcript_id=ENST00000633192.1|ensembl_gene_id=ENSG00000105854.13|gene_name=PON2|tmd_start=21|tmd_end=45|tmd_seq=AMGRLVAVGLLGIALALLGERLLAL|ss_nuc_start=252|ss_seq=TTTTTTT|tmd-SS_gap_size=39|ensembl_uniprot_annotation=No_uniprot_annotation|blastp_uniprot_annotation=Q15165|transcript_canonical_status=Alternative|TMD_dG_app=-1.64|SS_dG_fs=0.00|stem_loop_presence=Yes|fs_type=hungry_-2|frame_transition=85|terminal_stop_codon=yes, ensembl_transcript_id=ENST00000633192.1|ensembl_gene_id=ENSG00000105854.13|gene_name=PON2|tmd_start=21|tmd_end=45|tmd_seq=AMGRLVAVGLLGIALALLGERLLAL|ss_nuc_start=264|ss_seq=GGGTCTA|tmd-SS_gap_size=43|ensembl_uniprot_annotation=No_uniprot_annotation|blastp_uniprot_annotation=Q15165|transcript_canonical_status=Alternative|TMD_dG_app=-1.64|SS_dG_fs=2.26|stem_loop_presence=Yes|fs_type=dual_-1|frame_transition=90|terminal_stop_codon=yes, ensembl_transcript_id=ENST00000633192.1|ensembl_gene_id=ENSG00000105854.13|gene_name=PON2|tmd_start=21|tmd_end=45|tmd_seq=AMGRLVAVGLLGIALALLGERLLAL|ss_nuc_start=264|ss_seq=GGGTCTA|tmd-SS_gap_size=43|ensembl_uniprot_annotation=No_uniprot_annotation|blastp_uniprot_annotation=Q15165|transcript_canonical_status=Alternative|TMD_dG_app=-1.64|SS_dG_fs=2.26|stem_loop_presence=Yes|fs_type=hungry_-1|frame_transition=89|terminal_stop_codon=yes, ensembl_transcript_id=ENST00000633192.1|ensembl_gene_id=ENSG00000105854.13|gene_name=PON2|tmd_start=21|tmd_end=45|tmd_seq=AMGRLVAVGLLGIALALLGERLLAL|ss_nuc_start=264|ss_seq=GGGTCTA|tmd-SS_gap_size=43|ensembl_uniprot_annotation=No_uniprot_annotation|blastp_uniprot_annotation=Q15165|transcript_canonical_status=Alternative|TMD_dG_app=-1.64|SS_dG_fs=2.26|stem_loop_presence=Yes|fs_type=hungry_-2|frame_transition=89|terminal_stop_codon=yes, ensembl_transcript_id=ENST00000633192.1|ensembl_gene_id=ENSG00000105854.13|gene_name=PON2|tmd_start=21|tmd_end=45|tmd_seq=AMGRLVAVGLLGIALALLGERLLAL|ss_nuc_start=267|ss_seq=TCTAAAA|tmd-SS_gap_size=44|ensembl_uniprot_annotation=No_uniprot_annotation|blastp_uniprot_annotation=Q15165|transcript_canonical_status=Alternative|TMD_dG_app=-1.64|SS_dG_fs=2.00|stem_loop_presence=Yes|fs_type=dual_-1|frame_transition=91|terminal_stop_codon=yes, ensembl_transcript_id=ENST00000633192.1|ensembl_gene_id=ENSG00000105854.13|gene_name=PON2|tmd_start=21|tmd_end=45|tmd_seq=AMGRLVAVGLLGIALALLGERLLAL|ss_nuc_start=267|ss_seq=TCTAAAA|tmd-SS_gap_size=44|ensembl_uniprot_annotation=No_uniprot_annotation|blastp_uniprot_annotation=Q15165|transcript_canonical_status=Alternative|TMD_dG_app=-1.64|SS_dG_fs=2.00|stem_loop_presence=Yes|fs_type=hungry_-1|frame_transition=90|terminal_stop_codon=yes, ensembl_transcript_id=ENST00000633192.1|ensembl_gene_id=ENSG00000105854.13|gene_name=PON2|tmd_start=21|tmd_end=45|tmd_seq=AMGRLVAVGLLGIALALLGERLLAL|ss_nuc_start=267|ss_seq=TCTAAAA|tmd-SS_gap_size=44|ensembl_uniprot_annotation=No_uniprot_annotation|blastp_uniprot_annotation=Q15165|transcript_canonical_status=Alternative|TMD_dG_app=-1.64|SS_dG_fs=2.00|stem_loop_presence=Yes|fs_type=hungry_-2|frame_transition=90|terminal_stop_codon=yes	46156	2751.5842	46360	2741.7542	2761.0833	7.5550003	26
20151220_alr_CompleteHumanProteome_HUVEC_HCD_GluC_34_sub.77457.77457.2	interact-20151220_alr_CompleteHumanProteome_HUVEC_HCD_GluC_34_sub.pep.xml	AAAAVNGAAGFSSSGPAATSGAVLQAATGMYE	n[43]AAAAVNGAAGFSSSGPAATSGAVLQAATGM[147]YE	M.AAAAVNGAAGFSSSGPAATSGAVLQAATGMYE.QLKGEWNR	M	Q	32	2	4381.8570	2914.3560	2914.3560	1458.1853	1458.1853	2913.3450	1457.6798	1.0109	0.7335	73.0310	0.00000047973320	33.7760	7.5870	0.9999	0.00000000000000	2	0	2	33	0	N-term(42.0106),30M(15.9949)		0.00	false	false	false	ensembl_transcript_id=ENST00000585598.1|ensembl_gene_id=ENSG00000099341.13|gene_name=PSMD8|tmd_start=9|tmd_end=32|tmd_seq=AAGFSSSGPAATSGAVLQAATGMY|ss_nuc_start=258|ss_seq=GGGTGAA|tmd-SS_gap_size=54|ensembl_uniprot_annotation=No_uniprot_annotation|blastp_uniprot_annotation=P48556|transcript_canonical_status=Alternative|TMD_dG_app=5.09|SS_dG_fs=2.72|stem_loop_presence=Yes|fs_type=dual_-1|frame_transition=88|terminal_stop_codon=yes	ensembl_transcript_id=ENST00000585598.1|ensembl_gene_id=ENSG00000099341.13|gene_name=PSMD8|tmd_start=9|tmd_end=32|tmd_seq=AAGFSSSGPAATSGAVLQAATGMY|ss_nuc_start=258|ss_seq=GGGTGAA|tmd-SS_gap_size=54|ensembl_uniprot_annotation=No_uniprot_annotation|blastp_uniprot_annotation=P48556|transcript_canonical_status=Alternative|TMD_dG_app=5.09|SS_dG_fs=2.72|stem_loop_presence=Yes|fs_type=dual_-1|frame_transition=88|terminal_stop_codon=yes	ensembl_transcript_id=ENST00000585598.1|ensembl_gene_id=ENSG00000099341.13|gene_name=PSMD8|tmd_start=9|tmd_end=32|tmd_seq=AAGFSSSGPAATSGAVLQAATGMY|ss_nuc_start=258|ss_seq=GGGTGAA|tmd-SS_gap_size=54|ensembl_uniprot_annotation=No_uniprot_annotation|blastp_uniprot_annotation=P48556|transcript_canonical_status=Alternative|TMD_dG_app=5.09|SS_dG_fs=2.72|stem_loop_presence=Yes|fs_type=dual_-1|frame_transition=88|terminal_stop_codon=yes		ensembl_transcript_id=ENST00000585598.1|ensembl_gene_id=ENSG00000099341.13|gene_name=PSMD8|tmd_start=9|tmd_end=32|tmd_seq=AAGFSSSGPAATSGAVLQAATGMY|ss_nuc_start=258|ss_seq=GGGTGAA|tmd-SS_gap_size=54|ensembl_uniprot_annotation=No_uniprot_annotation|blastp_uniprot_annotation=P48556|transcript_canonical_status=Alternative|TMD_dG_app=5.09|SS_dG_fs=2.72|stem_loop_presence=Yes|fs_type=dual_-1|frame_transition=88|terminal_stop_codon=yes		ensembl_transcript_id=ENST00000585598.1|ensembl_gene_id=ENSG00000099341.13|gene_name=PSMD8|tmd_start=9|tmd_end=32|tmd_seq=AAGFSSSGPAATSGAVLQAATGMY|ss_nuc_start=258|ss_seq=GGGTGAA|tmd-SS_gap_size=54|ensembl_uniprot_annotation=No_uniprot_annotation|blastp_uniprot_annotation=P48556|transcript_canonical_status=Alternative|TMD_dG_app=5.09|SS_dG_fs=2.72|stem_loop_presence=Yes|fs_type=hungry_-1|frame_transition=87|terminal_stop_codon=yes, ensembl_transcript_id=ENST00000585598.1|ensembl_gene_id=ENSG00000099341.13|gene_name=PSMD8|tmd_start=9|tmd_end=32|tmd_seq=AAGFSSSGPAATSGAVLQAATGMY|ss_nuc_start=258|ss_seq=GGGTGAA|tmd-SS_gap_size=54|ensembl_uniprot_annotation=No_uniprot_annotation|blastp_uniprot_annotation=P48556|transcript_canonical_status=Alternative|TMD_dG_app=5.09|SS_dG_fs=2.72|stem_loop_presence=Yes|fs_type=hungry_-2|frame_transition=87|terminal_stop_codon=yes	77425	0.0	0	0.0	0.0	0.0	0
20151220_alr_CompleteHumanProteome_HUVEC_HCD_GluC_34_sub.77630.77630.3	interact-20151220_alr_CompleteHumanProteome_HUVEC_HCD_GluC_34_sub.pep.xml	AAAAVNGAAGFSSSGPAATSGAVLQAATGMYE	n[43]AAAAVNGAAGFSSSGPAATSGAVLQAATGM[147]YE	M.AAAAVNGAAGFSSSGPAATSGAVLQAATGMYE.QLKGEWNR	M	Q	32	3	4389.5600	2913.3555	2913.3555	972.1258	972.1258	2913.3450	972.1223	0.0105	0.8945	73.1593	0.00334965500000	18.4000	10.1980	0.9863	0.00000000000000	2	0	2	33	1.97566672E8	N-term(42.0106),30M(15.9949)		0.00	false	false	false	ensembl_transcript_id=ENST00000585598.1|ensembl_gene_id=ENSG00000099341.13|gene_name=PSMD8|tmd_start=9|tmd_end=32|tmd_seq=AAGFSSSGPAATSGAVLQAATGMY|ss_nuc_start=258|ss_seq=GGGTGAA|tmd-SS_gap_size=54|ensembl_uniprot_annotation=No_uniprot_annotation|blastp_uniprot_annotation=P48556|transcript_canonical_status=Alternative|TMD_dG_app=5.09|SS_dG_fs=2.72|stem_loop_presence=Yes|fs_type=dual_-1|frame_transition=88|terminal_stop_codon=yes	ensembl_transcript_id=ENST00000585598.1|ensembl_gene_id=ENSG00000099341.13|gene_name=PSMD8|tmd_start=9|tmd_end=32|tmd_seq=AAGFSSSGPAATSGAVLQAATGMY|ss_nuc_start=258|ss_seq=GGGTGAA|tmd-SS_gap_size=54|ensembl_uniprot_annotation=No_uniprot_annotation|blastp_uniprot_annotation=P48556|transcript_canonical_status=Alternative|TMD_dG_app=5.09|SS_dG_fs=2.72|stem_loop_presence=Yes|fs_type=dual_-1|frame_transition=88|terminal_stop_codon=yes	ensembl_transcript_id=ENST00000585598.1|ensembl_gene_id=ENSG00000099341.13|gene_name=PSMD8|tmd_start=9|tmd_end=32|tmd_seq=AAGFSSSGPAATSGAVLQAATGMY|ss_nuc_start=258|ss_seq=GGGTGAA|tmd-SS_gap_size=54|ensembl_uniprot_annotation=No_uniprot_annotation|blastp_uniprot_annotation=P48556|transcript_canonical_status=Alternative|TMD_dG_app=5.09|SS_dG_fs=2.72|stem_loop_presence=Yes|fs_type=dual_-1|frame_transition=88|terminal_stop_codon=yes		ensembl_transcript_id=ENST00000585598.1|ensembl_gene_id=ENSG00000099341.13|gene_name=PSMD8|tmd_start=9|tmd_end=32|tmd_seq=AAGFSSSGPAATSGAVLQAATGMY|ss_nuc_start=258|ss_seq=GGGTGAA|tmd-SS_gap_size=54|ensembl_uniprot_annotation=No_uniprot_annotation|blastp_uniprot_annotation=P48556|transcript_canonical_status=Alternative|TMD_dG_app=5.09|SS_dG_fs=2.72|stem_loop_presence=Yes|fs_type=dual_-1|frame_transition=88|terminal_stop_codon=yes		ensembl_transcript_id=ENST00000585598.1|ensembl_gene_id=ENSG00000099341.13|gene_name=PSMD8|tmd_start=9|tmd_end=32|tmd_seq=AAGFSSSGPAATSGAVLQAATGMY|ss_nuc_start=258|ss_seq=GGGTGAA|tmd-SS_gap_size=54|ensembl_uniprot_annotation=No_uniprot_annotation|blastp_uniprot_annotation=P48556|transcript_canonical_status=Alternative|TMD_dG_app=5.09|SS_dG_fs=2.72|stem_loop_presence=Yes|fs_type=hungry_-1|frame_transition=87|terminal_stop_codon=yes, ensembl_transcript_id=ENST00000585598.1|ensembl_gene_id=ENSG00000099341.13|gene_name=PSMD8|tmd_start=9|tmd_end=32|tmd_seq=AAGFSSSGPAATSGAVLQAATGMY|ss_nuc_start=258|ss_seq=GGGTGAA|tmd-SS_gap_size=54|ensembl_uniprot_annotation=No_uniprot_annotation|blastp_uniprot_annotation=P48556|transcript_canonical_status=Alternative|TMD_dG_app=5.09|SS_dG_fs=2.72|stem_loop_presence=Yes|fs_type=hungry_-2|frame_transition=87|terminal_stop_codon=yes	77597	4395.4463	77760	4343.14	4446.1753	8.497001	93
20151220_alr_CompleteHumanProteome_HUVEC_HCD_GluC_34_sub.77670.77670.2	interact-20151220_alr_CompleteHumanProteome_HUVEC_HCD_GluC_34_sub.pep.xml	AAAAVNGAAGFSSSGPAATSGAVLQAATGMYE	n[43]AAAAVNGAAGFSSSGPAATSGAVLQAATGM[147]YE	M.AAAAVNGAAGFSSSGPAATSGAVLQAATGMYE.QLKGEWNR	M	Q	32	2	4391.2866	2913.3467	2913.3467	1457.6806	1457.6806	2913.3450	1457.6798	0.0017	0.9174	73.1881	0.00012437980000	23.1210	5.0220	0.9991	0.00000000000000	2	0	2	33	0	N-term(42.0106),30M(15.9949)		0.00	false	false	false	ensembl_transcript_id=ENST00000585598.1|ensembl_gene_id=ENSG00000099341.13|gene_name=PSMD8|tmd_start=9|tmd_end=32|tmd_seq=AAGFSSSGPAATSGAVLQAATGMY|ss_nuc_start=258|ss_seq=GGGTGAA|tmd-SS_gap_size=54|ensembl_uniprot_annotation=No_uniprot_annotation|blastp_uniprot_annotation=P48556|transcript_canonical_status=Alternative|TMD_dG_app=5.09|SS_dG_fs=2.72|stem_loop_presence=Yes|fs_type=dual_-1|frame_transition=88|terminal_stop_codon=yes	ensembl_transcript_id=ENST00000585598.1|ensembl_gene_id=ENSG00000099341.13|gene_name=PSMD8|tmd_start=9|tmd_end=32|tmd_seq=AAGFSSSGPAATSGAVLQAATGMY|ss_nuc_start=258|ss_seq=GGGTGAA|tmd-SS_gap_size=54|ensembl_uniprot_annotation=No_uniprot_annotation|blastp_uniprot_annotation=P48556|transcript_canonical_status=Alternative|TMD_dG_app=5.09|SS_dG_fs=2.72|stem_loop_presence=Yes|fs_type=dual_-1|frame_transition=88|terminal_stop_codon=yes	ensembl_transcript_id=ENST00000585598.1|ensembl_gene_id=ENSG00000099341.13|gene_name=PSMD8|tmd_start=9|tmd_end=32|tmd_seq=AAGFSSSGPAATSGAVLQAATGMY|ss_nuc_start=258|ss_seq=GGGTGAA|tmd-SS_gap_size=54|ensembl_uniprot_annotation=No_uniprot_annotation|blastp_uniprot_annotation=P48556|transcript_canonical_status=Alternative|TMD_dG_app=5.09|SS_dG_fs=2.72|stem_loop_presence=Yes|fs_type=dual_-1|frame_transition=88|terminal_stop_codon=yes		ensembl_transcript_id=ENST00000585598.1|ensembl_gene_id=ENSG00000099341.13|gene_name=PSMD8|tmd_start=9|tmd_end=32|tmd_seq=AAGFSSSGPAATSGAVLQAATGMY|ss_nuc_start=258|ss_seq=GGGTGAA|tmd-SS_gap_size=54|ensembl_uniprot_annotation=No_uniprot_annotation|blastp_uniprot_annotation=P48556|transcript_canonical_status=Alternative|TMD_dG_app=5.09|SS_dG_fs=2.72|stem_loop_presence=Yes|fs_type=dual_-1|frame_transition=88|terminal_stop_codon=yes		ensembl_transcript_id=ENST00000585598.1|ensembl_gene_id=ENSG00000099341.13|gene_name=PSMD8|tmd_start=9|tmd_end=32|tmd_seq=AAGFSSSGPAATSGAVLQAATGMY|ss_nuc_start=258|ss_seq=GGGTGAA|tmd-SS_gap_size=54|ensembl_uniprot_annotation=No_uniprot_annotation|blastp_uniprot_annotation=P48556|transcript_canonical_status=Alternative|TMD_dG_app=5.09|SS_dG_fs=2.72|stem_loop_presence=Yes|fs_type=hungry_-1|frame_transition=87|terminal_stop_codon=yes, ensembl_transcript_id=ENST00000585598.1|ensembl_gene_id=ENSG00000099341.13|gene_name=PSMD8|tmd_start=9|tmd_end=32|tmd_seq=AAGFSSSGPAATSGAVLQAATGMY|ss_nuc_start=258|ss_seq=GGGTGAA|tmd-SS_gap_size=54|ensembl_uniprot_annotation=No_uniprot_annotation|blastp_uniprot_annotation=P48556|transcript_canonical_status=Alternative|TMD_dG_app=5.09|SS_dG_fs=2.72|stem_loop_presence=Yes|fs_type=hungry_-2|frame_transition=87|terminal_stop_codon=yes	77629	0.0	0	0.0	0.0	0.0	0
20151220_alr_CompleteHumanProteome_HUVEC_HCD_GluC_35_sub.85002.85002.2	interact-20151220_alr_CompleteHumanProteome_HUVEC_HCD_GluC_35_sub.pep.xml	IATYRKLLE		VKLALDVE.IATYRKLLE.GEECRMSG	E	G	9	2	4611.1280	1105.6472	1105.6472	553.8309	553.8309	1105.6494	553.8320	-0.0022	0.9423	76.8521	0.03009538000000	15.5860	0.0000	0.9723	0.00000000000000	2	0	477	485	2771314.5			0.00	false	false	true	sp|P35908|K22E_HUMAN	P35908	K22E_HUMAN	KRT2	Keratin, type II cytoskeletal 2 epidermal			84973	4616.434	85114	4607.3594	4618.908	4.3300004	9
20151220_alr_CompleteHumanProteome_HUVEC_HCD_GluC_35_sub.90961.90961.2	interact-20151220_alr_CompleteHumanProteome_HUVEC_HCD_GluC_35_sub.pep.xml	IATYRKLLE		VKLALDVE.IATYRKLLE.GEECRMSG	E	G	9	2	4884.1690	1105.6492	1105.6492	553.8319	553.8319	1105.6494	553.8320	-0.0002	0.9257	81.4028	0.00154792600000	17.7410	11.0850	0.9800	0.00000000000000	2	0	477	485	3.2167358E7			0.00	false	false	true	sp|P35908|K22E_HUMAN	P35908	K22E_HUMAN	KRT2	Keratin, type II cytoskeletal 2 epidermal			90946	4906.1885	91398	4865.0015	4946.912	58.365	110
20151220_alr_CompleteHumanProteome_HUVEC_HCD_GluC_6_sub.104983.104983.3	interact-20151220_alr_CompleteHumanProteome_HUVEC_HCD_GluC_6_sub.pep.xml	TLRLVQAFQFTDKHGE		PVGRSVDE.TLRLVQAFQFTDKHGE.VCPAGWKP	E	V	16	3	5164.8920	1888.9779	1888.9779	630.6666	630.6666	1888.9795	630.6671	-0.0015	0.9084	86.0815	0.00031477490000	25.5080	10.0730	0.9989	0.00000000000000	2	1	156	171	3.36057728E8			0.00	false	false	true	sp|Q06830|PRDX1_HUMAN	Q06830	PRDX1_HUMAN	PRDX1	Peroxiredoxin-1			104971	5145.2314	104609	4950.3003	5214.1772	32.253002	452
20151220_alr_CompleteHumanProteome_HUVEC_HCD_GluC_6_sub.105595.105595.3	interact-20151220_alr_CompleteHumanProteome_HUVEC_HCD_GluC_6_sub.pep.xml	TLRLVQAFQFTDKHGE		PVGRSVDE.TLRLVQAFQFTDKHGE.VCPAGWKP	E	V	16	3	5195.8900	1889.9797	1889.9797	631.0005	631.0005	1888.9795	630.6671	1.0002	0.7690	86.5982	0.00098855280000	23.5200	10.2550	0.9986	0.00000000000000	2	1	156	171	3.36057728E8			0.00	false	false	true	sp|Q06830|PRDX1_HUMAN	Q06830	PRDX1_HUMAN	PRDX1	Peroxiredoxin-1			105574	5185.766	105378	4950.3003	5214.1772	32.253002	452
20151220_alr_CompleteHumanProteome_HUVEC_HCD_GluC_6_sub.12692.12692.2	interact-20151220_alr_CompleteHumanProteome_HUVEC_HCD_GluC_6_sub.pep.xml	NPNNPDNPNNPD		PNNPDNPD.NPNNPDNPNNPD.EPNNPDNP	D	E	12	2	886.8520	1320.5327	1320.5327	661.2736	661.2736	1320.5330	661.2738	-0.0002	0.7242	14.7809	0.02111058000000	15.2020	0.0000	0.9751	0.00000000000000	2	1	297	308	3.3831128E7			0.00	false	false	true	sp|P0C1U8|SSPA_STAAU	P0C1U8	SSPA_STAAU	sspA	Glutamyl endopeptidase			12677	888.15106	12714	879.99207	892.95105	8.516001	26
20151220_alr_CompleteHumanProteome_HUVEC_HCD_GluC_6_sub.77225.77225.2	interact-20151220_alr_CompleteHumanProteome_HUVEC_HCD_GluC_6_sub.pep.xml	NIPALKALLE		VINYVEEE.NIPALKALLE.KCKDVDER	E	K	10	2	3994.9805	1080.6536	1080.6536	541.3341	541.3341	1080.6542	541.3344	-0.0006	0.9264	66.5830	0.78342970000000	5.9240	0.0000	0.9693	0.00000000000000	2	0	17	26	8774926.0			0.00	false	false	false	ensembl_transcript_id=ENST00000256707.8|ensembl_gene_id=ENSG00000134313.17|gene_name=KIDINS220|tmd_start=687|tmd_end=711|tmd_seq=LTVNAVLISIASVVGLAFVLNCRTW|ss_nuc_start=2265|ss_seq=GGCAAAA|tmd-SS_gap_size=44|ensembl_uniprot_annotation=Q9ULH0|blastp_uniprot_annotation=Q9ULH0|transcript_canonical_status=Canonical|TMD_dG_app=-0.69|SS_dG_fs=2.55|stem_loop_presence=Yes|fs_type=dual_-1|frame_transition=757|terminal_stop_codon=yes	ensembl_transcript_id=ENST00000256707.8|ensembl_gene_id=ENSG00000134313.17|gene_name=KIDINS220|tmd_start=687|tmd_end=711|tmd_seq=LTVNAVLISIASVVGLAFVLNCRTW|ss_nuc_start=2265|ss_seq=GGCAAAA|tmd-SS_gap_size=44|ensembl_uniprot_annotation=Q9ULH0|blastp_uniprot_annotation=Q9ULH0|transcript_canonical_status=Canonical|TMD_dG_app=-0.69|SS_dG_fs=2.55|stem_loop_presence=Yes|fs_type=dual_-1|frame_transition=757|terminal_stop_codon=yes	ensembl_transcript_id=ENST00000256707.8|ensembl_gene_id=ENSG00000134313.17|gene_name=KIDINS220|tmd_start=687|tmd_end=711|tmd_seq=LTVNAVLISIASVVGLAFVLNCRTW|ss_nuc_start=2265|ss_seq=GGCAAAA|tmd-SS_gap_size=44|ensembl_uniprot_annotation=Q9ULH0|blastp_uniprot_annotation=Q9ULH0|transcript_canonical_status=Canonical|TMD_dG_app=-0.69|SS_dG_fs=2.55|stem_loop_presence=Yes|fs_type=dual_-1|frame_transition=757|terminal_stop_codon=yes		ensembl_transcript_id=ENST00000256707.8|ensembl_gene_id=ENSG00000134313.17|gene_name=KIDINS220|tmd_start=687|tmd_end=711|tmd_seq=LTVNAVLISIASVVGLAFVLNCRTW|ss_nuc_start=2265|ss_seq=GGCAAAA|tmd-SS_gap_size=44|ensembl_uniprot_annotation=Q9ULH0|blastp_uniprot_annotation=Q9ULH0|transcript_canonical_status=Canonical|TMD_dG_app=-0.69|SS_dG_fs=2.55|stem_loop_presence=Yes|fs_type=dual_-1|frame_transition=757|terminal_stop_codon=yes		ensembl_transcript_id=ENST00000256707.8|ensembl_gene_id=ENSG00000134313.17|gene_name=KIDINS220|tmd_start=687|tmd_end=711|tmd_seq=LTVNAVLISIASVVGLAFVLNCRTW|ss_nuc_start=2265|ss_seq=GGCAAAA|tmd-SS_gap_size=44|ensembl_uniprot_annotation=Q9ULH0|blastp_uniprot_annotation=Q9ULH0|transcript_canonical_status=Canonical|TMD_dG_app=-0.69|SS_dG_fs=2.55|stem_loop_presence=Yes|fs_type=hungry_-1|frame_transition=756|terminal_stop_codon=yes, ensembl_transcript_id=ENST00000256707.8|ensembl_gene_id=ENSG00000134313.17|gene_name=KIDINS220|tmd_start=687|tmd_end=711|tmd_seq=LTVNAVLISIASVVGLAFVLNCRTW|ss_nuc_start=2265|ss_seq=GGCAAAA|tmd-SS_gap_size=44|ensembl_uniprot_annotation=Q9ULH0|blastp_uniprot_annotation=Q9ULH0|transcript_canonical_status=Canonical|TMD_dG_app=-0.69|SS_dG_fs=2.55|stem_loop_presence=Yes|fs_type=hungry_-2|frame_transition=756|terminal_stop_codon=yes, ensembl_transcript_id=ENST00000319688.5|ensembl_gene_id=ENSG00000134313.17|gene_name=KIDINS220|tmd_start=688|tmd_end=712|tmd_seq=LTVNAVLISIASVVGLAFVLNCRTW|ss_nuc_start=2268|ss_seq=GGCAAAA|tmd-SS_gap_size=44|ensembl_uniprot_annotation=Q9ULH0|blastp_uniprot_annotation=Q9ULH0|transcript_canonical_status=Alternative|TMD_dG_app=-0.69|SS_dG_fs=2.55|stem_loop_presence=Yes|fs_type=dual_-1|frame_transition=758|terminal_stop_codon=yes, ensembl_transcript_id=ENST00000319688.5|ensembl_gene_id=ENSG00000134313.17|gene_name=KIDINS220|tmd_start=688|tmd_end=712|tmd_seq=LTVNAVLISIASVVGLAFVLNCRTW|ss_nuc_start=2268|ss_seq=GGCAAAA|tmd-SS_gap_size=44|ensembl_uniprot_annotation=Q9ULH0|blastp_uniprot_annotation=Q9ULH0|transcript_canonical_status=Alternative|TMD_dG_app=-0.69|SS_dG_fs=2.55|stem_loop_presence=Yes|fs_type=hungry_-1|frame_transition=757|terminal_stop_codon=yes, ensembl_transcript_id=ENST00000319688.5|ensembl_gene_id=ENSG00000134313.17|gene_name=KIDINS220|tmd_start=688|tmd_end=712|tmd_seq=LTVNAVLISIASVVGLAFVLNCRTW|ss_nuc_start=2268|ss_seq=GGCAAAA|tmd-SS_gap_size=44|ensembl_uniprot_annotation=Q9ULH0|blastp_uniprot_annotation=Q9ULH0|transcript_canonical_status=Alternative|TMD_dG_app=-0.69|SS_dG_fs=2.55|stem_loop_presence=Yes|fs_type=hungry_-2|frame_transition=757|terminal_stop_codon=yes, ensembl_transcript_id=ENST00000459813.2|ensembl_gene_id=ENSG00000134313.17|gene_name=KIDINS220|tmd_start=687|tmd_end=711|tmd_seq=LTVNAVLISIASVVGLAFVLNCRTW|ss_nuc_start=2265|ss_seq=GGCAAAA|tmd-SS_gap_size=44|ensembl_uniprot_annotation=No_uniprot_annotation|blastp_uniprot_annotation=Q9ULH0|transcript_canonical_status=Alternative|TMD_dG_app=-0.69|SS_dG_fs=2.55|stem_loop_presence=Yes|fs_type=dual_-1|frame_transition=757|terminal_stop_codon=yes, ensembl_transcript_id=ENST00000459813.2|ensembl_gene_id=ENSG00000134313.17|gene_name=KIDINS220|tmd_start=687|tmd_end=711|tmd_seq=LTVNAVLISIASVVGLAFVLNCRTW|ss_nuc_start=2265|ss_seq=GGCAAAA|tmd-SS_gap_size=44|ensembl_uniprot_annotation=No_uniprot_annotation|blastp_uniprot_annotation=Q9ULH0|transcript_canonical_status=Alternative|TMD_dG_app=-0.69|SS_dG_fs=2.55|stem_loop_presence=Yes|fs_type=hungry_-1|frame_transition=756|terminal_stop_codon=yes, ensembl_transcript_id=ENST00000459813.2|ensembl_gene_id=ENSG00000134313.17|gene_name=KIDINS220|tmd_start=687|tmd_end=711|tmd_seq=LTVNAVLISIASVVGLAFVLNCRTW|ss_nuc_start=2265|ss_seq=GGCAAAA|tmd-SS_gap_size=44|ensembl_uniprot_annotation=No_uniprot_annotation|blastp_uniprot_annotation=Q9ULH0|transcript_canonical_status=Alternative|TMD_dG_app=-0.69|SS_dG_fs=2.55|stem_loop_presence=Yes|fs_type=hungry_-2|frame_transition=756|terminal_stop_codon=yes, ensembl_transcript_id=ENST00000473731.5|ensembl_gene_id=ENSG00000134313.17|gene_name=KIDINS220|tmd_start=687|tmd_end=711|tmd_seq=LTVNAVLISIASVVGLAFVLNCRTW|ss_nuc_start=2265|ss_seq=GGCAAAA|tmd-SS_gap_size=44|ensembl_uniprot_annotation=Q9ULH0|blastp_uniprot_annotation=Q9ULH0|transcript_canonical_status=Alternative|TMD_dG_app=-0.69|SS_dG_fs=2.55|stem_loop_presence=Yes|fs_type=dual_-1|frame_transition=757|terminal_stop_codon=yes, ensembl_transcript_id=ENST00000473731.5|ensembl_gene_id=ENSG00000134313.17|gene_name=KIDINS220|tmd_start=687|tmd_end=711|tmd_seq=LTVNAVLISIASVVGLAFVLNCRTW|ss_nuc_start=2265|ss_seq=GGCAAAA|tmd-SS_gap_size=44|ensembl_uniprot_annotation=Q9ULH0|blastp_uniprot_annotation=Q9ULH0|transcript_canonical_status=Alternative|TMD_dG_app=-0.69|SS_dG_fs=2.55|stem_loop_presence=Yes|fs_type=hungry_-1|frame_transition=756|terminal_stop_codon=yes, ensembl_transcript_id=ENST00000473731.5|ensembl_gene_id=ENSG00000134313.17|gene_name=KIDINS220|tmd_start=687|tmd_end=711|tmd_seq=LTVNAVLISIASVVGLAFVLNCRTW|ss_nuc_start=2265|ss_seq=GGCAAAA|tmd-SS_gap_size=44|ensembl_uniprot_annotation=Q9ULH0|blastp_uniprot_annotation=Q9ULH0|transcript_canonical_status=Alternative|TMD_dG_app=-0.69|SS_dG_fs=2.55|stem_loop_presence=Yes|fs_type=hungry_-2|frame_transition=756|terminal_stop_codon=yes, ensembl_transcript_id=ENST00000569008.2|ensembl_gene_id=ENSG00000134313.17|gene_name=KIDINS220|tmd_start=687|tmd_end=711|tmd_seq=LTVNAVLISIASVVGLAFVLNCRTW|ss_nuc_start=2265|ss_seq=GGCAAAA|tmd-SS_gap_size=44|ensembl_uniprot_annotation=No_uniprot_annotation|blastp_uniprot_annotation=Q9ULH0|transcript_canonical_status=Alternative|TMD_dG_app=-0.69|SS_dG_fs=2.55|stem_loop_presence=Yes|fs_type=dual_-1|frame_transition=757|terminal_stop_codon=yes, ensembl_transcript_id=ENST00000569008.2|ensembl_gene_id=ENSG00000134313.17|gene_name=KIDINS220|tmd_start=687|tmd_end=711|tmd_seq=LTVNAVLISIASVVGLAFVLNCRTW|ss_nuc_start=2265|ss_seq=GGCAAAA|tmd-SS_gap_size=44|ensembl_uniprot_annotation=No_uniprot_annotation|blastp_uniprot_annotation=Q9ULH0|transcript_canonical_status=Alternative|TMD_dG_app=-0.69|SS_dG_fs=2.55|stem_loop_presence=Yes|fs_type=hungry_-1|frame_transition=756|terminal_stop_codon=yes, ensembl_transcript_id=ENST00000569008.2|ensembl_gene_id=ENSG00000134313.17|gene_name=KIDINS220|tmd_start=687|tmd_end=711|tmd_seq=LTVNAVLISIASVVGLAFVLNCRTW|ss_nuc_start=2265|ss_seq=GGCAAAA|tmd-SS_gap_size=44|ensembl_uniprot_annotation=No_uniprot_annotation|blastp_uniprot_annotation=Q9ULH0|transcript_canonical_status=Alternative|TMD_dG_app=-0.69|SS_dG_fs=2.55|stem_loop_presence=Yes|fs_type=hungry_-2|frame_transition=756|terminal_stop_codon=yes, ensembl_transcript_id=ENST00000686906.1|ensembl_gene_id=ENSG00000134313.17|gene_name=KIDINS220|tmd_start=687|tmd_end=711|tmd_seq=LTVNAVLISIASVVGLAFVLNCRTW|ss_nuc_start=2265|ss_seq=GGCAAAA|tmd-SS_gap_size=44|ensembl_uniprot_annotation=No_uniprot_annotation|blastp_uniprot_annotation=Q9ULH0|transcript_canonical_status=Alternative|TMD_dG_app=-0.69|SS_dG_fs=2.55|stem_loop_presence=Yes|fs_type=dual_-1|frame_transition=757|terminal_stop_codon=yes, ensembl_transcript_id=ENST00000686906.1|ensembl_gene_id=ENSG00000134313.17|gene_name=KIDINS220|tmd_start=687|tmd_end=711|tmd_seq=LTVNAVLISIASVVGLAFVLNCRTW|ss_nuc_start=2265|ss_seq=GGCAAAA|tmd-SS_gap_size=44|ensembl_uniprot_annotation=No_uniprot_annotation|blastp_uniprot_annotation=Q9ULH0|transcript_canonical_status=Alternative|TMD_dG_app=-0.69|SS_dG_fs=2.55|stem_loop_presence=Yes|fs_type=hungry_-1|frame_transition=756|terminal_stop_codon=yes, ensembl_transcript_id=ENST00000686906.1|ensembl_gene_id=ENSG00000134313.17|gene_name=KIDINS220|tmd_start=687|tmd_end=711|tmd_seq=LTVNAVLISIASVVGLAFVLNCRTW|ss_nuc_start=2265|ss_seq=GGCAAAA|tmd-SS_gap_size=44|ensembl_uniprot_annotation=No_uniprot_annotation|blastp_uniprot_annotation=Q9ULH0|transcript_canonical_status=Alternative|TMD_dG_app=-0.69|SS_dG_fs=2.55|stem_loop_presence=Yes|fs_type=hungry_-2|frame_transition=756|terminal_stop_codon=yes, ensembl_transcript_id=ENST00000687894.1|ensembl_gene_id=ENSG00000134313.17|gene_name=KIDINS220|tmd_start=688|tmd_end=712|tmd_seq=LTVNAVLISIASVVGLAFVLNCRTW|ss_nuc_start=2268|ss_seq=GGCAAAA|tmd-SS_gap_size=44|ensembl_uniprot_annotation=No_uniprot_annotation|blastp_uniprot_annotation=Q9ULH0|transcript_canonical_status=Alternative|TMD_dG_app=-0.69|SS_dG_fs=2.55|stem_loop_presence=Yes|fs_type=dual_-1|frame_transition=758|terminal_stop_codon=yes, ensembl_transcript_id=ENST00000687894.1|ensembl_gene_id=ENSG00000134313.17|gene_name=KIDINS220|tmd_start=688|tmd_end=712|tmd_seq=LTVNAVLISIASVVGLAFVLNCRTW|ss_nuc_start=2268|ss_seq=GGCAAAA|tmd-SS_gap_size=44|ensembl_uniprot_annotation=No_uniprot_annotation|blastp_uniprot_annotation=Q9ULH0|transcript_canonical_status=Alternative|TMD_dG_app=-0.69|SS_dG_fs=2.55|stem_loop_presence=Yes|fs_type=hungry_-1|frame_transition=757|terminal_stop_codon=yes, ensembl_transcript_id=ENST00000687894.1|ensembl_gene_id=ENSG00000134313.17|gene_name=KIDINS220|tmd_start=688|tmd_end=712|tmd_seq=LTVNAVLISIASVVGLAFVLNCRTW|ss_nuc_start=2268|ss_seq=GGCAAAA|tmd-SS_gap_size=44|ensembl_uniprot_annotation=No_uniprot_annotation|blastp_uniprot_annotation=Q9ULH0|transcript_canonical_status=Alternative|TMD_dG_app=-0.69|SS_dG_fs=2.55|stem_loop_presence=Yes|fs_type=hungry_-2|frame_transition=757|terminal_stop_codon=yes, ensembl_transcript_id=ENST00000689369.1|ensembl_gene_id=ENSG00000134313.17|gene_name=KIDINS220|tmd_start=687|tmd_end=711|tmd_seq=LTVNAVLISIASVVGLAFVLNCRTW|ss_nuc_start=2265|ss_seq=GGCAAAA|tmd-SS_gap_size=44|ensembl_uniprot_annotation=No_uniprot_annotation|blastp_uniprot_annotation=Q9ULH0|transcript_canonical_status=Alternative|TMD_dG_app=-0.69|SS_dG_fs=2.55|stem_loop_presence=Yes|fs_type=dual_-1|frame_transition=757|terminal_stop_codon=yes, ensembl_transcript_id=ENST00000689369.1|ensembl_gene_id=ENSG00000134313.17|gene_name=KIDINS220|tmd_start=687|tmd_end=711|tmd_seq=LTVNAVLISIASVVGLAFVLNCRTW|ss_nuc_start=2265|ss_seq=GGCAAAA|tmd-SS_gap_size=44|ensembl_uniprot_annotation=No_uniprot_annotation|blastp_uniprot_annotation=Q9ULH0|transcript_canonical_status=Alternative|TMD_dG_app=-0.69|SS_dG_fs=2.55|stem_loop_presence=Yes|fs_type=hungry_-1|frame_transition=756|terminal_stop_codon=yes, ensembl_transcript_id=ENST00000689369.1|ensembl_gene_id=ENSG00000134313.17|gene_name=KIDINS220|tmd_start=687|tmd_end=711|tmd_seq=LTVNAVLISIASVVGLAFVLNCRTW|ss_nuc_start=2265|ss_seq=GGCAAAA|tmd-SS_gap_size=44|ensembl_uniprot_annotation=No_uniprot_annotation|blastp_uniprot_annotation=Q9ULH0|transcript_canonical_status=Alternative|TMD_dG_app=-0.69|SS_dG_fs=2.55|stem_loop_presence=Yes|fs_type=hungry_-2|frame_transition=756|terminal_stop_codon=yes, ensembl_transcript_id=ENST00000689531.1|ensembl_gene_id=ENSG00000134313.17|gene_name=KIDINS220|tmd_start=687|tmd_end=711|tmd_seq=LTVNAVLISIASVVGLAFVLNCRTW|ss_nuc_start=2265|ss_seq=GGCAAAA|tmd-SS_gap_size=44|ensembl_uniprot_annotation=No_uniprot_annotation|blastp_uniprot_annotation=Q9ULH0|transcript_canonical_status=Alternative|TMD_dG_app=-0.69|SS_dG_fs=2.55|stem_loop_presence=Yes|fs_type=dual_-1|frame_transition=757|terminal_stop_codon=yes, ensembl_transcript_id=ENST00000689531.1|ensembl_gene_id=ENSG00000134313.17|gene_name=KIDINS220|tmd_start=687|tmd_end=711|tmd_seq=LTVNAVLISIASVVGLAFVLNCRTW|ss_nuc_start=2265|ss_seq=GGCAAAA|tmd-SS_gap_size=44|ensembl_uniprot_annotation=No_uniprot_annotation|blastp_uniprot_annotation=Q9ULH0|transcript_canonical_status=Alternative|TMD_dG_app=-0.69|SS_dG_fs=2.55|stem_loop_presence=Yes|fs_type=hungry_-1|frame_transition=756|terminal_stop_codon=yes, ensembl_transcript_id=ENST00000689531.1|ensembl_gene_id=ENSG00000134313.17|gene_name=KIDINS220|tmd_start=687|tmd_end=711|tmd_seq=LTVNAVLISIASVVGLAFVLNCRTW|ss_nuc_start=2265|ss_seq=GGCAAAA|tmd-SS_gap_size=44|ensembl_uniprot_annotation=No_uniprot_annotation|blastp_uniprot_annotation=Q9ULH0|transcript_canonical_status=Alternative|TMD_dG_app=-0.69|SS_dG_fs=2.55|stem_loop_presence=Yes|fs_type=hungry_-2|frame_transition=756|terminal_stop_codon=yes, ensembl_transcript_id=ENST00000689852.1|ensembl_gene_id=ENSG00000134313.17|gene_name=KIDINS220|tmd_start=687|tmd_end=711|tmd_seq=LTVNAVLISIASVVGLAFVLNCRTW|ss_nuc_start=2265|ss_seq=GGCAAAA|tmd-SS_gap_size=44|ensembl_uniprot_annotation=No_uniprot_annotation|blastp_uniprot_annotation=Q9ULH0|transcript_canonical_status=Alternative|TMD_dG_app=-0.69|SS_dG_fs=2.55|stem_loop_presence=Yes|fs_type=dual_-1|frame_transition=757|terminal_stop_codon=yes, ensembl_transcript_id=ENST00000689852.1|ensembl_gene_id=ENSG00000134313.17|gene_name=KIDINS220|tmd_start=687|tmd_end=711|tmd_seq=LTVNAVLISIASVVGLAFVLNCRTW|ss_nuc_start=2265|ss_seq=GGCAAAA|tmd-SS_gap_size=44|ensembl_uniprot_annotation=No_uniprot_annotation|blastp_uniprot_annotation=Q9ULH0|transcript_canonical_status=Alternative|TMD_dG_app=-0.69|SS_dG_fs=2.55|stem_loop_presence=Yes|fs_type=hungry_-1|frame_transition=756|terminal_stop_codon=yes, ensembl_transcript_id=ENST00000689852.1|ensembl_gene_id=ENSG00000134313.17|gene_name=KIDINS220|tmd_start=687|tmd_end=711|tmd_seq=LTVNAVLISIASVVGLAFVLNCRTW|ss_nuc_start=2265|ss_seq=GGCAAAA|tmd-SS_gap_size=44|ensembl_uniprot_annotation=No_uniprot_annotation|blastp_uniprot_annotation=Q9ULH0|transcript_canonical_status=Alternative|TMD_dG_app=-0.69|SS_dG_fs=2.55|stem_loop_presence=Yes|fs_type=hungry_-2|frame_transition=756|terminal_stop_codon=yes, ensembl_transcript_id=ENST00000691030.1|ensembl_gene_id=ENSG00000134313.17|gene_name=KIDINS220|tmd_start=688|tmd_end=712|tmd_seq=LTVNAVLISIASVVGLAFVLNCRTW|ss_nuc_start=2268|ss_seq=GGCAAAA|tmd-SS_gap_size=44|ensembl_uniprot_annotation=No_uniprot_annotation|blastp_uniprot_annotation=Q9ULH0|transcript_canonical_status=Alternative|TMD_dG_app=-0.69|SS_dG_fs=2.55|stem_loop_presence=Yes|fs_type=dual_-1|frame_transition=758|terminal_stop_codon=yes, ensembl_transcript_id=ENST00000691030.1|ensembl_gene_id=ENSG00000134313.17|gene_name=KIDINS220|tmd_start=688|tmd_end=712|tmd_seq=LTVNAVLISIASVVGLAFVLNCRTW|ss_nuc_start=2268|ss_seq=GGCAAAA|tmd-SS_gap_size=44|ensembl_uniprot_annotation=No_uniprot_annotation|blastp_uniprot_annotation=Q9ULH0|transcript_canonical_status=Alternative|TMD_dG_app=-0.69|SS_dG_fs=2.55|stem_loop_presence=Yes|fs_type=hungry_-1|frame_transition=757|terminal_stop_codon=yes, ensembl_transcript_id=ENST00000691030.1|ensembl_gene_id=ENSG00000134313.17|gene_name=KIDINS220|tmd_start=688|tmd_end=712|tmd_seq=LTVNAVLISIASVVGLAFVLNCRTW|ss_nuc_start=2268|ss_seq=GGCAAAA|tmd-SS_gap_size=44|ensembl_uniprot_annotation=No_uniprot_annotation|blastp_uniprot_annotation=Q9ULH0|transcript_canonical_status=Alternative|TMD_dG_app=-0.69|SS_dG_fs=2.55|stem_loop_presence=Yes|fs_type=hungry_-2|frame_transition=757|terminal_stop_codon=yes, ensembl_transcript_id=ENST00000692419.1|ensembl_gene_id=ENSG00000134313.17|gene_name=KIDINS220|tmd_start=687|tmd_end=711|tmd_seq=LTVNAVLISIASVVGLAFVLNCRTW|ss_nuc_start=2265|ss_seq=GGCAAAA|tmd-SS_gap_size=44|ensembl_uniprot_annotation=No_uniprot_annotation|blastp_uniprot_annotation=Q9ULH0|transcript_canonical_status=Alternative|TMD_dG_app=-0.69|SS_dG_fs=2.55|stem_loop_presence=Yes|fs_type=dual_-1|frame_transition=757|terminal_stop_codon=yes, ensembl_transcript_id=ENST00000692419.1|ensembl_gene_id=ENSG00000134313.17|gene_name=KIDINS220|tmd_start=687|tmd_end=711|tmd_seq=LTVNAVLISIASVVGLAFVLNCRTW|ss_nuc_start=2265|ss_seq=GGCAAAA|tmd-SS_gap_size=44|ensembl_uniprot_annotation=No_uniprot_annotation|blastp_uniprot_annotation=Q9ULH0|transcript_canonical_status=Alternative|TMD_dG_app=-0.69|SS_dG_fs=2.55|stem_loop_presence=Yes|fs_type=hungry_-1|frame_transition=756|terminal_stop_codon=yes, ensembl_transcript_id=ENST00000692419.1|ensembl_gene_id=ENSG00000134313.17|gene_name=KIDINS220|tmd_start=687|tmd_end=711|tmd_seq=LTVNAVLISIASVVGLAFVLNCRTW|ss_nuc_start=2265|ss_seq=GGCAAAA|tmd-SS_gap_size=44|ensembl_uniprot_annotation=No_uniprot_annotation|blastp_uniprot_annotation=Q9ULH0|transcript_canonical_status=Alternative|TMD_dG_app=-0.69|SS_dG_fs=2.55|stem_loop_presence=Yes|fs_type=hungry_-2|frame_transition=756|terminal_stop_codon=yes, ensembl_transcript_id=ENST00000693432.1|ensembl_gene_id=ENSG00000134313.17|gene_name=KIDINS220|tmd_start=687|tmd_end=711|tmd_seq=LTVNAVLISIASVVGLAFVLNCRTW|ss_nuc_start=2265|ss_seq=GGCAAAA|tmd-SS_gap_size=44|ensembl_uniprot_annotation=No_uniprot_annotation|blastp_uniprot_annotation=Q9ULH0|transcript_canonical_status=Alternative|TMD_dG_app=-0.69|SS_dG_fs=2.55|stem_loop_presence=Yes|fs_type=dual_-1|frame_transition=757|terminal_stop_codon=yes, ensembl_transcript_id=ENST00000693432.1|ensembl_gene_id=ENSG00000134313.17|gene_name=KIDINS220|tmd_start=687|tmd_end=711|tmd_seq=LTVNAVLISIASVVGLAFVLNCRTW|ss_nuc_start=2265|ss_seq=GGCAAAA|tmd-SS_gap_size=44|ensembl_uniprot_annotation=No_uniprot_annotation|blastp_uniprot_annotation=Q9ULH0|transcript_canonical_status=Alternative|TMD_dG_app=-0.69|SS_dG_fs=2.55|stem_loop_presence=Yes|fs_type=hungry_-1|frame_transition=756|terminal_stop_codon=yes, ensembl_transcript_id=ENST00000693432.1|ensembl_gene_id=ENSG00000134313.17|gene_name=KIDINS220|tmd_start=687|tmd_end=711|tmd_seq=LTVNAVLISIASVVGLAFVLNCRTW|ss_nuc_start=2265|ss_seq=GGCAAAA|tmd-SS_gap_size=44|ensembl_uniprot_annotation=No_uniprot_annotation|blastp_uniprot_annotation=Q9ULH0|transcript_canonical_status=Alternative|TMD_dG_app=-0.69|SS_dG_fs=2.55|stem_loop_presence=Yes|fs_type=hungry_-2|frame_transition=756|terminal_stop_codon=yes	77191	3999.1753	77322	3993.1892	4005.672	7.4480004	10
20151220_alr_CompleteHumanProteome_HUVEC_HCD_GluC_6_sub.81737.81737.4	interact-20151220_alr_CompleteHumanProteome_HUVEC_HCD_GluC_6_sub.pep.xml	TLRLVQAFQFTDKHGE		PVGRSVDE.TLRLVQAFQFTDKHGE.VCPAGWKP	E	V	16	4	4173.3384	1889.9794	1889.9794	473.5021	473.5021	1888.9795	473.2522	0.9998	0.7687	69.5556	0.05333352000000	16.5920	10.1210	0.9877	0.00000000000000	2	1	156	171	0			0.00	false	false	true	sp|Q06830|PRDX1_HUMAN	Q06830	PRDX1_HUMAN	PRDX1	Peroxiredoxin-1			81688	0.0	0	0.0	0.0	0.0	0
