peptide	n_frameshift	n_transitional	n_zero_frame	n_zero_frame_with_minus_one_stop	n_zero_frame_with_minus_two_stop	n_total	category
AAAAAAAAPAEPPEPLSPAPAPAPAPPGPLPR	0	0	24	0	0	24	zero_frame_only
AAAAEVEAEGGGGGGGGK	0	0	16	0	0	16	zero_frame_only
AAAAVNGAAGF	0	0	4	0	0	4	zero_frame_only
AAAAVNGAAGFSSSGPAATSGAVLQAATGMYE	0	0	4	0	0	4	zero_frame_only
AAAAVNGAAGFSSSGPAATSGAVLQAATGMYEQL	0	0	4	0	0	4	zero_frame_only
AAAAVNGAAGFSSSGPAATSGAVLQAATGMYEQLK	0	0	8	0	0	8	zero_frame_only
AADEEAFEDNSEEYIR	0	0	16	0	0	16	zero_frame_only
AAGAGGRPVSGFR	0	0	24	0	0	24	zero_frame_only
AAGAGGRPVSGFRGER	0	0	24	0	0	24	zero_frame_only
AARPAGLPCGAENPAR	0	0	24	0	0	24	zero_frame_only
AASAAAASAAAASAASGSPGPGEGSAGGE	0	0	16	0	0	16	zero_frame_only
AASEPSKEEPQVEQLGSK	0	0	40	0	0	40	zero_frame_only
AATALKDVVKK	0	12	0	0	0	12	transitional_only
ADASSGDWDTENCQTLETQAAHTR	0	0	70	0	0	70	zero_frame_only
ADIPLPEGEASPPAPPLK	0	0	62	0	0	62	zero_frame_only
AEPGAPPAGGGLGGR	0	0	104	0	0	104	zero_frame_only
AEVINAGKSTHNEDQASCEVL	0	0	16	0	0	16	zero_frame_only
AEVLISTVGPEDCVVPFLTRPK	0	0	16	0	0	16	zero_frame_only
AFPHLQQPSFLLASLK	0	0	16	0	0	16	zero_frame_only
AFPHLQQPSFLLASLKA	0	0	8	0	0	8	zero_frame_only
AFPHLQQPSFLLASLKAD	0	0	8	0	0	8	zero_frame_only
AFPHLQQPSFLLASLKADSINKPFAQQCQD	0	0	8	0	0	8	zero_frame_only
AFPHLQQPSFLLASLKADSINKPFAQQCQDLVK	0	0	16	0	0	16	zero_frame_only
AFPHLQQPSFLLASLKADSINKPFAQQCQDLVKVIE	0	0	16	0	0	16	zero_frame_only
AFSPGLPPQSCSLNLK	0	0	36	0	0	36	zero_frame_only
AGAEASQEESKDLAGAAEEESGLPGAGPGSCAF	0	0	10	0	0	10	zero_frame_only
AGAIIENMSTK	0	0	96	0	0	96	zero_frame_only
AGDKPHMQTYEVDLNK	0	0	32	0	0	32	zero_frame_only
AGRAVLLAGPPGTGK	0	0	16	0	0	16	zero_frame_only
AGTSDMEEEEGPLVR	0	0	40	0	0	40	zero_frame_only
AHTLILQPPSEK	0	0	40	0	0	40	zero_frame_only
AKDIVPGDIVEIAVGDKVPADIR	0	0	88	0	0	88	zero_frame_only
ALLNHLDVGVGR	0	0	120	0	0	120	zero_frame_only
AMTLQEAEAFVGAER	0	0	8	0	0	8	zero_frame_only
ANIVHLMLSSPEQIQK	0	0	32	0	0	32	zero_frame_only
APEVLPKPR	0	0	4	0	0	4	zero_frame_only
APGAQFIPNK	0	0	16	0	0	16	zero_frame_only
APGQAHWLR	0	0	16	0	0	16	zero_frame_only
APLLLQLAVLGAALAAAALVLKR	0	0	8	0	0	8	zero_frame_only
APPTELLAR	0	0	16	0	0	16	zero_frame_only
APPTELLARPE	0	0	16	0	0	16	zero_frame_only
APPTELLARPER	0	0	16	0	0	16	zero_frame_only
AQSRDGGNPFAEPSELDNPFQASAAAATAELL	0	0	8	0	0	8	zero_frame_only
AQSRDGGNPFAEPSELDNPFQASAAAATAELLK	0	0	24	0	0	24	zero_frame_only
AQTTAQASTPGQPPPQPQAPSHAAGQSALPQR	0	0	10	0	0	10	zero_frame_only
ARPPGTMAGSDTAPFLSQADDPDDGPVPGTPGLPGSTGNPK	0	0	24	0	0	24	zero_frame_only
ASAEKEKEMDPF	0	0	8	0	0	8	zero_frame_only
ASFYGFK	0	0	104	0	0	104	zero_frame_only
ASGQGPGPPRQECGEPALPSASEEQVAQDTEEVFR	0	0	4	0	0	4	zero_frame_only
ASHPTAEVTIVQVDVSNLQSVF	0	0	16	0	0	16	zero_frame_only
ASMENQPHSKPLPSDIAVIMYTSGSTGLPK	0	0	584	0	0	584	zero_frame_only
ASTALSSAAQKAKLE	0	0	32	0	0	32	zero_frame_only
AVMLLHTHTITSR	0	0	8	0	0	8	zero_frame_only
CDEDEDIGRPQVFSEVR	0	0	10	0	0	10	zero_frame_only
CIELCCGSVK	0	0	120	0	0	120	zero_frame_only
CLNESLEDNSETIK	0	0	10	0	0	10	zero_frame_only
CLNTAELSESDMVPGTILVTEEELSR	0	0	14	0	0	14	zero_frame_only
CNSCASSGAPAAGAGDNLSLLLR	0	0	112	0	0	112	zero_frame_only
CSEPHVAEAATGAAR	8	0	0	0	0	8	frameshift_only
CTPPIEASQCHEAEMTDNVNQLLLLDPPR	0	0	8	0	0	8	zero_frame_only
DAASRAI	0	0	20	0	0	20	zero_frame_only
DAHSNLLAKKETSNLYKLQFHNV	0	0	0	2	0	2	zero_frame_with_frameshift_stop_only
DDILKHLLTLA	0	0	32	0	0	32	zero_frame_only
DDKPVNCHQYDGLVELATICALCNDSALDYNEAK	0	0	104	0	0	104	zero_frame_only
DDSSPQESCCLLR	0	0	8	0	0	8	zero_frame_only
DEAELHHQQMA	0	0	136	0	0	136	zero_frame_only
DEDVGRVIFGLFGKTVPKTVD	0	0	0	6	0	6	zero_frame_with_frameshift_stop_only
DEEFQRTKLLNGPG	0	0	30	0	0	30	zero_frame_only
DEVVQREEEAIQL	0	0	88	0	0	88	zero_frame_only
DFESETDTETIAKL	0	0	24	0	0	24	zero_frame_only
DFHALPYQVVEVNPVRRAEIKFSSYRKVPILVAQEGESSQQLN	0	0	20	0	0	20	zero_frame_only
DFHLASPEGKTLVF	0	8	0	8	0	16	mixture_with_zero_frame
DFSFRYQQELEEEIK	0	0	64	0	0	64	zero_frame_only
DGEEQTQDTELVETRPAGDGTFQKWAAVVVPSGEEQR	0	0	40	0	0	40	zero_frame_only
DGGNPFAEPSELDNPFQASAAAATAELLK	0	0	16	0	0	16	zero_frame_only
DGGNPFAEPSELDNPFQASAAAATAELLKK	0	0	16	0	0	16	zero_frame_only
DIAQGTKCTLE	0	0	24	0	0	24	zero_frame_only
DIDFHLASPEGKTLVF	0	8	0	8	0	16	mixture_with_zero_frame
DISQTGVYTEHVFT	0	0	24	0	0	24	zero_frame_only
DIYGNPLSRGSSMRSSR	0	2	0	0	0	2	transitional_only
DKLNDNHEVEDEVALQR	0	0	16	0	0	16	zero_frame_only
DKYEPAAVSEQG	0	0	64	0	0	64	zero_frame_only
DLAGAAEEESGLPGAGPGSCAFGEEIPMDGEPPASSGLGLPDYTSGVSFH	0	0	10	0	0	10	zero_frame_only
DLEEALEAGGCDLETLRNIIQGRPLPADLRAK	0	0	32	0	0	32	zero_frame_only
DLGSPQPPLPGFK	0	0	64	0	0	64	zero_frame_only
DLKRDYQ	0	0	174	0	0	174	zero_frame_only
DLNEEMQHM	0	0	64	0	0	64	zero_frame_only
DLYQGLLLQR	0	0	32	0	0	32	zero_frame_only
DLYSHVMGYFGR	0	0	16	0	0	16	zero_frame_only
DLYSHVMGYFGRKAAVNKE	0	0	16	0	0	16	zero_frame_only
DMKRESEKEWYFGNA	0	0	40	0	0	40	zero_frame_only
DPGSGSVAEMNNLLDNIAK	0	0	144	0	0	144	zero_frame_only
DPRTVFVSEREL	0	0	16	0	0	16	zero_frame_only
DQLSAILNSIQSRPNLPAPSIF	0	0	52	0	0	52	zero_frame_only
DQQGGVAEVKGTQLGDKL	0	0	16	0	0	16	zero_frame_only
DQVQIKVTMNDE	0	0	16	0	0	16	zero_frame_only
DRACPESASLLGHPRVLA	0	0	48	0	0	48	zero_frame_only
DRIGSYLAERLSR	0	0	48	0	0	48	zero_frame_only
DRKLRFVEKEIRKANIPIM	0	0	560	0	0	560	zero_frame_only
DRQVVPHERQPGTEMLRA	0	0	18	0	0	18	zero_frame_only
DRYFHNQEENVRF	0	0	32	0	0	32	zero_frame_only
DRYFHNQEENVRFDS	0	0	16	0	0	16	zero_frame_only
DSDAASQKMEPRAPW	0	0	64	0	0	64	zero_frame_only
DSDSMETEEK	0	0	496	0	0	496	zero_frame_only
DSENTSSFSSPSH	0	0	40	0	0	40	zero_frame_only
DSIWGICTISKL	0	0	16	0	0	16	zero_frame_only
DSPNKVVPEQPSWK	0	0	192	0	0	192	zero_frame_only
DTAMSRPGRGEPRFISVGYVDDTQFVRF	0	0	16	0	0	16	zero_frame_only
DTDIQGFLKNEK	0	0	48	0	0	48	zero_frame_only
DTIATTSTDIGESR	0	0	32	0	0	32	zero_frame_only
DTNVMLVALAAK	0	0	80	0	0	80	zero_frame_only
DTQTSITDSCAVYR	0	0	8	0	0	8	zero_frame_only
DVAFTVGEGEDHDIPIGIDK	0	0	8	0	0	8	zero_frame_only
DVCTVSRTDRETKL	0	0	16	0	0	16	zero_frame_only
DVEYRLPFTINNLTININILLPPQFPQEK	0	16	16	0	0	32	mixture_with_zero_frame
DWSDNNSNISAKRNY	0	0	8	0	0	8	zero_frame_only
DYLEVVAHLK	0	0	16	0	0	16	zero_frame_only
DYRSHAV	0	0	20	0	0	20	zero_frame_only
EAAPKPPQPPR	0	0	104	0	0	104	zero_frame_only
EALESVEVLIK	0	0	80	0	0	80	zero_frame_only
EATAVVDQILAQEENWKFEK	16	0	12	0	0	28	mixture_with_zero_frame
EDDDDALVPDSK	0	0	60	0	0	60	zero_frame_only
EETVLATVQALQTASHLSQQADLR	0	0	40	0	0	40	zero_frame_only
EGHLPEILSMIHVR	0	0	84	0	0	84	zero_frame_only
EGIASSQLGSR	0	0	16	0	0	16	zero_frame_only
EGIASSQLGSRSTLRSSSHEAGLQQGSLGGVYK	0	0	32	0	0	32	zero_frame_only
EGPPSEHSGMSR	0	0	8	0	0	8	zero_frame_only
EICSLFGEAPQNLSSSR	0	0	32	0	0	32	zero_frame_only
EIFGGNADK	0	0	96	0	0	96	zero_frame_only
EIFLSQPILLELEAPLKK	0	2	0	0	0	2	transitional_only
EILQEEDLIDEDDIPVRSF	0	0	112	0	0	112	zero_frame_only
EKAGKSGVKKDLHDANTDL	0	0	68	0	0	68	zero_frame_only
ELASPVSPELR	0	0	8	0	0	8	zero_frame_only
ELNQWEALTEYGQSK	0	0	64	0	0	64	zero_frame_only
ELPCLEELENNLK	0	0	16	0	0	16	zero_frame_only
ELQHAALGGTAIQPCFFQDISMEIPQEFQK	0	0	32	0	0	32	zero_frame_only
EPGQALGDSSANAEDR	0	0	8	0	0	8	zero_frame_only
EPNSAVFMSNIAPNQSDSFFR	0	0	16	0	0	16	zero_frame_only
EQRHPDLGNSDPVYTACVR	4	0	0	0	0	4	frameshift_only
ERELQHAALGGTAIQPCFFQDISMEIPQEFQK	0	0	32	0	0	32	zero_frame_only
ERNLETLQQEL	0	0	116	0	0	116	zero_frame_only
ESNPFTEIAMSSCR	0	0	112	0	0	112	zero_frame_only
ESSKPGPVQVVLVQK	0	0	24	0	0	24	zero_frame_only
ESTEIPTTILQK	0	0	32	0	0	32	zero_frame_only
EVELNELEPEKQPMNAASGAAMSLAGAEK	0	0	512	0	0	512	zero_frame_only
EVIATVIR	0	0	8	0	0	8	zero_frame_only
EVSSSFDHVIK	0	0	64	0	0	64	zero_frame_only
EWAMNVGDKK	0	0	48	0	0	48	zero_frame_only
EYQEYNPYEVLNLDPGATVAEIKK	0	0	22	0	0	22	zero_frame_only
FHISPTGMIMEGAQLHIK	0	0	32	0	0	32	zero_frame_only
FHNQEENVRF	0	0	16	0	0	16	zero_frame_only
FLESVEGNQNYPLLLLTLLEK	0	0	32	0	0	32	zero_frame_only
FLLFLFQVPLPSLSPTMQAGTIARWE	0	0	8	0	0	8	zero_frame_only
FLLFLFQVPLPSLSPTMQAGTIARWEKKEG	0	0	4	0	0	4	zero_frame_only
FLTGNQWSFINNNLHTQSLNR	0	0	64	0	0	64	zero_frame_only
FNPSLNVVDKIHQNTPLHWAVAAGNVNAVDK	0	0	384	0	0	384	zero_frame_only
FQESLFIINNFANSDRPMK	0	0	8	0	0	8	zero_frame_only
FQGQTCEMCQTCLGVCAEHK	0	0	216	0	0	216	zero_frame_only
FSSGYYDFLVEVEGDNR	0	0	40	0	0	40	zero_frame_only
FSTTQPPQESVDR	0	0	48	0	0	48	zero_frame_only
FSTTQPPQESVDRWGK	0	2	44	0	0	46	mixture_with_zero_frame
FTIVWHLK	0	0	272	0	0	272	zero_frame_only
FTSSPGLSTEGK	0	0	48	0	0	48	zero_frame_only
FVRFDSDVGE	0	0	40	0	0	40	zero_frame_only
FVTAIWNLLVTTGQEVK	0	0	16	0	0	16	zero_frame_only
GAHLLLHWER	0	2	0	0	0	2	transitional_only
GASDVGAGEPGPER	0	0	104	0	0	104	zero_frame_only
GDQLSAILNSIQSR	0	0	34	0	0	34	zero_frame_only
GEICHLLCKPEYAYGSAGSLPK	0	0	16	0	0	16	zero_frame_only
GEPHFIAVGYVDDTQFVR	0	0	40	0	0	40	zero_frame_only
GESGAPGIKQDLDAVTL	0	0	128	0	0	128	zero_frame_only
GGAGATFECNICLETAR	0	0	56	0	0	56	zero_frame_only
GGCSEHANCLSTGLNTR	0	0	10	0	0	10	zero_frame_only
GGGGGGGGGGGGGGGGGGGGWVGPR	0	0	16	0	0	16	zero_frame_only
GHRIEEVPELPLVVEDK	0	0	20	0	0	20	zero_frame_only
GHRIEEVPELPLVVEDKK	0	4	0	0	0	4	transitional_only
GLVGIGLFALAHAAFSAAQHR	0	0	16	0	0	16	zero_frame_only
GPAIVHALNETEVTNIITSK	0	0	58	0	0	58	zero_frame_only
GPLFSHLSSQNIEESAYFDSTWKR	0	4	0	0	0	4	transitional_only
GRLNRLPAAGVGDMVMATVK	0	0	144	0	0	144	zero_frame_only
GSKGDTSMLKPTLMAAVPEIMDR	0	0	292	0	0	292	zero_frame_only
GSLPPHYALTVLNTTTAATLSNK	0	0	448	0	0	448	zero_frame_only
GTADTLLNR	0	0	140	0	0	140	zero_frame_only
GTENGVNGTLTSNVADSPR	0	0	76	0	0	76	zero_frame_only
GTENGVNGTLTSNVADSPRNK	0	0	136	0	0	136	zero_frame_only
GTVVHGKVLQELGPGNVQKEVSSSF	0	0	16	0	0	16	zero_frame_only
GVARPAMAPDPVAAETAAQGPTPR	0	0	24	0	0	24	zero_frame_only
GVFMMCIPPPNVTGSLHLGHALTNAIQDSLTR	0	0	40	0	0	40	zero_frame_only
GVGIISEGNETVEDIAAR	0	0	104	0	0	104	zero_frame_only
HAPSLQSSTEASSITR	0	0	16	0	0	16	zero_frame_only
HDGGAQPGPVPKSLQKQRRMLE	0	0	96	0	0	96	zero_frame_only
HGGSLGLGLAAMGTAR	0	0	248	0	0	248	zero_frame_only
HGTCAAQVDALNSQK	0	0	52	0	0	52	zero_frame_only
HIGETEKRCF	0	0	24	0	0	24	zero_frame_only
HIITVDGKPPTWSEFPK	0	0	302	0	0	302	zero_frame_only
HIKLPLKPNDL	0	0	224	0	0	224	zero_frame_only
HIKLPLKPNDLKNRSSAF	0	0	112	0	0	112	zero_frame_only
HIVVYHR	0	0	16	0	0	16	zero_frame_only
HLHAFANSLKPEQASPSAHSHATSPLEEFK	0	0	96	0	0	96	zero_frame_only
HLVGLWTADNATATNLLK	0	0	40	0	0	40	zero_frame_only
HPDLGNSDPVYTACVR	4	0	0	0	0	4	frameshift_only
HSECVHVTEEELQLR	0	0	10	0	0	10	zero_frame_only
IATSLFESGINWGR	0	0	8	0	0	8	zero_frame_only
ICCGEDHTAAL	0	0	80	0	0	80	zero_frame_only
IDVGFVYDEPGHAVMR	0	0	48	0	0	48	zero_frame_only
IEEVPELPLVVEDK	0	0	10	0	0	10	zero_frame_only
IEEVPELPLVVEDKK	0	2	0	0	0	2	transitional_only
IFLWDLHCHGY	8	0	0	0	0	8	frameshift_only
IGDLQAFQGHGAGNLAAPISGLK	0	0	20	0	0	20	zero_frame_only
IGDLQAFQGHGAGNLAGLKR	0	28	0	0	0	28	transitional_only
IILNAVFGFINNPK	0	8	12	0	0	20	mixture_with_zero_frame
IIMCPQCDR	0	0	1128	0	0	1128	zero_frame_only
IISGIHMQTSESTK	0	0	16	0	0	16	zero_frame_only
IKVAEDEAEAAAAAK	0	0	512	0	0	512	zero_frame_only
ILDSVGIEADDDRLNK	0	0	16	0	0	16	zero_frame_only
ILNHVLQHAEPGNAQSVLEAIDTYCEQK	0	0	24	0	0	24	zero_frame_only
IMQEYGEVTCCLGSSANLR	0	0	144	0	0	144	zero_frame_only
ITALSILQQPE	0	0	96	0	0	96	zero_frame_only
ITGRLTSAIAK	0	0	32	0	0	32	zero_frame_only
ITPAHDQNDYEVGQR	0	0	40	0	0	40	zero_frame_only
ITPHTLNFVK	0	0	64	0	0	64	zero_frame_only
KAQQEFAAGVFSNPAVRTAAANAAAGAAE	0	0	32	0	0	32	zero_frame_only
KDAAIYLVTSLAS	0	0	16	0	0	16	zero_frame_only
KDEEFQRT	0	0	30	0	0	30	zero_frame_only
KDNFFIELGQPQWLK	0	0	36	0	0	36	zero_frame_only
KDVAGCEEAKLEIMEF	0	0	98	0	0	98	zero_frame_only
KEPNSAVFMSNIAPNQSDSFFRTQTSE	0	0	16	0	0	16	zero_frame_only
KESTEIPTTILQ	0	0	16	0	0	16	zero_frame_only
KGAAGRPVGV	0	24	0	0	0	24	transitional_only
KGIEAGSEDIDILPNGLAFFSVGL	0	0	56	0	8	64	mixture_with_zero_frame
KGTENGVNGTLTSNVADSPR	0	0	76	0	0	76	zero_frame_only
KGTENGVNGTLTSNVADSPRN	0	0	68	12	0	80	mixture_with_zero_frame
KIFSNVRINLQK	0	0	6	0	0	6	zero_frame_only
KIILNAVFGFINNPK	0	8	12	0	0	20	mixture_with_zero_frame
KIPNPDFFEDLEPFR	0	0	98	0	0	98	zero_frame_only
KISEEMSNFLAWLGYLNSLINPLIYTIFN	0	0	0	2	0	2	zero_frame_with_frameshift_stop_only
KISSVSEVMK	0	0	10	0	0	10	zero_frame_only
KKMNLGVGAYRDDNGKPYVLPSVR	0	0	8	0	0	8	zero_frame_only
KKTADLAPHPE	0	0	48	0	0	48	zero_frame_only
KLIADLQPNTEYSFVLMNR	0	0	44	0	0	44	zero_frame_only
KLLRTRNNVLVLYS	0	0	32	0	0	32	zero_frame_only
KLNDNHEVEDEVALQR	0	0	16	0	0	16	zero_frame_only
KLTGAVRSSARL	0	0	16	0	0	16	zero_frame_only
KLTPLLPPPLTDMDSTLDSSTGSLLK	0	0	48	0	0	48	zero_frame_only
KLVSTFGVGLENVSNVSTMFSSAASESLAR	0	0	32	0	0	32	zero_frame_only
KPGYHAPVALLNDIPQSTEQYDPFAEHRPPK	0	0	112	0	0	112	zero_frame_only
KQFIAGLTELNDSPVPLELERC	0	0	48	0	0	48	zero_frame_only
KQGKPQSATDYSDPDNVDDGLFIVDIPKTNND	0	0	30	0	0	30	zero_frame_only
KQLNTDKQPSEPSLDSPCD	0	0	16	0	0	16	zero_frame_only
KRLAPEYEAAATRLKGIVPLS	0	32	0	0	0	32	transitional_only
KSCGECIQAGPNCGWCTNSEGMPTSARCDDLEAL	0	0	32	0	2	34	mixture_with_zero_frame
KSDSGQQQPSSVGNQSHSASDPGPIRATAPMW	0	0	16	0	0	16	zero_frame_only
KSIQSGPLKISSVSEVMK	0	0	110	0	0	110	zero_frame_only
KSQLERAALGFR	0	0	24	0	0	24	zero_frame_only
KSREIFLSQPILLELEAPLK	0	0	2	0	0	2	zero_frame_only
KSVCPVTSGFSSPSPSAAAAAQEVRSATDGNTSTTPPTSAK	0	0	64	0	0	64	zero_frame_only
KTQQFFDEQMADPDLLEESSSLLEPSEMGR	0	0	24	0	0	24	zero_frame_only
LAAEGYLVAVVAGPSVTLEAR	0	0	8	0	0	8	zero_frame_only
LAHGLLEELK	0	0	16	0	0	16	zero_frame_only
LCMSLMQNK	0	0	496	0	0	496	zero_frame_only
LDSVESVLPYEYTAFDFCQASEGKR	0	0	64	0	0	64	zero_frame_only
LDVSNVATDTERLELK	0	0	260	0	0	260	zero_frame_only
LECTDQETESENITSFVGTPENLQFQK	0	0	32	0	0	32	zero_frame_only
LEHLSSLPTQMDYK	0	0	16	0	0	16	zero_frame_only
LEQCMVCTVCGDCTGYGASCVSSGRPDR	0	0	64	0	0	64	zero_frame_only
LFQEDDEIPLYLKR	0	2	0	0	0	2	transitional_only
LGASVVK	0	0	64	0	0	64	zero_frame_only
LGGIVLPNDGQCHLENNMYTMSHYYDYPSIAHLVQK	0	0	284	0	0	284	zero_frame_only
LGIYDADGDGDFDVDDAKK	0	28	0	0	0	28	transitional_only
LGTPDEQLEMANCQAVILSVEDDTGHR	0	0	8	0	0	8	zero_frame_only
LHKPPADSGVDLREVEHFL	8	0	0	0	0	8	frameshift_only
LHPDKNPNNPNAHGDFLKK	0	40	0	0	0	40	transitional_only
LHYVVTEVQGPSITVEFSDCK	0	0	64	0	0	64	zero_frame_only
LILIACGTSYHAGVATR	0	0	24	0	0	24	zero_frame_only
LIMVLAGASEFDPQYNKR	0	2	0	0	0	2	transitional_only
LIMVQHWPETVCEDLLPEMR	0	0	8	0	0	8	zero_frame_only
LIPHVQVFAR	0	0	20	0	0	20	zero_frame_only
LLACDGNEIDTMFVDR	0	0	140	0	0	140	zero_frame_only
LLERERQRLHEEWLLREQK	0	0	8	0	0	8	zero_frame_only
LLFERFIAKPCALCIGIEDSGPYQAQPNAILEK	0	0	58	0	0	58	zero_frame_only
LLHENHLK	0	0	420	0	0	420	zero_frame_only
LLHSDRDPIPDVPAVYFVMPTEENIDR	0	0	8	0	0	8	zero_frame_only
LLLCGGAPLSATTQR	0	0	206	0	0	206	zero_frame_only
LLLTPQGAGAHPAPEPQGEQGGDSPAR	4	0	0	0	0	4	frameshift_only
LLVSQVDDKIEEAIQEISRL	0	0	8	0	0	8	zero_frame_only
LLYALEIIEALGK	0	4	38	0	0	42	mixture_with_zero_frame
LNKPFLFDTKPLIVQYEVNFQNGIECGGAYVK	0	0	228	0	0	228	zero_frame_only
LPVSLSQQK	0	0	32	0	0	32	zero_frame_only
LQDEKPTVGLGVDGANITASLR	0	0	8	0	0	8	zero_frame_only
LQGSATAAEAQVGHQTAR	0	0	8	0	0	8	zero_frame_only
LQTGFTENEVLQIFCDTCEAVAR	0	0	48	0	0	48	zero_frame_only
LSDLQNAAAGSFASAFAALVLCPTELVK	0	0	32	0	0	32	zero_frame_only
LSLDKLECTDQETESENITSFVGTPENLQFQK	0	0	16	0	0	16	zero_frame_only
LTSVDSNLEYSLSDEYCK	0	0	8	0	0	8	zero_frame_only
LTTPPVNTR	0	0	8	0	0	8	zero_frame_only
LVALTQDVSAISNLIR	0	0	36	0	0	36	zero_frame_only
LVKPGVYRPLDTLGTASVSSKTVKE	0	0	16	0	0	16	zero_frame_only
LVPRPGSGSSSGSSNSGSQPGSHPGSQSGSGER	0	0	16	0	0	16	zero_frame_only
LVRFDSDVGE	0	0	8	0	0	8	zero_frame_only
LVSSELWGAHAVFSHASAK	0	0	32	0	0	32	zero_frame_only
MAEWIQQNNILSIVLR	0	0	64	0	0	64	zero_frame_only
MAGRAVLLAGPPGTGKTALALAIAQELGSK	0	0	16	0	0	16	zero_frame_only
MAPKGSSKQQSEE	0	0	32	0	0	32	zero_frame_only
MDHHQPGTGR	0	0	60	0	0	60	zero_frame_only
MDLTAYAELLK	0	0	48	0	0	48	zero_frame_only
MDQTMAANAQKN	0	0	0	2	0	2	zero_frame_with_frameshift_stop_only
MEDLDQSPLVSSSDSPPRPQPAF	0	0	16	0	0	16	zero_frame_only
MEEADALIESLCR	0	0	248	0	0	248	zero_frame_only
MEETAYPALEETSSTIEAEEQKIPEDSIY	0	0	48	0	0	48	zero_frame_only
MESSKPGPVQVVLVQK	0	0	24	0	0	24	zero_frame_only
MESSKPGPVQVVLVQKDQHSFEL	0	0	16	0	0	16	zero_frame_only
METTPLNSQKQLSACE	0	0	56	0	0	56	zero_frame_only
MHKEEHEVAVL	0	0	20	0	0	20	zero_frame_only
MHPDATDSGGAGPSPAR	0	0	12	0	0	12	zero_frame_only
MKSVCPVTSGFSSPSPSAAAAAQE	0	0	16	0	0	16	zero_frame_only
MKSVCPVTSGFSSPSPSAAAAAQEVRSAT	0	0	16	0	0	16	zero_frame_only
MKSVCPVTSGFSSPSPSAAAAAQEVRSATDGNTSTTPPTSAK	0	0	48	0	0	48	zero_frame_only
MLEHLSSLPTQM	0	0	8	0	0	8	zero_frame_only
MLEHLSSLPTQMDY	0	0	16	0	0	16	zero_frame_only
MLEHLSSLPTQMDYK	0	0	16	0	0	16	zero_frame_only
MLEHLSSLPTQMDYKGQ	0	0	8	0	0	8	zero_frame_only
MLEHLSSLPTQMDYKGQK	0	0	16	0	0	16	zero_frame_only
MLNFNVPHIK	0	0	80	0	0	80	zero_frame_only
MPGSGDCNTSAGGSASAAAAAAENNGER	0	0	8	0	0	8	zero_frame_only
MPGSGDCNTSAGGSASAAAAAAENNGERGEGER	0	0	8	0	0	8	zero_frame_only
MQREEQCILYLGPRYGFGEAGKPK	0	0	8	0	0	8	zero_frame_only
MRGETTLWNPGCDHAGIATQVVVEK	0	0	40	0	0	40	zero_frame_only
MRPQDSTGVAELQEPGLPLTDDAPPGATEEPAAAEAAGAPDR	0	0	64	0	0	64	zero_frame_only
MSINAEEVVVGDLVEVK	0	0	156	0	0	156	zero_frame_only
MTETCATAHIGGVNIVLLEGITPNIQTVVK	0	0	100	0	0	100	zero_frame_only
MTTDEGAKNNEESPTATVAEQGEDITSKKDRGVL	0	0	4	0	0	4	zero_frame_only
MTVAHMWFDNQIHEADTTENQSGVSFDK	0	0	60	0	0	60	zero_frame_only
MVNPTLGVHEADLLK	0	0	120	0	0	120	zero_frame_only
NAFEENDFMENTNMPEGTISENTNYNHPHEADSAGTAFNLGPTVK	0	0	32	0	0	32	zero_frame_only
NCLPIAAIVDEKIF	0	0	18	0	0	18	zero_frame_only
NENLDCNSDSQVFPSLNDVVAR	0	0	32	0	0	32	zero_frame_only
NETGKDPASQEVTIAVNR	0	0	16	0	0	16	zero_frame_only
NFVLDNTDR	0	0	16	0	0	16	zero_frame_only
NIAFFSTNCVEGTAR	0	0	78	0	0	78	zero_frame_only
NIMDSVNLAAEDK	0	0	32	0	0	32	zero_frame_only
NIPALKALLE	0	0	104	0	0	104	zero_frame_only
NLPAQGSTLCIGR	16	0	0	0	0	16	frameshift_only
NLQFQKEPNSAVFMSNIAPNQSDSFFRTQTSE	0	0	16	0	0	16	zero_frame_only
NMALFEEEMDSNPMVSSLLNK	0	0	160	0	0	160	zero_frame_only
NPFVHELR	0	0	8	0	0	8	zero_frame_only
NQLIIHMLK	0	0	384	0	0	384	zero_frame_only
NVRFDSDVGE	0	0	8	0	0	8	zero_frame_only
NYGVAGPASALSSLSHK	0	0	36	0	0	36	zero_frame_only
NYQEAAIYLQEGENNDK	0	0	16	0	0	16	zero_frame_only
PAGLPCGAENPAR	0	0	24	0	0	24	zero_frame_only
PAMAPDPVAAETAAQGPTPR	0	0	24	0	0	24	zero_frame_only
PASPLGPACPSAGCPR	0	0	16	0	0	16	zero_frame_only
PDVVQTRQQAF	0	0	4	0	0	4	zero_frame_only
PDVVQTRQQAFRE	0	0	8	0	0	8	zero_frame_only
PDVVQTRQQAY	0	0	24	0	0	24	zero_frame_only
PDVVQTRQQAYR	0	0	48	0	0	48	zero_frame_only
PEYGRPNVSAANPR	0	0	40	0	0	40	zero_frame_only
PNLPAPSIFDQAAKPPSSLVHSPFVFGQPLSFQQPQLQK	0	0	18	0	0	18	zero_frame_only
PNLPAPSIFDQAAKPPSSLVHSPFVFGQPLSFQQPQLQSDR	0	0	34	0	0	34	zero_frame_only
PPAVGGPVGY	0	0	40	0	0	40	zero_frame_only
PSTESVQFYNPLENK	0	0	16	0	0	16	zero_frame_only
PTAPSSGAPGLAGVGETPSAAALAAAR	0	0	528	0	0	528	zero_frame_only
QAADMILLDDNFASIVTGVEEGR	0	0	128	0	0	128	zero_frame_only
QAEIENPLEDPVTVESHSVVQAR	0	0	64	0	0	64	zero_frame_only
QAIGIALETR	0	0	248	0	0	248	zero_frame_only
QDLPNYLQTWCIHPWSAR	4	0	0	0	0	4	frameshift_only
QEATASKVIVAVGDRSSNL	0	0	8	0	0	8	zero_frame_only
QELGPGNVQKEVSSSF	0	0	16	0	0	16	zero_frame_only
QERKEALESVEVL	0	0	40	0	0	40	zero_frame_only
QFGMMQSQIGYDILAEDTITALLHNNR	0	0	8	0	0	8	zero_frame_only
QFIAGLTELNDSPVPLELER	0	0	48	0	0	48	zero_frame_only
QFSCLSLPSSWDYR	0	0	24	0	0	24	zero_frame_only
QGEYRFSTTQPPQESVDRWGK	0	4	88	0	0	92	mixture_with_zero_frame
QLNTDKQPSEPSLDSPCDKEK	0	0	32	0	0	32	zero_frame_only
QPSEPSLDSPCDK	0	0	32	0	0	32	zero_frame_only
QQIHSWSPR	0	0	24	0	0	24	zero_frame_only
QQVSLESNASMSSNTPLVR	0	0	8	0	0	8	zero_frame_only
QTLSAAAVFNDR	0	0	32	0	0	32	zero_frame_only
QVLAGAEASQEESKDLAGAAEEESGLPGAGPGSCAF	0	0	10	0	0	10	zero_frame_only
RAAAAEVEAEGGGGGGGGK	0	0	16	0	0	16	zero_frame_only
RAKGAVPVIDSSSRHAPSLQSSTE	0	0	16	0	0	16	zero_frame_only
RCGLFPAPDEGPRENGADPTER	0	0	48	0	0	48	zero_frame_only
RCLNESLEDNSETIK	0	0	20	0	0	20	zero_frame_only
RDDASTFTVSSFGVTPAVGGLSSGTVGE	0	0	64	0	0	64	zero_frame_only
RESNPFTEIAMSSCR	0	0	112	0	0	112	zero_frame_only
RGASDVGAGEPGPERAPL	0	0	104	0	0	104	zero_frame_only
RGSQLNVSELTPSSHASALR	0	0	112	0	0	112	zero_frame_only
RHPTGEEEGGPGPAA	16	0	0	0	0	16	frameshift_only
RIEEQSLHDVLFELSK	0	0	100	0	0	100	zero_frame_only
RIMSEKITRTL	0	0	54	0	0	54	zero_frame_only
RITYLQNPK	0	0	78	0	0	78	zero_frame_only
RLAPEYEAAATRL	0	0	0	0	64	64	zero_frame_with_frameshift_stop_only
RPESPGDAEAAAAAAPGAPGGR	0	0	24	0	0	24	zero_frame_only
RPPGSPVYGNSHESAQSR	0	0	24	0	0	24	zero_frame_only
RPSENLGQVLFGER	0	0	64	0	0	64	zero_frame_only
RSDIHTEAVQAAL	0	0	8	0	0	8	zero_frame_only
RSLQDTAEL	0	0	8	0	0	8	zero_frame_only
RSLSETVTHRAK	0	0	32	0	0	32	zero_frame_only
RSSSHEAGLQQGSLGGVY	0	0	16	0	0	16	zero_frame_only
RVRLVSRSIYNREE	0	0	56	0	0	56	zero_frame_only
RVVISHNMDK	0	0	20	0	0	20	zero_frame_only
RWHPGAHVGVGKN	0	0	0	2	0	2	zero_frame_with_frameshift_stop_only
SCGECIQAGPNCGWCTNSEGMPTSAR	0	0	40	0	0	40	zero_frame_only
SCGECIQAGPNCGWCTNSVSK	0	0	96	0	0	96	zero_frame_only
SDPTSYAGYIEDLKK	0	0	8	0	0	8	zero_frame_only
SDSGQQQPSSVGNQSHSASDPGPIR	0	0	16	0	0	16	zero_frame_only
SDTATGGESAGHATSSQEPSGCSDQRPAEDLNIR	0	0	32	0	0	32	zero_frame_only
SEETVSESQFSLK	0	0	64	0	0	64	zero_frame_only
SEVTFSTPALYIYTSGTTGLPK	0	0	8	0	0	8	zero_frame_only
SFCHPEVEEEPHER	0	0	48	0	0	48	zero_frame_only
SFVKETVDKLL	0	0	16	0	0	16	zero_frame_only
SGAEEQTSKDSPNKVVPEQPSWK	0	0	128	0	0	128	zero_frame_only
SGARGEGPEAGAGGAGGRAAPENPGGVL	0	0	16	0	0	16	zero_frame_only
SGGKYVDSEGNIY	0	0	24	0	0	24	zero_frame_only
SGLDEVAEEQTQLF	0	0	144	0	0	144	zero_frame_only
SGTSSPEAVKKL	0	0	140	0	0	140	zero_frame_only
SIPHNCYEIGHTWHPSCR	0	0	96	0	0	96	zero_frame_only
SIYNREEIVR	0	0	56	0	0	56	zero_frame_only
SLAASSALGVAGISYGQVR	0	0	8	0	0	8	zero_frame_only
SLDKLECTDQETESENITSF	0	0	16	0	0	16	zero_frame_only
SLELIPLTAR	0	0	16	0	0	16	zero_frame_only
SLHCHVCNCCVAR	0	0	84	0	0	84	zero_frame_only
SLSETVTHR	0	0	16	0	0	16	zero_frame_only
SLVEIIEHGLVDEQQKK	0	2	0	0	0	2	transitional_only
SMKVAIVKPGVPME	0	0	288	0	0	288	zero_frame_only
SMLQATAEANNLAAAASAK	0	0	64	0	0	64	zero_frame_only
SPLPLTLQHLVAFWEDISLATIK	0	0	104	0	0	104	zero_frame_only
SPSKIKTF	0	0	118	0	0	118	zero_frame_only
SPSNGVGSLASKPVDVASDNVK	0	0	40	0	0	40	zero_frame_only
SQDTEVDMK	0	0	96	0	0	96	zero_frame_only
SQDTEVDMKEVELNELEPEKQPMNAASGAAMSLAGAEK	0	0	96	0	0	96	zero_frame_only
SQLEGLEESVR	0	0	8	0	0	8	zero_frame_only
SQQELEAK	0	0	40	0	0	40	zero_frame_only
SREIFLSQPILLELEAPLKK	0	4	0	0	0	4	transitional_only
SRISDTGSAGLMLVE	0	0	272	0	0	272	zero_frame_only
SRIVENLQSFNEITAMTGDGVNDAPALK	0	0	132	0	0	132	zero_frame_only
SRVDSTTCLFPVEEKAVEY	0	0	24	0	0	24	zero_frame_only
SSIYGSFSDDDSILK	0	0	16	0	0	16	zero_frame_only
SSPSLAPSCMTPTSSSTQK	2	0	0	0	0	2	frameshift_only
SSSHEAGLQQGSLGGVYK	0	0	16	0	0	16	zero_frame_only
SSSSFTPFIDPR	0	0	16	0	0	16	zero_frame_only
SSTQTVSWMQMDGSGSMR	2	0	0	0	0	2	frameshift_only
STAATLCEETEFLGDIR	0	0	8	0	0	8	zero_frame_only
STEIPTTILQKE	0	0	16	0	0	16	zero_frame_only
STGQALPLNATAAPK	0	0	20	0	0	20	zero_frame_only
STLEDSREPGQALGDSSANAEDR	0	0	8	0	0	8	zero_frame_only
SVCPVTSGFSSPSPSAAAAAQEVR	0	0	32	0	0	32	zero_frame_only
SVCPVTSGFSSPSPSAAAAAQEVRSATDGNTSTTPPTSAK	0	0	64	0	0	64	zero_frame_only
SVNSLDGLASVLYPGCDTLDK	0	0	512	0	0	512	zero_frame_only
SVSTLKPCAK	0	0	280	0	0	280	zero_frame_only
SVTSLTNVGHAMNSK	24	0	0	0	0	24	frameshift_only
SWPRTADNFDDILK	0	0	64	0	0	64	zero_frame_only
TAAANAAAGAAENAFR	4	0	32	0	0	36	mixture_with_zero_frame
TADNFDDILK	0	0	32	0	0	32	zero_frame_only
TAEAAEEEMAGPNQLCIR	0	0	48	0	0	48	zero_frame_only
TAPAGPARGVARPAMAPDPVAAETAAQGPTPRYF	0	0	24	0	0	24	zero_frame_only
TASEMVLADDNFSTIVAAVEEGR	0	0	104	0	0	104	zero_frame_only
TCAAEFDFMEKETPL	0	0	78	0	0	78	zero_frame_only
TDDEVVQREEEAIQLDGLK	0	22	0	0	0	22	transitional_only
TGETGIEETILEGHLGVTK	0	0	80	0	0	80	zero_frame_only
TGQEVVFVAEPDNK	0	0	80	0	0	80	zero_frame_only
THFWGPVANWGLPIAAINDMK	0	0	8	0	0	8	zero_frame_only
TLLGIIDCVQGPPAMLQAYEDPGGK	0	0	8	0	0	8	zero_frame_only
TMDLNVVEHKVF	0	0	32	0	0	32	zero_frame_only
TPIGTPAMNMATPTPGHIMSMTPEQLQAWR	0	0	56	0	0	56	zero_frame_only
TQFVRFDSDAASQKMEPRAPWIE	0	0	64	0	0	64	zero_frame_only
TSGVPSLGTHTLATVTGNGER	0	0	8	0	0	8	zero_frame_only
TSNLYKLQFHNV	0	0	0	2	0	2	zero_frame_with_frameshift_stop_only
TSNTDGIDSFLDKVDEVSTEPIPESWR	0	0	16	0	0	16	zero_frame_only
TSSPLSGSSCCCCCCSSR	0	0	112	0	0	112	zero_frame_only
TSSTAVTLAPVK	30	0	0	0	0	30	frameshift_only
TTLTAAITKK	0	0	8	0	0	8	zero_frame_only
TTPRDEYIEQL	0	0	40	0	0	40	zero_frame_only
TTSEELACPREDLSVARK	0	0	32	0	0	32	zero_frame_only
TVEEVLGHFGVNESTGLSLEQVK	0	0	224	0	0	224	zero_frame_only
TVVHALSKPK	0	0	32	0	0	32	zero_frame_only
VAAAIIEYPGGEMEEAEL	0	0	44	0	0	44	zero_frame_only
VAAAIIEYPGGEMEEAELTSW	0	0	44	0	0	44	zero_frame_only
VCLFKPITSR	0	0	16	0	0	16	zero_frame_only
VDDPQDVFKPTTSR	0	0	40	0	0	40	zero_frame_only
VDDTQFVRFDSDAASQKMEPRAPW	0	0	64	0	0	64	zero_frame_only
VFRQYWDIPDGTDCHRK	0	0	32	0	0	32	zero_frame_only
VIFLEDDDVAAVVDGR	0	0	24	0	0	24	zero_frame_only
VIQQLEGAFALVFK	0	0	24	0	0	24	zero_frame_only
VLDLQADSR	0	0	32	0	0	32	zero_frame_only
VLQELGPGNVQK	0	0	32	0	0	32	zero_frame_only
VLQGNITHCAEPYIK	0	0	16	0	0	16	zero_frame_only
VLSEKVSQLMEW	0	0	16	0	0	16	zero_frame_only
VMSEFNNNFR	0	0	20	0	0	20	zero_frame_only
VNPTLGVHEADLL	0	0	120	0	0	120	zero_frame_only
VNPTLGVHEADLLK	0	0	120	0	0	120	zero_frame_only
VPVRPGFSQENSR	4	0	0	0	0	4	frameshift_only
VQDFFSFAVDR	0	0	8	0	0	8	zero_frame_only
VRFDSDAASQKMEPRAPW	0	0	64	0	0	64	zero_frame_only
VSANNMPKQVE	0	0	84	0	0	84	zero_frame_only
VTPPAVTGSPEFER	0	0	24	0	0	24	zero_frame_only
VVAVDGDSGQNAWLSYQLLK	0	0	416	0	0	416	zero_frame_only
VVDQYMNEGDCQILIHHIAR	0	0	8	0	0	8	zero_frame_only
VVISHNMDK	0	0	20	0	0	20	zero_frame_only
VVSPFPLCQPAGEPSQGK	0	0	48	0	0	48	zero_frame_only
WDSDPSGTK	0	0	96	0	0	96	zero_frame_only
WWHTGALYRIGDLQAFQGHGAGNLAAPISGLK	0	0	40	0	0	40	zero_frame_only
YFHNQEENVR	0	0	16	0	0	16	zero_frame_only
YFYTAMSR	0	0	48	0	0	48	zero_frame_only
YFYTAMSRPGR	0	0	48	0	0	48	zero_frame_only
YIYNREEFVR	0	0	64	0	0	64	zero_frame_only
YKSDSGQQQPSSVGNQSHSASDPGPIR	0	0	16	0	0	16	zero_frame_only
YKVEYPIMYSTDPENGHIFNCIQR	0	0	72	0	0	72	zero_frame_only
YLDRYFHNQEENVR	0	0	16	0	0	16	zero_frame_only
YMQAVIQYGK	0	0	16	0	0	16	zero_frame_only
YSPTLNEMWCHVCR	0	0	8	0	0	8	zero_frame_only
YVASYLLAALGGNSSPSAK	0	0	8	0	0	8	zero_frame_only
YYLQDGDLDVVFASSSK	0	0	20	0	0	20	zero_frame_only
