PROTID	GENEID	GM12878_LysC_HCD_INT	HUVEC_LysC_HCD_INT	HeLa_LysC_HCD_INT	HepG2_LysC_HCD_INT	K562_LysC_HCD_INT	hESC_LysC_HCD_INT
na	na	GM12878_LysC_HCD	HUVEC_LysC_HCD	HeLa_LysC_HCD	HepG2_LysC_HCD	K562_LysC_HCD	hESC_LysC_HCD
ensembl_transcript_id=ENST00000271583.7|ensembl_gene_id=ENSG00000143337.19|gene_name=TOR1AIP1|tmd_start=353|tmd_end=371|tmd_seq=RWWLLPLIAALASGSFWFF|ss_nuc_start=1230|ss_seq=GGAAAAA|tmd-SS_gap_size=39|ensembl_uniprot_annotation=No_uniprot_annotation|blastp_uniprot_annotation=Q5JTV8|transcript_canonical_status=Alternative|TMD_dG_app=-0.56|SS_dG_fs=0.93|stem_loop_presence=Yes|fs_type=dual_-1|frame_transition=412|terminal_stop_codon=yes		955039.75	0	0	0	0	0
ensembl_transcript_id=ENST00000300648.7|ensembl_gene_id=ENSG00000089154.11|gene_name=GCN1|tmd_start=2322|tmd_end=2341|tmd_seq=VKAALLETLSLLLAKVGIAL|ss_nuc_start=7143|ss_seq=GGACCCC|tmd-SS_gap_size=40|ensembl_uniprot_annotation=Q92616|blastp_uniprot_annotation=Q92616|transcript_canonical_status=Canonical|TMD_dG_app=2.15|SS_dG_fs=2.61|stem_loop_presence=Yes|fs_type=dual_-1|frame_transition=2383|terminal_stop_codon=yes		0	1.63311872E9	0	0	0	0
ensembl_transcript_id=ENST00000308664.10|ensembl_gene_id=ENSG00000174437.18|gene_name=ATP2A2|tmd_start=759|tmd_end=782|tmd_seq=FIRYLISSNVGEVVCIFLTAALGF|ss_nuc_start=2463|ss_seq=GAACCCA|tmd-SS_gap_size=39|ensembl_uniprot_annotation=P16615|blastp_uniprot_annotation=P16615|transcript_canonical_status=Alternative|TMD_dG_app=0.75|SS_dG_fs=2.63|stem_loop_presence=Yes|fs_type=dual_-1|frame_transition=823|terminal_stop_codon=yes		0	0	0	0	0	5.2125164E7
ensembl_transcript_id=ENST00000324849.9|ensembl_gene_id=ENSG00000155975.10|gene_name=VPS37A|tmd_start=3|tmd_end=25|tmd_seq=WLFPLTKSASSSAAGSPGGLTSL|ss_nuc_start=225|ss_seq=GGAAAAA|tmd-SS_gap_size=50|ensembl_uniprot_annotation=Q8NEZ2|blastp_uniprot_annotation=Q8NEZ2|transcript_canonical_status=Canonical|TMD_dG_app=6.46|SS_dG_fs=0.93|stem_loop_presence=Yes|fs_type=dual_-1|frame_transition=77|terminal_stop_codon=yes		0	0	0	0	0	2.2926864E7
ensembl_transcript_id=ENST00000336592.11|ensembl_gene_id=ENSG00000158290.19|gene_name=CUL4B|tmd_start=4|tmd_end=22|tmd_seq=VCPVTSGFSSPSPSAAAAA|ss_nuc_start=219|ss_seq=TCCTTTA|tmd-SS_gap_size=51|ensembl_uniprot_annotation=No_uniprot_annotation|blastp_uniprot_annotation=Q13620|transcript_canonical_status=Alternative|TMD_dG_app=7.27|SS_dG_fs=2.43|stem_loop_presence=Yes|fs_type=dual_-1|frame_transition=75|terminal_stop_codon=yes		0	0	6.4423776E7	1.0720779E7	0	2367576.0
ensembl_transcript_id=ENST00000344922.10|ensembl_gene_id=ENSG00000154305.18|gene_name=MIA3|tmd_start=1182|tmd_end=1204|tmd_seq=VFITAFLGIASFAIFLWRTVLVV|ss_nuc_start=3732|ss_seq=AAAGAAA|tmd-SS_gap_size=40|ensembl_uniprot_annotation=Q5JRA6|blastp_uniprot_annotation=Q5JRA6|transcript_canonical_status=Canonical|TMD_dG_app=-1.79|SS_dG_fs=2.48|stem_loop_presence=Yes|fs_type=dual_-1|frame_transition=1246|terminal_stop_codon=yes		0	0	8.0700368E7	2.8528248E7	0	0
ensembl_transcript_id=ENST00000351698.5|ensembl_gene_id=ENSG00000136827.12|gene_name=TOR1A|tmd_start=24|tmd_end=46|tmd_seq=ISLGLALAGVLTGYIYPRLYCLF|ss_nuc_start=267|ss_seq=CCCAAAG|tmd-SS_gap_size=43|ensembl_uniprot_annotation=O14656|blastp_uniprot_annotation=O14656|transcript_canonical_status=Canonical|TMD_dG_app=0.78|SS_dG_fs=2.89|stem_loop_presence=Yes|fs_type=dual_-1|frame_transition=91|terminal_stop_codon=yes		2.43501664E8	0	0	0	5.4613584E7	0
ensembl_transcript_id=ENST00000352011.7|ensembl_gene_id=ENSG00000074370.19|gene_name=ATP2A3|tmd_start=894|tmd_end=913|tmd_seq=RFPTTMALSVLVTIEMCNAL|ss_nuc_start=2865|ss_seq=CATTTTC|tmd-SS_gap_size=42|ensembl_uniprot_annotation=Q93084|blastp_uniprot_annotation=Q93084|transcript_canonical_status=Alternative|TMD_dG_app=1.96|SS_dG_fs=2.79|stem_loop_presence=Yes|fs_type=dual_-1|frame_transition=957|terminal_stop_codon=yes		7.5852232E7	0	0	0	0	0
ensembl_transcript_id=ENST00000357266.9|ensembl_gene_id=ENSG00000096060.15|gene_name=FKBP5|tmd_start=315|tmd_end=331|tmd_seq=FLLAAFLNLAMCYLKLR|ss_nuc_start=1140|ss_seq=AAACCCC|tmd-SS_gap_size=49|ensembl_uniprot_annotation=Q13451|blastp_uniprot_annotation=Q13451|transcript_canonical_status=Canonical|TMD_dG_app=0.88|SS_dG_fs=1.46|stem_loop_presence=Yes|fs_type=dual_-1|frame_transition=382|terminal_stop_codon=yes		0	0	0	0	6.0133929E9	0
ensembl_transcript_id=ENST00000370791.9|ensembl_gene_id=ENSG00000180488.17|gene_name=MIGA1|tmd_start=39|tmd_end=58|tmd_seq=VAKKLFVVTAVSAISVIFLA|ss_nuc_start=303|ss_seq=GAATTTG|tmd-SS_gap_size=43|ensembl_uniprot_annotation=No_uniprot_annotation|blastp_uniprot_annotation=Q8NAN2|transcript_canonical_status=Canonical|TMD_dG_app=1.01|SS_dG_fs=2.70|stem_loop_presence=Yes|fs_type=dual_-1|frame_transition=103|terminal_stop_codon=yes		0	0	4571545.5	0	0	0
ensembl_transcript_id=ENST00000379449.11|ensembl_gene_id=ENSG00000198363.18|gene_name=ASPH|tmd_start=54|tmd_end=78|tmd_seq=FFTWFMVIALLGVWTSVAVVWFDLV|ss_nuc_start=354|ss_seq=CAAAGTT|tmd-SS_gap_size=40|ensembl_uniprot_annotation=Q12797|blastp_uniprot_annotation=Q12797|transcript_canonical_status=Alternative|TMD_dG_app=-2.18|SS_dG_fs=2.42|stem_loop_presence=Yes|fs_type=hungry_-2|frame_transition=119|terminal_stop_codon=yes		0	0	1.0277874E7	0	0	0
ensembl_transcript_id=ENST00000392569.8|ensembl_gene_id=ENSG00000186815.13|gene_name=TPCN1|tmd_start=164|tmd_end=186|tmd_seq=FMDILLLLLFFMIIFAILGFYLF|ss_nuc_start=672|ss_seq=GAACCCC|tmd-SS_gap_size=38|ensembl_uniprot_annotation=No_uniprot_annotation|blastp_uniprot_annotation=Q9ULQ1|transcript_canonical_status=Alternative|TMD_dG_app=-6.08|SS_dG_fs=1.84|stem_loop_presence=Yes|fs_type=dual_-1|frame_transition=226|terminal_stop_codon=yes		0	0	3162649.8	0	0	0
ensembl_transcript_id=ENST00000393796.4|ensembl_gene_id=ENSG00000243207.6|gene_name=PPAN-P2RY11|tmd_start=725|tmd_end=745|tmd_seq=VMRGLMPLAFCVHPLLYMAAV|ss_nuc_start=2343|ss_seq=CCCTAAA|tmd-SS_gap_size=36|ensembl_uniprot_annotation=No_uniprot_annotation|blastp_uniprot_annotation=Q9NQ55|transcript_canonical_status=Canonical|TMD_dG_app=1.78|SS_dG_fs=1.33|stem_loop_presence=Yes|fs_type=dual_-1|frame_transition=783|terminal_stop_codon=yes		1.7075522E7	0	0	0	0	0
ensembl_transcript_id=ENST00000398571.7|ensembl_gene_id=ENSG00000115464.15|gene_name=USP34|tmd_start=1390|tmd_end=1411|tmd_seq=LSRRVWELLMLLPTCPNMLMAF|ss_nuc_start=4341|ss_seq=GGGAAAA|tmd-SS_gap_size=36|ensembl_uniprot_annotation=Q70CQ2|blastp_uniprot_annotation=Q70CQ2|transcript_canonical_status=Canonical|TMD_dG_app=2.65|SS_dG_fs=0.55|stem_loop_presence=Yes|fs_type=dual_-1|frame_transition=1449|terminal_stop_codon=yes		0	0	2435939.2	0	0	0
ensembl_transcript_id=ENST00000464873.5|ensembl_gene_id=ENSG00000175792.12|gene_name=RUVBL1|tmd_start=1|tmd_end=24|tmd_seq=MAGRAVLLAGPPGTGKTALALAIA|ss_nuc_start=204|ss_seq=GGAAGTT|tmd-SS_gap_size=44|ensembl_uniprot_annotation=No_uniprot_annotation|blastp_uniprot_annotation=Q9Y265|transcript_canonical_status=Alternative|TMD_dG_app=4.02|SS_dG_fs=2.42|stem_loop_presence=Yes|fs_type=dual_-1|frame_transition=70|terminal_stop_codon=yes		5.5935748E7	0	0	7.6567616E8	0	0
ensembl_transcript_id=ENST00000471841.6|ensembl_gene_id=ENSG00000171109.19|gene_name=MFN1|tmd_start=591|tmd_end=615|tmd_seq=VTSRTSMGIIIVGGVIWKTIGWKLL|ss_nuc_start=1953|ss_seq=TGAAAAA|tmd-SS_gap_size=36|ensembl_uniprot_annotation=Q8IWA4|blastp_uniprot_annotation=Q8IWA4|transcript_canonical_status=Canonical|TMD_dG_app=0.61|SS_dG_fs=2.46|stem_loop_presence=Yes|fs_type=dual_-1|frame_transition=653|terminal_stop_codon=yes		344416.44	0	0	0	0	0
ensembl_transcript_id=ENST00000538786.1|ensembl_gene_id=ENSG00000184743.13|gene_name=ATL3|tmd_start=450|tmd_end=474|tmd_seq=VVAQLFNCMVGLLLIALLTWGYIRY|ss_nuc_start=1554|ss_seq=GGATAAA|tmd-SS_gap_size=44|ensembl_uniprot_annotation=No_uniprot_annotation|blastp_uniprot_annotation=Q6DD88|transcript_canonical_status=Alternative|TMD_dG_app=-1.96|SS_dG_fs=1.81|stem_loop_presence=No|fs_type=dual_-1|frame_transition=520|terminal_stop_codon=no		0	7.6143661E8	0	0	0	3631747.5
ensembl_transcript_id=ENST00000539542.6|ensembl_gene_id=ENSG00000172869.15|gene_name=DMXL1|tmd_start=2865|tmd_end=2881|tmd_seq=FVFVSSSSLIATAGLST|ss_nuc_start=8748|ss_seq=TCCAAAA|tmd-SS_gap_size=35|ensembl_uniprot_annotation=No_uniprot_annotation|blastp_uniprot_annotation=Q9Y485|transcript_canonical_status=Canonical|TMD_dG_app=3.13|SS_dG_fs=2.52|stem_loop_presence=Yes|fs_type=dual_-1|frame_transition=2918|terminal_stop_codon=yes		2.9771508E7	0	0	0	0	0
ensembl_transcript_id=ENST00000545606.6|ensembl_gene_id=ENSG00000111530.13|gene_name=CAND1|tmd_start=191|tmd_end=215|tmd_seq=VRKRTIIALGHLVMSCGNIVFVDLI|ss_nuc_start=780|ss_seq=GGTAAAA|tmd-SS_gap_size=45|ensembl_uniprot_annotation=Q86VP6|blastp_uniprot_annotation=Q86VP6|transcript_canonical_status=Canonical|TMD_dG_app=1.92|SS_dG_fs=1.36|stem_loop_presence=Yes|fs_type=dual_-1|frame_transition=262|terminal_stop_codon=yes		0	2.18041424E8	0	0	0	0
ensembl_transcript_id=ENST00000568588.5|ensembl_gene_id=ENSG00000174444.15|gene_name=RPL4|tmd_start=1|tmd_end=20|tmd_seq=MCRGGRMFAPTKTWRRWHRR|ss_nuc_start=186|ss_seq=TAAAGTT|tmd-SS_gap_size=42|ensembl_uniprot_annotation=No_uniprot_annotation|blastp_uniprot_annotation=P36578|transcript_canonical_status=Alternative|TMD_dG_app=6.78|SS_dG_fs=2.42|stem_loop_presence=Yes|fs_type=hungry_-2|frame_transition=63|terminal_stop_codon=yes		0	4.0035856E8	7.4304096E7	0	0	0
ensembl_transcript_id=ENST00000578577.5|ensembl_gene_id=ENSG00000131748.16|gene_name=STARD3|tmd_start=49|tmd_end=72|tmd_seq=VRRTFCLFVTFDLLFISLLWIIEL|ss_nuc_start=372|ss_seq=AAAGGGG|tmd-SS_gap_size=52|ensembl_uniprot_annotation=No_uniprot_annotation|blastp_uniprot_annotation=Q14849|transcript_canonical_status=Alternative|TMD_dG_app=-1.82|SS_dG_fs=2.10|stem_loop_presence=Yes|fs_type=dual_-1|frame_transition=126|terminal_stop_codon=no		0	0	0	0	0	9389878.0
ensembl_transcript_id=ENST00000585598.1|ensembl_gene_id=ENSG00000099341.13|gene_name=PSMD8|tmd_start=9|tmd_end=32|tmd_seq=AAGFSSSGPAATSGAVLQAATGMY|ss_nuc_start=258|ss_seq=GGGTGAA|tmd-SS_gap_size=54|ensembl_uniprot_annotation=No_uniprot_annotation|blastp_uniprot_annotation=P48556|transcript_canonical_status=Alternative|TMD_dG_app=5.09|SS_dG_fs=2.72|stem_loop_presence=Yes|fs_type=dual_-1|frame_transition=88|terminal_stop_codon=yes		1.61920112E8	0	0	1.1170094E7	2.14879309E9	0
ensembl_transcript_id=ENST00000592634.5|ensembl_gene_id=ENSG00000174886.15|gene_name=NDUFA11|tmd_start=59|tmd_end=78|tmd_seq=YTFTAAAVGAVFGLTTCISA|ss_nuc_start=339|ss_seq=CCCTCCT|tmd-SS_gap_size=35|ensembl_uniprot_annotation=No_uniprot_annotation|blastp_uniprot_annotation=Q86Y39|transcript_canonical_status=Alternative|TMD_dG_app=1.03|SS_dG_fs=2.53|stem_loop_presence=Yes|fs_type=dual_-1|frame_transition=115|terminal_stop_codon=no		0	0	3.0074372E7	0	0	0
ensembl_transcript_id=ENST00000619898.5|ensembl_gene_id=ENSG00000114902.14|gene_name=SPCS1|tmd_start=45|tmd_end=64|tmd_seq=FGWTVYIVMAGFAFSCLLTL|ss_nuc_start=297|ss_seq=TAAAAAT|tmd-SS_gap_size=35|ensembl_uniprot_annotation=No_uniprot_annotation|blastp_uniprot_annotation=Q9Y6A9|transcript_canonical_status=Canonical|TMD_dG_app=-0.89|SS_dG_fs=1.26|stem_loop_presence=No|fs_type=dual_-1|frame_transition=101|terminal_stop_codon=yes		3.82174106E9	8.1642189E9	3.08974464E8	2.85816064E9	5.8822769E9	4.0726588E7
ensembl_transcript_id=ENST00000645319.2|ensembl_gene_id=ENSG00000133657.17|gene_name=ATP13A3|tmd_start=1140|tmd_end=1160|tmd_seq=YQWRVTMLIIVLVNAFVSITV|ss_nuc_start=3591|ss_seq=GGGAAAA|tmd-SS_gap_size=37|ensembl_uniprot_annotation=No_uniprot_annotation|blastp_uniprot_annotation=Q9H7F0|transcript_canonical_status=Canonical|TMD_dG_app=-0.23|SS_dG_fs=0.55|stem_loop_presence=Yes|fs_type=dual_-1|frame_transition=1199|terminal_stop_codon=yes		5.5398428E7	0	0	0	0	0
ensembl_transcript_id=ENST00000680220.1|ensembl_gene_id=ENSG00000174373.17|gene_name=RALGAPA1|tmd_start=1891|tmd_end=1914|tmd_seq=KRLVVSLLLCLLDWIMALPLKTLL|ss_nuc_start=5862|ss_seq=TTTTCCC|tmd-SS_gap_size=40|ensembl_uniprot_annotation=No_uniprot_annotation|blastp_uniprot_annotation=Q6GYQ0|transcript_canonical_status=Canonical|TMD_dG_app=-0.62|SS_dG_fs=1.73|stem_loop_presence=Yes|fs_type=dual_-1|frame_transition=1956|terminal_stop_codon=yes		2879318.5	9.7647584E7	0	1.32175176E8	0	0
ensembl_transcript_id=ENST00000680679.1|ensembl_gene_id=ENSG00000136699.20|gene_name=SMPD4|tmd_start=455|tmd_end=472|tmd_seq=LLMYTKLFVGFLNRALRT|ss_nuc_start=1536|ss_seq=CATCCCC|tmd-SS_gap_size=40|ensembl_uniprot_annotation=No_uniprot_annotation|blastp_uniprot_annotation=Q9NXE4|transcript_canonical_status=Alternative|TMD_dG_app=2.49|SS_dG_fs=2.41|stem_loop_presence=Yes|fs_type=dual_-1|frame_transition=514|terminal_stop_codon=yes		4.93477952E8	1.8466345E9	6.5955795E8	2.49582003E9	0	2.053984E8
ensembl_transcript_id=ENST00000680729.1|ensembl_gene_id=ENSG00000168003.19|gene_name=SLC3A2|tmd_start=152|tmd_end=176|tmd_seq=WALLLLFWLGWLGMLAGAVVIIVRA|ss_nuc_start=651|ss_seq=GAAGGGG|tmd-SS_gap_size=41|ensembl_uniprot_annotation=No_uniprot_annotation|blastp_uniprot_annotation=P08195|transcript_canonical_status=Alternative|TMD_dG_app=-3.20|SS_dG_fs=2.48|stem_loop_presence=Yes|fs_type=dual_-1|frame_transition=219|terminal_stop_codon=yes		0	0	5.1495864E7	0	0	0
ensembl_transcript_id=ENST00000714219.1|ensembl_gene_id=ENSG00000116521.12|gene_name=SCAMP3|tmd_start=100|tmd_end=124|tmd_seq=MYYLWMCSTLALLLNFLACLASFCV|ss_nuc_start=513|ss_seq=CATTTTC|tmd-SS_gap_size=47|ensembl_uniprot_annotation=No_uniprot_annotation|blastp_uniprot_annotation=O14828|transcript_canonical_status=Alternative|TMD_dG_app=-1.93|SS_dG_fs=2.79|stem_loop_presence=Yes|fs_type=dual_-1|frame_transition=173|terminal_stop_codon=yes		0	0	1.5760835E7	3.8191928E7	1.52979168E8	1219100.2
P25691		0	5.5302107E10	0	1.19934083E11	0	0
P62979	RPS27A	1.03977235E9	0	0	0	0	0
