ProteinName,PeptideSequence,Protein.Start,Protein.End,PrecursorCharge,FragmentIon,ProductCharge,IsotopeLabelType,Condition,BioReplicate,Run,Intensity
ensembl_transcript_id=ENST00000271857.6|ensembl_gene_id=ENSG00000143554.14|gene_name=SLC27A3|tmd_start=129|tmd_end=151|tmd_seq=MAALLLLPLLLLLPLLLLKLHLW|ss_nuc_start=570|ss_seq=GGGGGGC|tmd-SS_gap_size=39|ensembl_uniprot_annotation=No_uniprot_annotation|blastp_uniprot_annotation=Q5K4L6|transcript_canonical_status=Alternative|TMD_dG_app=-3.35|SS_dG_fs=0.76|stem_loop_presence=Yes|fs_type=dual_-1|frame_transition=192|terminal_stop_codon=yes,KSQLERAALGFR,95,106,3,NA,NA,L,GM12878_LysN_ETD,1,20150104_alr_CompleteHumanProteome_GM12878_ETD_LysN_fr33_sub,NA
ensembl_transcript_id=ENST00000271857.6|ensembl_gene_id=ENSG00000143554.14|gene_name=SLC27A3|tmd_start=129|tmd_end=151|tmd_seq=MAALLLLPLLLLLPLLLLKLHLW|ss_nuc_start=570|ss_seq=GGGGGGC|tmd-SS_gap_size=39|ensembl_uniprot_annotation=No_uniprot_annotation|blastp_uniprot_annotation=Q5K4L6|transcript_canonical_status=Alternative|TMD_dG_app=-3.35|SS_dG_fs=0.76|stem_loop_presence=Yes|fs_type=dual_-1|frame_transition=192|terminal_stop_codon=yes,KSQLERAALGFR,95,106,3,NA,NA,L,HUVEC_LysN_ETD,2,20160110_alr_CompleteHumanProteome_HUVEC_LysN_ETD_fr3_sub,NA
ensembl_transcript_id=ENST00000271857.6|ensembl_gene_id=ENSG00000143554.14|gene_name=SLC27A3|tmd_start=129|tmd_end=151|tmd_seq=MAALLLLPLLLLLPLLLLKLHLW|ss_nuc_start=570|ss_seq=GGGGGGC|tmd-SS_gap_size=39|ensembl_uniprot_annotation=No_uniprot_annotation|blastp_uniprot_annotation=Q5K4L6|transcript_canonical_status=Alternative|TMD_dG_app=-3.35|SS_dG_fs=0.76|stem_loop_presence=Yes|fs_type=dual_-1|frame_transition=192|terminal_stop_codon=yes,KSQLERAALGFR,95,106,3,NA,NA,L,K562_LysN_ETD,4,20160202_alr_CompleteHumanProteome_K562_LysN_ETD_fr16_sub,NA
ensembl_transcript_id=ENST00000271857.6|ensembl_gene_id=ENSG00000143554.14|gene_name=SLC27A3|tmd_start=129|tmd_end=151|tmd_seq=MAALLLLPLLLLLPLLLLKLHLW|ss_nuc_start=570|ss_seq=GGGGGGC|tmd-SS_gap_size=39|ensembl_uniprot_annotation=No_uniprot_annotation|blastp_uniprot_annotation=Q5K4L6|transcript_canonical_status=Alternative|TMD_dG_app=-3.35|SS_dG_fs=0.76|stem_loop_presence=Yes|fs_type=dual_-1|frame_transition=192|terminal_stop_codon=yes,KSQLERAALGFR,95,106,3,NA,NA,L,K562_LysN_ETD,4,20160202_alr_CompleteHumanProteome_K562_LysN_ETD_fr18_sub,NA
ensembl_transcript_id=ENST00000271857.6|ensembl_gene_id=ENSG00000143554.14|gene_name=SLC27A3|tmd_start=129|tmd_end=151|tmd_seq=MAALLLLPLLLLLPLLLLKLHLW|ss_nuc_start=570|ss_seq=GGGGGGC|tmd-SS_gap_size=39|ensembl_uniprot_annotation=No_uniprot_annotation|blastp_uniprot_annotation=Q5K4L6|transcript_canonical_status=Alternative|TMD_dG_app=-3.35|SS_dG_fs=0.76|stem_loop_presence=Yes|fs_type=dual_-1|frame_transition=192|terminal_stop_codon=yes,KSQLERAALGFR,95,106,3,NA,NA,L,K562_LysN_ETD,4,20160202_alr_CompleteHumanProteome_K562_LysN_ETD_fr19_sub,NA
ensembl_transcript_id=ENST00000271857.6|ensembl_gene_id=ENSG00000143554.14|gene_name=SLC27A3|tmd_start=129|tmd_end=151|tmd_seq=MAALLLLPLLLLLPLLLLKLHLW|ss_nuc_start=570|ss_seq=GGGGGGC|tmd-SS_gap_size=39|ensembl_uniprot_annotation=No_uniprot_annotation|blastp_uniprot_annotation=Q5K4L6|transcript_canonical_status=Alternative|TMD_dG_app=-3.35|SS_dG_fs=0.76|stem_loop_presence=Yes|fs_type=dual_-1|frame_transition=192|terminal_stop_codon=yes,KSQLERAALGFR,95,106,3,NA,NA,L,K562_LysN_ETD,4,20160202_alr_CompleteHumanProteome_K562_LysN_ETD_fr22_sub,NA
ensembl_transcript_id=ENST00000271857.6|ensembl_gene_id=ENSG00000143554.14|gene_name=SLC27A3|tmd_start=129|tmd_end=151|tmd_seq=MAALLLLPLLLLLPLLLLKLHLW|ss_nuc_start=570|ss_seq=GGGGGGC|tmd-SS_gap_size=39|ensembl_uniprot_annotation=No_uniprot_annotation|blastp_uniprot_annotation=Q5K4L6|transcript_canonical_status=Alternative|TMD_dG_app=-3.35|SS_dG_fs=0.76|stem_loop_presence=Yes|fs_type=dual_-1|frame_transition=192|terminal_stop_codon=yes,KSQLERAALGFR,95,106,3,NA,NA,L,K562_LysN_ETD,4,20160202_alr_CompleteHumanProteome_K562_LysN_ETD_fr23_sub,NA
ensembl_transcript_id=ENST00000271857.6|ensembl_gene_id=ENSG00000143554.14|gene_name=SLC27A3|tmd_start=129|tmd_end=151|tmd_seq=MAALLLLPLLLLLPLLLLKLHLW|ss_nuc_start=570|ss_seq=GGGGGGC|tmd-SS_gap_size=39|ensembl_uniprot_annotation=No_uniprot_annotation|blastp_uniprot_annotation=Q5K4L6|transcript_canonical_status=Alternative|TMD_dG_app=-3.35|SS_dG_fs=0.76|stem_loop_presence=Yes|fs_type=dual_-1|frame_transition=192|terminal_stop_codon=yes,KSQLERAALGFR,95,106,3,NA,NA,L,K562_LysN_ETD,4,20160202_alr_CompleteHumanProteome_K562_LysN_ETD_fr25_sub,NA
ensembl_transcript_id=ENST00000271857.6|ensembl_gene_id=ENSG00000143554.14|gene_name=SLC27A3|tmd_start=129|tmd_end=151|tmd_seq=MAALLLLPLLLLLPLLLLKLHLW|ss_nuc_start=570|ss_seq=GGGGGGC|tmd-SS_gap_size=39|ensembl_uniprot_annotation=No_uniprot_annotation|blastp_uniprot_annotation=Q5K4L6|transcript_canonical_status=Alternative|TMD_dG_app=-3.35|SS_dG_fs=0.76|stem_loop_presence=Yes|fs_type=dual_-1|frame_transition=192|terminal_stop_codon=yes,KSQLERAALGFR,95,106,3,NA,NA,L,K562_LysN_ETD,4,20160202_alr_CompleteHumanProteome_K562_LysN_ETD_fr26_sub,NA
ensembl_transcript_id=ENST00000271857.6|ensembl_gene_id=ENSG00000143554.14|gene_name=SLC27A3|tmd_start=129|tmd_end=151|tmd_seq=MAALLLLPLLLLLPLLLLKLHLW|ss_nuc_start=570|ss_seq=GGGGGGC|tmd-SS_gap_size=39|ensembl_uniprot_annotation=No_uniprot_annotation|blastp_uniprot_annotation=Q5K4L6|transcript_canonical_status=Alternative|TMD_dG_app=-3.35|SS_dG_fs=0.76|stem_loop_presence=Yes|fs_type=dual_-1|frame_transition=192|terminal_stop_codon=yes,KSQLERAALGFR,95,106,3,NA,NA,L,hESC_LysN_ETD,5,ETD_hES_LysN_12_sub,NA
ensembl_transcript_id=ENST00000271857.6|ensembl_gene_id=ENSG00000143554.14|gene_name=SLC27A3|tmd_start=129|tmd_end=151|tmd_seq=MAALLLLPLLLLLPLLLLKLHLW|ss_nuc_start=570|ss_seq=GGGGGGC|tmd-SS_gap_size=39|ensembl_uniprot_annotation=No_uniprot_annotation|blastp_uniprot_annotation=Q5K4L6|transcript_canonical_status=Alternative|TMD_dG_app=-3.35|SS_dG_fs=0.76|stem_loop_presence=Yes|fs_type=dual_-1|frame_transition=192|terminal_stop_codon=yes,KSQLERAALGFR,95,106,3,NA,NA,L,hESC_LysN_ETD,5,ETD_hES_LysN_15_sub,NA
ensembl_transcript_id=ENST00000271857.6|ensembl_gene_id=ENSG00000143554.14|gene_name=SLC27A3|tmd_start=129|tmd_end=151|tmd_seq=MAALLLLPLLLLLPLLLLKLHLW|ss_nuc_start=570|ss_seq=GGGGGGC|tmd-SS_gap_size=39|ensembl_uniprot_annotation=No_uniprot_annotation|blastp_uniprot_annotation=Q5K4L6|transcript_canonical_status=Alternative|TMD_dG_app=-3.35|SS_dG_fs=0.76|stem_loop_presence=Yes|fs_type=dual_-1|frame_transition=192|terminal_stop_codon=yes,KSQLERAALGFR,95,106,3,NA,NA,L,hESC_LysN_ETD,5,ETD_hES_LysN_8_sub,4936081.5
ensembl_transcript_id=ENST00000271857.6|ensembl_gene_id=ENSG00000143554.14|gene_name=SLC27A3|tmd_start=129|tmd_end=151|tmd_seq=MAALLLLPLLLLLPLLLLKLHLW|ss_nuc_start=570|ss_seq=GGGGGGC|tmd-SS_gap_size=39|ensembl_uniprot_annotation=No_uniprot_annotation|blastp_uniprot_annotation=Q5K4L6|transcript_canonical_status=Alternative|TMD_dG_app=-3.35|SS_dG_fs=0.76|stem_loop_presence=Yes|fs_type=dual_-1|frame_transition=192|terminal_stop_codon=yes,KSQLERAALGFR,95,106,3,NA,NA,L,hESC_LysN_ETD,5,ETD_hES_LysN_9_sub,NA
ensembl_transcript_id=ENST00000300289.10|ensembl_gene_id=ENSG00000167004.14|gene_name=PDIA3|tmd_start=1|tmd_end=24|tmd_seq=MRLRRLALFPGVALLLAAARLAAA|ss_nuc_start=234|ss_seq=CCCATTA|tmd-SS_gap_size=54|ensembl_uniprot_annotation=P30101|blastp_uniprot_annotation=P30101|transcript_canonical_status=Canonical|TMD_dG_app=-1.76|SS_dG_fs=2.37|stem_loop_presence=Yes|fs_type=dual_-1|frame_transition=80|terminal_stop_codon=yes,KRLAPEYEAAATRLKGIVPLS,61,81,4,NA,NA,L,GM12878_LysN_ETD,1,20150104_alr_CompleteHumanProteome_GM12878_ETD_LysN_fr33_sub,NA
ensembl_transcript_id=ENST00000300289.10|ensembl_gene_id=ENSG00000167004.14|gene_name=PDIA3|tmd_start=1|tmd_end=24|tmd_seq=MRLRRLALFPGVALLLAAARLAAA|ss_nuc_start=234|ss_seq=CCCATTA|tmd-SS_gap_size=54|ensembl_uniprot_annotation=P30101|blastp_uniprot_annotation=P30101|transcript_canonical_status=Canonical|TMD_dG_app=-1.76|SS_dG_fs=2.37|stem_loop_presence=Yes|fs_type=dual_-1|frame_transition=80|terminal_stop_codon=yes,KRLAPEYEAAATRLKGIVPLS,61,81,4,NA,NA,L,HUVEC_LysN_ETD,2,20160110_alr_CompleteHumanProteome_HUVEC_LysN_ETD_fr3_sub,8.115728E8
ensembl_transcript_id=ENST00000300289.10|ensembl_gene_id=ENSG00000167004.14|gene_name=PDIA3|tmd_start=1|tmd_end=24|tmd_seq=MRLRRLALFPGVALLLAAARLAAA|ss_nuc_start=234|ss_seq=CCCATTA|tmd-SS_gap_size=54|ensembl_uniprot_annotation=P30101|blastp_uniprot_annotation=P30101|transcript_canonical_status=Canonical|TMD_dG_app=-1.76|SS_dG_fs=2.37|stem_loop_presence=Yes|fs_type=dual_-1|frame_transition=80|terminal_stop_codon=yes,KRLAPEYEAAATRLKGIVPLS,61,81,4,NA,NA,L,K562_LysN_ETD,4,20160202_alr_CompleteHumanProteome_K562_LysN_ETD_fr16_sub,NA
ensembl_transcript_id=ENST00000300289.10|ensembl_gene_id=ENSG00000167004.14|gene_name=PDIA3|tmd_start=1|tmd_end=24|tmd_seq=MRLRRLALFPGVALLLAAARLAAA|ss_nuc_start=234|ss_seq=CCCATTA|tmd-SS_gap_size=54|ensembl_uniprot_annotation=P30101|blastp_uniprot_annotation=P30101|transcript_canonical_status=Canonical|TMD_dG_app=-1.76|SS_dG_fs=2.37|stem_loop_presence=Yes|fs_type=dual_-1|frame_transition=80|terminal_stop_codon=yes,KRLAPEYEAAATRLKGIVPLS,61,81,4,NA,NA,L,K562_LysN_ETD,4,20160202_alr_CompleteHumanProteome_K562_LysN_ETD_fr18_sub,NA
ensembl_transcript_id=ENST00000300289.10|ensembl_gene_id=ENSG00000167004.14|gene_name=PDIA3|tmd_start=1|tmd_end=24|tmd_seq=MRLRRLALFPGVALLLAAARLAAA|ss_nuc_start=234|ss_seq=CCCATTA|tmd-SS_gap_size=54|ensembl_uniprot_annotation=P30101|blastp_uniprot_annotation=P30101|transcript_canonical_status=Canonical|TMD_dG_app=-1.76|SS_dG_fs=2.37|stem_loop_presence=Yes|fs_type=dual_-1|frame_transition=80|terminal_stop_codon=yes,KRLAPEYEAAATRLKGIVPLS,61,81,4,NA,NA,L,K562_LysN_ETD,4,20160202_alr_CompleteHumanProteome_K562_LysN_ETD_fr19_sub,NA
ensembl_transcript_id=ENST00000300289.10|ensembl_gene_id=ENSG00000167004.14|gene_name=PDIA3|tmd_start=1|tmd_end=24|tmd_seq=MRLRRLALFPGVALLLAAARLAAA|ss_nuc_start=234|ss_seq=CCCATTA|tmd-SS_gap_size=54|ensembl_uniprot_annotation=P30101|blastp_uniprot_annotation=P30101|transcript_canonical_status=Canonical|TMD_dG_app=-1.76|SS_dG_fs=2.37|stem_loop_presence=Yes|fs_type=dual_-1|frame_transition=80|terminal_stop_codon=yes,KRLAPEYEAAATRLKGIVPLS,61,81,4,NA,NA,L,K562_LysN_ETD,4,20160202_alr_CompleteHumanProteome_K562_LysN_ETD_fr22_sub,NA
ensembl_transcript_id=ENST00000300289.10|ensembl_gene_id=ENSG00000167004.14|gene_name=PDIA3|tmd_start=1|tmd_end=24|tmd_seq=MRLRRLALFPGVALLLAAARLAAA|ss_nuc_start=234|ss_seq=CCCATTA|tmd-SS_gap_size=54|ensembl_uniprot_annotation=P30101|blastp_uniprot_annotation=P30101|transcript_canonical_status=Canonical|TMD_dG_app=-1.76|SS_dG_fs=2.37|stem_loop_presence=Yes|fs_type=dual_-1|frame_transition=80|terminal_stop_codon=yes,KRLAPEYEAAATRLKGIVPLS,61,81,4,NA,NA,L,K562_LysN_ETD,4,20160202_alr_CompleteHumanProteome_K562_LysN_ETD_fr23_sub,NA
ensembl_transcript_id=ENST00000300289.10|ensembl_gene_id=ENSG00000167004.14|gene_name=PDIA3|tmd_start=1|tmd_end=24|tmd_seq=MRLRRLALFPGVALLLAAARLAAA|ss_nuc_start=234|ss_seq=CCCATTA|tmd-SS_gap_size=54|ensembl_uniprot_annotation=P30101|blastp_uniprot_annotation=P30101|transcript_canonical_status=Canonical|TMD_dG_app=-1.76|SS_dG_fs=2.37|stem_loop_presence=Yes|fs_type=dual_-1|frame_transition=80|terminal_stop_codon=yes,KRLAPEYEAAATRLKGIVPLS,61,81,4,NA,NA,L,K562_LysN_ETD,4,20160202_alr_CompleteHumanProteome_K562_LysN_ETD_fr25_sub,NA
ensembl_transcript_id=ENST00000300289.10|ensembl_gene_id=ENSG00000167004.14|gene_name=PDIA3|tmd_start=1|tmd_end=24|tmd_seq=MRLRRLALFPGVALLLAAARLAAA|ss_nuc_start=234|ss_seq=CCCATTA|tmd-SS_gap_size=54|ensembl_uniprot_annotation=P30101|blastp_uniprot_annotation=P30101|transcript_canonical_status=Canonical|TMD_dG_app=-1.76|SS_dG_fs=2.37|stem_loop_presence=Yes|fs_type=dual_-1|frame_transition=80|terminal_stop_codon=yes,KRLAPEYEAAATRLKGIVPLS,61,81,4,NA,NA,L,K562_LysN_ETD,4,20160202_alr_CompleteHumanProteome_K562_LysN_ETD_fr26_sub,7.0910216E7
ensembl_transcript_id=ENST00000300289.10|ensembl_gene_id=ENSG00000167004.14|gene_name=PDIA3|tmd_start=1|tmd_end=24|tmd_seq=MRLRRLALFPGVALLLAAARLAAA|ss_nuc_start=234|ss_seq=CCCATTA|tmd-SS_gap_size=54|ensembl_uniprot_annotation=P30101|blastp_uniprot_annotation=P30101|transcript_canonical_status=Canonical|TMD_dG_app=-1.76|SS_dG_fs=2.37|stem_loop_presence=Yes|fs_type=dual_-1|frame_transition=80|terminal_stop_codon=yes,KRLAPEYEAAATRLKGIVPLS,61,81,4,NA,NA,L,hESC_LysN_ETD,5,ETD_hES_LysN_12_sub,NA
ensembl_transcript_id=ENST00000300289.10|ensembl_gene_id=ENSG00000167004.14|gene_name=PDIA3|tmd_start=1|tmd_end=24|tmd_seq=MRLRRLALFPGVALLLAAARLAAA|ss_nuc_start=234|ss_seq=CCCATTA|tmd-SS_gap_size=54|ensembl_uniprot_annotation=P30101|blastp_uniprot_annotation=P30101|transcript_canonical_status=Canonical|TMD_dG_app=-1.76|SS_dG_fs=2.37|stem_loop_presence=Yes|fs_type=dual_-1|frame_transition=80|terminal_stop_codon=yes,KRLAPEYEAAATRLKGIVPLS,61,81,4,NA,NA,L,hESC_LysN_ETD,5,ETD_hES_LysN_15_sub,2.0232326E7
ensembl_transcript_id=ENST00000300289.10|ensembl_gene_id=ENSG00000167004.14|gene_name=PDIA3|tmd_start=1|tmd_end=24|tmd_seq=MRLRRLALFPGVALLLAAARLAAA|ss_nuc_start=234|ss_seq=CCCATTA|tmd-SS_gap_size=54|ensembl_uniprot_annotation=P30101|blastp_uniprot_annotation=P30101|transcript_canonical_status=Canonical|TMD_dG_app=-1.76|SS_dG_fs=2.37|stem_loop_presence=Yes|fs_type=dual_-1|frame_transition=80|terminal_stop_codon=yes,KRLAPEYEAAATRLKGIVPLS,61,81,4,NA,NA,L,hESC_LysN_ETD,5,ETD_hES_LysN_8_sub,NA
ensembl_transcript_id=ENST00000300289.10|ensembl_gene_id=ENSG00000167004.14|gene_name=PDIA3|tmd_start=1|tmd_end=24|tmd_seq=MRLRRLALFPGVALLLAAARLAAA|ss_nuc_start=234|ss_seq=CCCATTA|tmd-SS_gap_size=54|ensembl_uniprot_annotation=P30101|blastp_uniprot_annotation=P30101|transcript_canonical_status=Canonical|TMD_dG_app=-1.76|SS_dG_fs=2.37|stem_loop_presence=Yes|fs_type=dual_-1|frame_transition=80|terminal_stop_codon=yes,KRLAPEYEAAATRLKGIVPLS,61,81,4,NA,NA,L,hESC_LysN_ETD,5,ETD_hES_LysN_9_sub,NA
ensembl_transcript_id=ENST00000341049.7|ensembl_gene_id=ENSG00000105974.13|gene_name=CAV1|tmd_start=98|tmd_end=122|tmd_seq=WFYRLLSALFGIPMALIWGIYFAIL|ss_nuc_start=525|ss_seq=GAAAGAA|tmd-SS_gap_size=53|ensembl_uniprot_annotation=Q03135|blastp_uniprot_annotation=Q03135|transcript_canonical_status=Canonical|TMD_dG_app=-2.93|SS_dG_fs=2.84|stem_loop_presence=No|fs_type=hungry_-2|frame_transition=176|terminal_stop_codon=no,KIFSNVRINLQK,165,176,3,NA,NA,L,GM12878_LysN_ETD,1,20150104_alr_CompleteHumanProteome_GM12878_ETD_LysN_fr33_sub,NA
ensembl_transcript_id=ENST00000341049.7|ensembl_gene_id=ENSG00000105974.13|gene_name=CAV1|tmd_start=98|tmd_end=122|tmd_seq=WFYRLLSALFGIPMALIWGIYFAIL|ss_nuc_start=525|ss_seq=GAAAGAA|tmd-SS_gap_size=53|ensembl_uniprot_annotation=Q03135|blastp_uniprot_annotation=Q03135|transcript_canonical_status=Canonical|TMD_dG_app=-2.93|SS_dG_fs=2.84|stem_loop_presence=No|fs_type=hungry_-2|frame_transition=176|terminal_stop_codon=no,KIFSNVRINLQK,165,176,3,NA,NA,L,HUVEC_LysN_ETD,2,20160110_alr_CompleteHumanProteome_HUVEC_LysN_ETD_fr3_sub,1.0168919E7
ensembl_transcript_id=ENST00000341049.7|ensembl_gene_id=ENSG00000105974.13|gene_name=CAV1|tmd_start=98|tmd_end=122|tmd_seq=WFYRLLSALFGIPMALIWGIYFAIL|ss_nuc_start=525|ss_seq=GAAAGAA|tmd-SS_gap_size=53|ensembl_uniprot_annotation=Q03135|blastp_uniprot_annotation=Q03135|transcript_canonical_status=Canonical|TMD_dG_app=-2.93|SS_dG_fs=2.84|stem_loop_presence=No|fs_type=hungry_-2|frame_transition=176|terminal_stop_codon=no,KIFSNVRINLQK,165,176,3,NA,NA,L,K562_LysN_ETD,4,20160202_alr_CompleteHumanProteome_K562_LysN_ETD_fr16_sub,NA
ensembl_transcript_id=ENST00000341049.7|ensembl_gene_id=ENSG00000105974.13|gene_name=CAV1|tmd_start=98|tmd_end=122|tmd_seq=WFYRLLSALFGIPMALIWGIYFAIL|ss_nuc_start=525|ss_seq=GAAAGAA|tmd-SS_gap_size=53|ensembl_uniprot_annotation=Q03135|blastp_uniprot_annotation=Q03135|transcript_canonical_status=Canonical|TMD_dG_app=-2.93|SS_dG_fs=2.84|stem_loop_presence=No|fs_type=hungry_-2|frame_transition=176|terminal_stop_codon=no,KIFSNVRINLQK,165,176,3,NA,NA,L,K562_LysN_ETD,4,20160202_alr_CompleteHumanProteome_K562_LysN_ETD_fr18_sub,NA
ensembl_transcript_id=ENST00000341049.7|ensembl_gene_id=ENSG00000105974.13|gene_name=CAV1|tmd_start=98|tmd_end=122|tmd_seq=WFYRLLSALFGIPMALIWGIYFAIL|ss_nuc_start=525|ss_seq=GAAAGAA|tmd-SS_gap_size=53|ensembl_uniprot_annotation=Q03135|blastp_uniprot_annotation=Q03135|transcript_canonical_status=Canonical|TMD_dG_app=-2.93|SS_dG_fs=2.84|stem_loop_presence=No|fs_type=hungry_-2|frame_transition=176|terminal_stop_codon=no,KIFSNVRINLQK,165,176,3,NA,NA,L,K562_LysN_ETD,4,20160202_alr_CompleteHumanProteome_K562_LysN_ETD_fr19_sub,NA
ensembl_transcript_id=ENST00000341049.7|ensembl_gene_id=ENSG00000105974.13|gene_name=CAV1|tmd_start=98|tmd_end=122|tmd_seq=WFYRLLSALFGIPMALIWGIYFAIL|ss_nuc_start=525|ss_seq=GAAAGAA|tmd-SS_gap_size=53|ensembl_uniprot_annotation=Q03135|blastp_uniprot_annotation=Q03135|transcript_canonical_status=Canonical|TMD_dG_app=-2.93|SS_dG_fs=2.84|stem_loop_presence=No|fs_type=hungry_-2|frame_transition=176|terminal_stop_codon=no,KIFSNVRINLQK,165,176,3,NA,NA,L,K562_LysN_ETD,4,20160202_alr_CompleteHumanProteome_K562_LysN_ETD_fr22_sub,NA
ensembl_transcript_id=ENST00000341049.7|ensembl_gene_id=ENSG00000105974.13|gene_name=CAV1|tmd_start=98|tmd_end=122|tmd_seq=WFYRLLSALFGIPMALIWGIYFAIL|ss_nuc_start=525|ss_seq=GAAAGAA|tmd-SS_gap_size=53|ensembl_uniprot_annotation=Q03135|blastp_uniprot_annotation=Q03135|transcript_canonical_status=Canonical|TMD_dG_app=-2.93|SS_dG_fs=2.84|stem_loop_presence=No|fs_type=hungry_-2|frame_transition=176|terminal_stop_codon=no,KIFSNVRINLQK,165,176,3,NA,NA,L,K562_LysN_ETD,4,20160202_alr_CompleteHumanProteome_K562_LysN_ETD_fr23_sub,NA
ensembl_transcript_id=ENST00000341049.7|ensembl_gene_id=ENSG00000105974.13|gene_name=CAV1|tmd_start=98|tmd_end=122|tmd_seq=WFYRLLSALFGIPMALIWGIYFAIL|ss_nuc_start=525|ss_seq=GAAAGAA|tmd-SS_gap_size=53|ensembl_uniprot_annotation=Q03135|blastp_uniprot_annotation=Q03135|transcript_canonical_status=Canonical|TMD_dG_app=-2.93|SS_dG_fs=2.84|stem_loop_presence=No|fs_type=hungry_-2|frame_transition=176|terminal_stop_codon=no,KIFSNVRINLQK,165,176,3,NA,NA,L,K562_LysN_ETD,4,20160202_alr_CompleteHumanProteome_K562_LysN_ETD_fr25_sub,NA
ensembl_transcript_id=ENST00000341049.7|ensembl_gene_id=ENSG00000105974.13|gene_name=CAV1|tmd_start=98|tmd_end=122|tmd_seq=WFYRLLSALFGIPMALIWGIYFAIL|ss_nuc_start=525|ss_seq=GAAAGAA|tmd-SS_gap_size=53|ensembl_uniprot_annotation=Q03135|blastp_uniprot_annotation=Q03135|transcript_canonical_status=Canonical|TMD_dG_app=-2.93|SS_dG_fs=2.84|stem_loop_presence=No|fs_type=hungry_-2|frame_transition=176|terminal_stop_codon=no,KIFSNVRINLQK,165,176,3,NA,NA,L,K562_LysN_ETD,4,20160202_alr_CompleteHumanProteome_K562_LysN_ETD_fr26_sub,NA
ensembl_transcript_id=ENST00000341049.7|ensembl_gene_id=ENSG00000105974.13|gene_name=CAV1|tmd_start=98|tmd_end=122|tmd_seq=WFYRLLSALFGIPMALIWGIYFAIL|ss_nuc_start=525|ss_seq=GAAAGAA|tmd-SS_gap_size=53|ensembl_uniprot_annotation=Q03135|blastp_uniprot_annotation=Q03135|transcript_canonical_status=Canonical|TMD_dG_app=-2.93|SS_dG_fs=2.84|stem_loop_presence=No|fs_type=hungry_-2|frame_transition=176|terminal_stop_codon=no,KIFSNVRINLQK,165,176,3,NA,NA,L,hESC_LysN_ETD,5,ETD_hES_LysN_12_sub,NA
ensembl_transcript_id=ENST00000341049.7|ensembl_gene_id=ENSG00000105974.13|gene_name=CAV1|tmd_start=98|tmd_end=122|tmd_seq=WFYRLLSALFGIPMALIWGIYFAIL|ss_nuc_start=525|ss_seq=GAAAGAA|tmd-SS_gap_size=53|ensembl_uniprot_annotation=Q03135|blastp_uniprot_annotation=Q03135|transcript_canonical_status=Canonical|TMD_dG_app=-2.93|SS_dG_fs=2.84|stem_loop_presence=No|fs_type=hungry_-2|frame_transition=176|terminal_stop_codon=no,KIFSNVRINLQK,165,176,3,NA,NA,L,hESC_LysN_ETD,5,ETD_hES_LysN_15_sub,NA
ensembl_transcript_id=ENST00000341049.7|ensembl_gene_id=ENSG00000105974.13|gene_name=CAV1|tmd_start=98|tmd_end=122|tmd_seq=WFYRLLSALFGIPMALIWGIYFAIL|ss_nuc_start=525|ss_seq=GAAAGAA|tmd-SS_gap_size=53|ensembl_uniprot_annotation=Q03135|blastp_uniprot_annotation=Q03135|transcript_canonical_status=Canonical|TMD_dG_app=-2.93|SS_dG_fs=2.84|stem_loop_presence=No|fs_type=hungry_-2|frame_transition=176|terminal_stop_codon=no,KIFSNVRINLQK,165,176,3,NA,NA,L,hESC_LysN_ETD,5,ETD_hES_LysN_8_sub,NA
ensembl_transcript_id=ENST00000341049.7|ensembl_gene_id=ENSG00000105974.13|gene_name=CAV1|tmd_start=98|tmd_end=122|tmd_seq=WFYRLLSALFGIPMALIWGIYFAIL|ss_nuc_start=525|ss_seq=GAAAGAA|tmd-SS_gap_size=53|ensembl_uniprot_annotation=Q03135|blastp_uniprot_annotation=Q03135|transcript_canonical_status=Canonical|TMD_dG_app=-2.93|SS_dG_fs=2.84|stem_loop_presence=No|fs_type=hungry_-2|frame_transition=176|terminal_stop_codon=no,KIFSNVRINLQK,165,176,3,NA,NA,L,hESC_LysN_ETD,5,ETD_hES_LysN_9_sub,NA
ensembl_transcript_id=ENST00000409051.6|ensembl_gene_id=ENSG00000132305.22|gene_name=IMMT|tmd_start=46|tmd_end=67|tmd_seq=IAGAGLLFVGGGIGGTILYAKW|ss_nuc_start=354|ss_seq=GAAAGAA|tmd-SS_gap_size=51|ensembl_uniprot_annotation=No_uniprot_annotation|blastp_uniprot_annotation=Q16891|transcript_canonical_status=Alternative|TMD_dG_app=0.37|SS_dG_fs=2.84|stem_loop_presence=Yes|fs_type=hungry_-2|frame_transition=119|terminal_stop_codon=yes,KSIQSGPLKISSVSEVMK,102,119,3,NA,NA,L,GM12878_LysN_ETD,1,20150104_alr_CompleteHumanProteome_GM12878_ETD_LysN_fr33_sub,NA
ensembl_transcript_id=ENST00000409051.6|ensembl_gene_id=ENSG00000132305.22|gene_name=IMMT|tmd_start=46|tmd_end=67|tmd_seq=IAGAGLLFVGGGIGGTILYAKW|ss_nuc_start=354|ss_seq=GAAAGAA|tmd-SS_gap_size=51|ensembl_uniprot_annotation=No_uniprot_annotation|blastp_uniprot_annotation=Q16891|transcript_canonical_status=Alternative|TMD_dG_app=0.37|SS_dG_fs=2.84|stem_loop_presence=Yes|fs_type=hungry_-2|frame_transition=119|terminal_stop_codon=yes,KSIQSGPLKISSVSEVMK,102,119,3,NA,NA,L,HUVEC_LysN_ETD,2,20160110_alr_CompleteHumanProteome_HUVEC_LysN_ETD_fr3_sub,NA
ensembl_transcript_id=ENST00000409051.6|ensembl_gene_id=ENSG00000132305.22|gene_name=IMMT|tmd_start=46|tmd_end=67|tmd_seq=IAGAGLLFVGGGIGGTILYAKW|ss_nuc_start=354|ss_seq=GAAAGAA|tmd-SS_gap_size=51|ensembl_uniprot_annotation=No_uniprot_annotation|blastp_uniprot_annotation=Q16891|transcript_canonical_status=Alternative|TMD_dG_app=0.37|SS_dG_fs=2.84|stem_loop_presence=Yes|fs_type=hungry_-2|frame_transition=119|terminal_stop_codon=yes,KSIQSGPLKISSVSEVMK,102,119,3,NA,NA,L,K562_LysN_ETD,4,20160202_alr_CompleteHumanProteome_K562_LysN_ETD_fr16_sub,NA
ensembl_transcript_id=ENST00000409051.6|ensembl_gene_id=ENSG00000132305.22|gene_name=IMMT|tmd_start=46|tmd_end=67|tmd_seq=IAGAGLLFVGGGIGGTILYAKW|ss_nuc_start=354|ss_seq=GAAAGAA|tmd-SS_gap_size=51|ensembl_uniprot_annotation=No_uniprot_annotation|blastp_uniprot_annotation=Q16891|transcript_canonical_status=Alternative|TMD_dG_app=0.37|SS_dG_fs=2.84|stem_loop_presence=Yes|fs_type=hungry_-2|frame_transition=119|terminal_stop_codon=yes,KSIQSGPLKISSVSEVMK,102,119,3,NA,NA,L,K562_LysN_ETD,4,20160202_alr_CompleteHumanProteome_K562_LysN_ETD_fr18_sub,NA
ensembl_transcript_id=ENST00000409051.6|ensembl_gene_id=ENSG00000132305.22|gene_name=IMMT|tmd_start=46|tmd_end=67|tmd_seq=IAGAGLLFVGGGIGGTILYAKW|ss_nuc_start=354|ss_seq=GAAAGAA|tmd-SS_gap_size=51|ensembl_uniprot_annotation=No_uniprot_annotation|blastp_uniprot_annotation=Q16891|transcript_canonical_status=Alternative|TMD_dG_app=0.37|SS_dG_fs=2.84|stem_loop_presence=Yes|fs_type=hungry_-2|frame_transition=119|terminal_stop_codon=yes,KSIQSGPLKISSVSEVMK,102,119,3,NA,NA,L,K562_LysN_ETD,4,20160202_alr_CompleteHumanProteome_K562_LysN_ETD_fr19_sub,NA
ensembl_transcript_id=ENST00000409051.6|ensembl_gene_id=ENSG00000132305.22|gene_name=IMMT|tmd_start=46|tmd_end=67|tmd_seq=IAGAGLLFVGGGIGGTILYAKW|ss_nuc_start=354|ss_seq=GAAAGAA|tmd-SS_gap_size=51|ensembl_uniprot_annotation=No_uniprot_annotation|blastp_uniprot_annotation=Q16891|transcript_canonical_status=Alternative|TMD_dG_app=0.37|SS_dG_fs=2.84|stem_loop_presence=Yes|fs_type=hungry_-2|frame_transition=119|terminal_stop_codon=yes,KSIQSGPLKISSVSEVMK,102,119,3,NA,NA,L,K562_LysN_ETD,4,20160202_alr_CompleteHumanProteome_K562_LysN_ETD_fr22_sub,2.18584224E8
ensembl_transcript_id=ENST00000409051.6|ensembl_gene_id=ENSG00000132305.22|gene_name=IMMT|tmd_start=46|tmd_end=67|tmd_seq=IAGAGLLFVGGGIGGTILYAKW|ss_nuc_start=354|ss_seq=GAAAGAA|tmd-SS_gap_size=51|ensembl_uniprot_annotation=No_uniprot_annotation|blastp_uniprot_annotation=Q16891|transcript_canonical_status=Alternative|TMD_dG_app=0.37|SS_dG_fs=2.84|stem_loop_presence=Yes|fs_type=hungry_-2|frame_transition=119|terminal_stop_codon=yes,KSIQSGPLKISSVSEVMK,102,119,3,NA,NA,L,K562_LysN_ETD,4,20160202_alr_CompleteHumanProteome_K562_LysN_ETD_fr23_sub,NA
ensembl_transcript_id=ENST00000409051.6|ensembl_gene_id=ENSG00000132305.22|gene_name=IMMT|tmd_start=46|tmd_end=67|tmd_seq=IAGAGLLFVGGGIGGTILYAKW|ss_nuc_start=354|ss_seq=GAAAGAA|tmd-SS_gap_size=51|ensembl_uniprot_annotation=No_uniprot_annotation|blastp_uniprot_annotation=Q16891|transcript_canonical_status=Alternative|TMD_dG_app=0.37|SS_dG_fs=2.84|stem_loop_presence=Yes|fs_type=hungry_-2|frame_transition=119|terminal_stop_codon=yes,KSIQSGPLKISSVSEVMK,102,119,3,NA,NA,L,K562_LysN_ETD,4,20160202_alr_CompleteHumanProteome_K562_LysN_ETD_fr25_sub,NA
ensembl_transcript_id=ENST00000409051.6|ensembl_gene_id=ENSG00000132305.22|gene_name=IMMT|tmd_start=46|tmd_end=67|tmd_seq=IAGAGLLFVGGGIGGTILYAKW|ss_nuc_start=354|ss_seq=GAAAGAA|tmd-SS_gap_size=51|ensembl_uniprot_annotation=No_uniprot_annotation|blastp_uniprot_annotation=Q16891|transcript_canonical_status=Alternative|TMD_dG_app=0.37|SS_dG_fs=2.84|stem_loop_presence=Yes|fs_type=hungry_-2|frame_transition=119|terminal_stop_codon=yes,KSIQSGPLKISSVSEVMK,102,119,3,NA,NA,L,K562_LysN_ETD,4,20160202_alr_CompleteHumanProteome_K562_LysN_ETD_fr26_sub,NA
ensembl_transcript_id=ENST00000409051.6|ensembl_gene_id=ENSG00000132305.22|gene_name=IMMT|tmd_start=46|tmd_end=67|tmd_seq=IAGAGLLFVGGGIGGTILYAKW|ss_nuc_start=354|ss_seq=GAAAGAA|tmd-SS_gap_size=51|ensembl_uniprot_annotation=No_uniprot_annotation|blastp_uniprot_annotation=Q16891|transcript_canonical_status=Alternative|TMD_dG_app=0.37|SS_dG_fs=2.84|stem_loop_presence=Yes|fs_type=hungry_-2|frame_transition=119|terminal_stop_codon=yes,KSIQSGPLKISSVSEVMK,102,119,3,NA,NA,L,hESC_LysN_ETD,5,ETD_hES_LysN_12_sub,NA
ensembl_transcript_id=ENST00000409051.6|ensembl_gene_id=ENSG00000132305.22|gene_name=IMMT|tmd_start=46|tmd_end=67|tmd_seq=IAGAGLLFVGGGIGGTILYAKW|ss_nuc_start=354|ss_seq=GAAAGAA|tmd-SS_gap_size=51|ensembl_uniprot_annotation=No_uniprot_annotation|blastp_uniprot_annotation=Q16891|transcript_canonical_status=Alternative|TMD_dG_app=0.37|SS_dG_fs=2.84|stem_loop_presence=Yes|fs_type=hungry_-2|frame_transition=119|terminal_stop_codon=yes,KSIQSGPLKISSVSEVMK,102,119,3,NA,NA,L,hESC_LysN_ETD,5,ETD_hES_LysN_15_sub,NA
ensembl_transcript_id=ENST00000409051.6|ensembl_gene_id=ENSG00000132305.22|gene_name=IMMT|tmd_start=46|tmd_end=67|tmd_seq=IAGAGLLFVGGGIGGTILYAKW|ss_nuc_start=354|ss_seq=GAAAGAA|tmd-SS_gap_size=51|ensembl_uniprot_annotation=No_uniprot_annotation|blastp_uniprot_annotation=Q16891|transcript_canonical_status=Alternative|TMD_dG_app=0.37|SS_dG_fs=2.84|stem_loop_presence=Yes|fs_type=hungry_-2|frame_transition=119|terminal_stop_codon=yes,KSIQSGPLKISSVSEVMK,102,119,3,NA,NA,L,hESC_LysN_ETD,5,ETD_hES_LysN_8_sub,NA
ensembl_transcript_id=ENST00000409051.6|ensembl_gene_id=ENSG00000132305.22|gene_name=IMMT|tmd_start=46|tmd_end=67|tmd_seq=IAGAGLLFVGGGIGGTILYAKW|ss_nuc_start=354|ss_seq=GAAAGAA|tmd-SS_gap_size=51|ensembl_uniprot_annotation=No_uniprot_annotation|blastp_uniprot_annotation=Q16891|transcript_canonical_status=Alternative|TMD_dG_app=0.37|SS_dG_fs=2.84|stem_loop_presence=Yes|fs_type=hungry_-2|frame_transition=119|terminal_stop_codon=yes,KSIQSGPLKISSVSEVMK,102,119,3,NA,NA,L,hESC_LysN_ETD,5,ETD_hES_LysN_9_sub,6.5308832E7
ensembl_transcript_id=ENST00000409051.6|ensembl_gene_id=ENSG00000132305.22|gene_name=IMMT|tmd_start=46|tmd_end=67|tmd_seq=IAGAGLLFVGGGIGGTILYAKW|ss_nuc_start=354|ss_seq=GAAAGAA|tmd-SS_gap_size=51|ensembl_uniprot_annotation=No_uniprot_annotation|blastp_uniprot_annotation=Q16891|transcript_canonical_status=Alternative|TMD_dG_app=0.37|SS_dG_fs=2.84|stem_loop_presence=Yes|fs_type=hungry_-2|frame_transition=119|terminal_stop_codon=yes,KSIQSGPLKISSVSEVM[15.9949]K,102,119,3,NA,NA,L,GM12878_LysN_ETD,1,20150104_alr_CompleteHumanProteome_GM12878_ETD_LysN_fr33_sub,NA
ensembl_transcript_id=ENST00000409051.6|ensembl_gene_id=ENSG00000132305.22|gene_name=IMMT|tmd_start=46|tmd_end=67|tmd_seq=IAGAGLLFVGGGIGGTILYAKW|ss_nuc_start=354|ss_seq=GAAAGAA|tmd-SS_gap_size=51|ensembl_uniprot_annotation=No_uniprot_annotation|blastp_uniprot_annotation=Q16891|transcript_canonical_status=Alternative|TMD_dG_app=0.37|SS_dG_fs=2.84|stem_loop_presence=Yes|fs_type=hungry_-2|frame_transition=119|terminal_stop_codon=yes,KSIQSGPLKISSVSEVM[15.9949]K,102,119,3,NA,NA,L,HUVEC_LysN_ETD,2,20160110_alr_CompleteHumanProteome_HUVEC_LysN_ETD_fr3_sub,NA
ensembl_transcript_id=ENST00000409051.6|ensembl_gene_id=ENSG00000132305.22|gene_name=IMMT|tmd_start=46|tmd_end=67|tmd_seq=IAGAGLLFVGGGIGGTILYAKW|ss_nuc_start=354|ss_seq=GAAAGAA|tmd-SS_gap_size=51|ensembl_uniprot_annotation=No_uniprot_annotation|blastp_uniprot_annotation=Q16891|transcript_canonical_status=Alternative|TMD_dG_app=0.37|SS_dG_fs=2.84|stem_loop_presence=Yes|fs_type=hungry_-2|frame_transition=119|terminal_stop_codon=yes,KSIQSGPLKISSVSEVM[15.9949]K,102,119,3,NA,NA,L,K562_LysN_ETD,4,20160202_alr_CompleteHumanProteome_K562_LysN_ETD_fr16_sub,NA
ensembl_transcript_id=ENST00000409051.6|ensembl_gene_id=ENSG00000132305.22|gene_name=IMMT|tmd_start=46|tmd_end=67|tmd_seq=IAGAGLLFVGGGIGGTILYAKW|ss_nuc_start=354|ss_seq=GAAAGAA|tmd-SS_gap_size=51|ensembl_uniprot_annotation=No_uniprot_annotation|blastp_uniprot_annotation=Q16891|transcript_canonical_status=Alternative|TMD_dG_app=0.37|SS_dG_fs=2.84|stem_loop_presence=Yes|fs_type=hungry_-2|frame_transition=119|terminal_stop_codon=yes,KSIQSGPLKISSVSEVM[15.9949]K,102,119,3,NA,NA,L,K562_LysN_ETD,4,20160202_alr_CompleteHumanProteome_K562_LysN_ETD_fr18_sub,NA
ensembl_transcript_id=ENST00000409051.6|ensembl_gene_id=ENSG00000132305.22|gene_name=IMMT|tmd_start=46|tmd_end=67|tmd_seq=IAGAGLLFVGGGIGGTILYAKW|ss_nuc_start=354|ss_seq=GAAAGAA|tmd-SS_gap_size=51|ensembl_uniprot_annotation=No_uniprot_annotation|blastp_uniprot_annotation=Q16891|transcript_canonical_status=Alternative|TMD_dG_app=0.37|SS_dG_fs=2.84|stem_loop_presence=Yes|fs_type=hungry_-2|frame_transition=119|terminal_stop_codon=yes,KSIQSGPLKISSVSEVM[15.9949]K,102,119,3,NA,NA,L,K562_LysN_ETD,4,20160202_alr_CompleteHumanProteome_K562_LysN_ETD_fr19_sub,2.7109344E8
ensembl_transcript_id=ENST00000409051.6|ensembl_gene_id=ENSG00000132305.22|gene_name=IMMT|tmd_start=46|tmd_end=67|tmd_seq=IAGAGLLFVGGGIGGTILYAKW|ss_nuc_start=354|ss_seq=GAAAGAA|tmd-SS_gap_size=51|ensembl_uniprot_annotation=No_uniprot_annotation|blastp_uniprot_annotation=Q16891|transcript_canonical_status=Alternative|TMD_dG_app=0.37|SS_dG_fs=2.84|stem_loop_presence=Yes|fs_type=hungry_-2|frame_transition=119|terminal_stop_codon=yes,KSIQSGPLKISSVSEVM[15.9949]K,102,119,3,NA,NA,L,K562_LysN_ETD,4,20160202_alr_CompleteHumanProteome_K562_LysN_ETD_fr22_sub,7.922192E7
ensembl_transcript_id=ENST00000409051.6|ensembl_gene_id=ENSG00000132305.22|gene_name=IMMT|tmd_start=46|tmd_end=67|tmd_seq=IAGAGLLFVGGGIGGTILYAKW|ss_nuc_start=354|ss_seq=GAAAGAA|tmd-SS_gap_size=51|ensembl_uniprot_annotation=No_uniprot_annotation|blastp_uniprot_annotation=Q16891|transcript_canonical_status=Alternative|TMD_dG_app=0.37|SS_dG_fs=2.84|stem_loop_presence=Yes|fs_type=hungry_-2|frame_transition=119|terminal_stop_codon=yes,KSIQSGPLKISSVSEVM[15.9949]K,102,119,3,NA,NA,L,K562_LysN_ETD,4,20160202_alr_CompleteHumanProteome_K562_LysN_ETD_fr23_sub,NA
ensembl_transcript_id=ENST00000409051.6|ensembl_gene_id=ENSG00000132305.22|gene_name=IMMT|tmd_start=46|tmd_end=67|tmd_seq=IAGAGLLFVGGGIGGTILYAKW|ss_nuc_start=354|ss_seq=GAAAGAA|tmd-SS_gap_size=51|ensembl_uniprot_annotation=No_uniprot_annotation|blastp_uniprot_annotation=Q16891|transcript_canonical_status=Alternative|TMD_dG_app=0.37|SS_dG_fs=2.84|stem_loop_presence=Yes|fs_type=hungry_-2|frame_transition=119|terminal_stop_codon=yes,KSIQSGPLKISSVSEVM[15.9949]K,102,119,3,NA,NA,L,K562_LysN_ETD,4,20160202_alr_CompleteHumanProteome_K562_LysN_ETD_fr25_sub,NA
ensembl_transcript_id=ENST00000409051.6|ensembl_gene_id=ENSG00000132305.22|gene_name=IMMT|tmd_start=46|tmd_end=67|tmd_seq=IAGAGLLFVGGGIGGTILYAKW|ss_nuc_start=354|ss_seq=GAAAGAA|tmd-SS_gap_size=51|ensembl_uniprot_annotation=No_uniprot_annotation|blastp_uniprot_annotation=Q16891|transcript_canonical_status=Alternative|TMD_dG_app=0.37|SS_dG_fs=2.84|stem_loop_presence=Yes|fs_type=hungry_-2|frame_transition=119|terminal_stop_codon=yes,KSIQSGPLKISSVSEVM[15.9949]K,102,119,3,NA,NA,L,K562_LysN_ETD,4,20160202_alr_CompleteHumanProteome_K562_LysN_ETD_fr26_sub,NA
ensembl_transcript_id=ENST00000409051.6|ensembl_gene_id=ENSG00000132305.22|gene_name=IMMT|tmd_start=46|tmd_end=67|tmd_seq=IAGAGLLFVGGGIGGTILYAKW|ss_nuc_start=354|ss_seq=GAAAGAA|tmd-SS_gap_size=51|ensembl_uniprot_annotation=No_uniprot_annotation|blastp_uniprot_annotation=Q16891|transcript_canonical_status=Alternative|TMD_dG_app=0.37|SS_dG_fs=2.84|stem_loop_presence=Yes|fs_type=hungry_-2|frame_transition=119|terminal_stop_codon=yes,KSIQSGPLKISSVSEVM[15.9949]K,102,119,3,NA,NA,L,hESC_LysN_ETD,5,ETD_hES_LysN_12_sub,NA
ensembl_transcript_id=ENST00000409051.6|ensembl_gene_id=ENSG00000132305.22|gene_name=IMMT|tmd_start=46|tmd_end=67|tmd_seq=IAGAGLLFVGGGIGGTILYAKW|ss_nuc_start=354|ss_seq=GAAAGAA|tmd-SS_gap_size=51|ensembl_uniprot_annotation=No_uniprot_annotation|blastp_uniprot_annotation=Q16891|transcript_canonical_status=Alternative|TMD_dG_app=0.37|SS_dG_fs=2.84|stem_loop_presence=Yes|fs_type=hungry_-2|frame_transition=119|terminal_stop_codon=yes,KSIQSGPLKISSVSEVM[15.9949]K,102,119,3,NA,NA,L,hESC_LysN_ETD,5,ETD_hES_LysN_15_sub,NA
ensembl_transcript_id=ENST00000409051.6|ensembl_gene_id=ENSG00000132305.22|gene_name=IMMT|tmd_start=46|tmd_end=67|tmd_seq=IAGAGLLFVGGGIGGTILYAKW|ss_nuc_start=354|ss_seq=GAAAGAA|tmd-SS_gap_size=51|ensembl_uniprot_annotation=No_uniprot_annotation|blastp_uniprot_annotation=Q16891|transcript_canonical_status=Alternative|TMD_dG_app=0.37|SS_dG_fs=2.84|stem_loop_presence=Yes|fs_type=hungry_-2|frame_transition=119|terminal_stop_codon=yes,KSIQSGPLKISSVSEVM[15.9949]K,102,119,3,NA,NA,L,hESC_LysN_ETD,5,ETD_hES_LysN_8_sub,NA
ensembl_transcript_id=ENST00000409051.6|ensembl_gene_id=ENSG00000132305.22|gene_name=IMMT|tmd_start=46|tmd_end=67|tmd_seq=IAGAGLLFVGGGIGGTILYAKW|ss_nuc_start=354|ss_seq=GAAAGAA|tmd-SS_gap_size=51|ensembl_uniprot_annotation=No_uniprot_annotation|blastp_uniprot_annotation=Q16891|transcript_canonical_status=Alternative|TMD_dG_app=0.37|SS_dG_fs=2.84|stem_loop_presence=Yes|fs_type=hungry_-2|frame_transition=119|terminal_stop_codon=yes,KSIQSGPLKISSVSEVM[15.9949]K,102,119,3,NA,NA,L,hESC_LysN_ETD,5,ETD_hES_LysN_9_sub,NA
ensembl_transcript_id=ENST00000409051.6|ensembl_gene_id=ENSG00000132305.22|gene_name=IMMT|tmd_start=46|tmd_end=67|tmd_seq=IAGAGLLFVGGGIGGTILYAKW|ss_nuc_start=354|ss_seq=GAAAGAA|tmd-SS_gap_size=51|ensembl_uniprot_annotation=No_uniprot_annotation|blastp_uniprot_annotation=Q16891|transcript_canonical_status=Alternative|TMD_dG_app=0.37|SS_dG_fs=2.84|stem_loop_presence=Yes|fs_type=hungry_-2|frame_transition=119|terminal_stop_codon=yes,KSIQSGPLKISSVSEVM[15.9949]K,102,119,4,NA,NA,L,GM12878_LysN_ETD,1,20150104_alr_CompleteHumanProteome_GM12878_ETD_LysN_fr33_sub,NA
ensembl_transcript_id=ENST00000409051.6|ensembl_gene_id=ENSG00000132305.22|gene_name=IMMT|tmd_start=46|tmd_end=67|tmd_seq=IAGAGLLFVGGGIGGTILYAKW|ss_nuc_start=354|ss_seq=GAAAGAA|tmd-SS_gap_size=51|ensembl_uniprot_annotation=No_uniprot_annotation|blastp_uniprot_annotation=Q16891|transcript_canonical_status=Alternative|TMD_dG_app=0.37|SS_dG_fs=2.84|stem_loop_presence=Yes|fs_type=hungry_-2|frame_transition=119|terminal_stop_codon=yes,KSIQSGPLKISSVSEVM[15.9949]K,102,119,4,NA,NA,L,HUVEC_LysN_ETD,2,20160110_alr_CompleteHumanProteome_HUVEC_LysN_ETD_fr3_sub,NA
ensembl_transcript_id=ENST00000409051.6|ensembl_gene_id=ENSG00000132305.22|gene_name=IMMT|tmd_start=46|tmd_end=67|tmd_seq=IAGAGLLFVGGGIGGTILYAKW|ss_nuc_start=354|ss_seq=GAAAGAA|tmd-SS_gap_size=51|ensembl_uniprot_annotation=No_uniprot_annotation|blastp_uniprot_annotation=Q16891|transcript_canonical_status=Alternative|TMD_dG_app=0.37|SS_dG_fs=2.84|stem_loop_presence=Yes|fs_type=hungry_-2|frame_transition=119|terminal_stop_codon=yes,KSIQSGPLKISSVSEVM[15.9949]K,102,119,4,NA,NA,L,K562_LysN_ETD,4,20160202_alr_CompleteHumanProteome_K562_LysN_ETD_fr16_sub,NA
ensembl_transcript_id=ENST00000409051.6|ensembl_gene_id=ENSG00000132305.22|gene_name=IMMT|tmd_start=46|tmd_end=67|tmd_seq=IAGAGLLFVGGGIGGTILYAKW|ss_nuc_start=354|ss_seq=GAAAGAA|tmd-SS_gap_size=51|ensembl_uniprot_annotation=No_uniprot_annotation|blastp_uniprot_annotation=Q16891|transcript_canonical_status=Alternative|TMD_dG_app=0.37|SS_dG_fs=2.84|stem_loop_presence=Yes|fs_type=hungry_-2|frame_transition=119|terminal_stop_codon=yes,KSIQSGPLKISSVSEVM[15.9949]K,102,119,4,NA,NA,L,K562_LysN_ETD,4,20160202_alr_CompleteHumanProteome_K562_LysN_ETD_fr18_sub,NA
ensembl_transcript_id=ENST00000409051.6|ensembl_gene_id=ENSG00000132305.22|gene_name=IMMT|tmd_start=46|tmd_end=67|tmd_seq=IAGAGLLFVGGGIGGTILYAKW|ss_nuc_start=354|ss_seq=GAAAGAA|tmd-SS_gap_size=51|ensembl_uniprot_annotation=No_uniprot_annotation|blastp_uniprot_annotation=Q16891|transcript_canonical_status=Alternative|TMD_dG_app=0.37|SS_dG_fs=2.84|stem_loop_presence=Yes|fs_type=hungry_-2|frame_transition=119|terminal_stop_codon=yes,KSIQSGPLKISSVSEVM[15.9949]K,102,119,4,NA,NA,L,K562_LysN_ETD,4,20160202_alr_CompleteHumanProteome_K562_LysN_ETD_fr19_sub,7.2072384E7
ensembl_transcript_id=ENST00000409051.6|ensembl_gene_id=ENSG00000132305.22|gene_name=IMMT|tmd_start=46|tmd_end=67|tmd_seq=IAGAGLLFVGGGIGGTILYAKW|ss_nuc_start=354|ss_seq=GAAAGAA|tmd-SS_gap_size=51|ensembl_uniprot_annotation=No_uniprot_annotation|blastp_uniprot_annotation=Q16891|transcript_canonical_status=Alternative|TMD_dG_app=0.37|SS_dG_fs=2.84|stem_loop_presence=Yes|fs_type=hungry_-2|frame_transition=119|terminal_stop_codon=yes,KSIQSGPLKISSVSEVM[15.9949]K,102,119,4,NA,NA,L,K562_LysN_ETD,4,20160202_alr_CompleteHumanProteome_K562_LysN_ETD_fr22_sub,NA
ensembl_transcript_id=ENST00000409051.6|ensembl_gene_id=ENSG00000132305.22|gene_name=IMMT|tmd_start=46|tmd_end=67|tmd_seq=IAGAGLLFVGGGIGGTILYAKW|ss_nuc_start=354|ss_seq=GAAAGAA|tmd-SS_gap_size=51|ensembl_uniprot_annotation=No_uniprot_annotation|blastp_uniprot_annotation=Q16891|transcript_canonical_status=Alternative|TMD_dG_app=0.37|SS_dG_fs=2.84|stem_loop_presence=Yes|fs_type=hungry_-2|frame_transition=119|terminal_stop_codon=yes,KSIQSGPLKISSVSEVM[15.9949]K,102,119,4,NA,NA,L,K562_LysN_ETD,4,20160202_alr_CompleteHumanProteome_K562_LysN_ETD_fr23_sub,NA
ensembl_transcript_id=ENST00000409051.6|ensembl_gene_id=ENSG00000132305.22|gene_name=IMMT|tmd_start=46|tmd_end=67|tmd_seq=IAGAGLLFVGGGIGGTILYAKW|ss_nuc_start=354|ss_seq=GAAAGAA|tmd-SS_gap_size=51|ensembl_uniprot_annotation=No_uniprot_annotation|blastp_uniprot_annotation=Q16891|transcript_canonical_status=Alternative|TMD_dG_app=0.37|SS_dG_fs=2.84|stem_loop_presence=Yes|fs_type=hungry_-2|frame_transition=119|terminal_stop_codon=yes,KSIQSGPLKISSVSEVM[15.9949]K,102,119,4,NA,NA,L,K562_LysN_ETD,4,20160202_alr_CompleteHumanProteome_K562_LysN_ETD_fr25_sub,NA
ensembl_transcript_id=ENST00000409051.6|ensembl_gene_id=ENSG00000132305.22|gene_name=IMMT|tmd_start=46|tmd_end=67|tmd_seq=IAGAGLLFVGGGIGGTILYAKW|ss_nuc_start=354|ss_seq=GAAAGAA|tmd-SS_gap_size=51|ensembl_uniprot_annotation=No_uniprot_annotation|blastp_uniprot_annotation=Q16891|transcript_canonical_status=Alternative|TMD_dG_app=0.37|SS_dG_fs=2.84|stem_loop_presence=Yes|fs_type=hungry_-2|frame_transition=119|terminal_stop_codon=yes,KSIQSGPLKISSVSEVM[15.9949]K,102,119,4,NA,NA,L,K562_LysN_ETD,4,20160202_alr_CompleteHumanProteome_K562_LysN_ETD_fr26_sub,NA
ensembl_transcript_id=ENST00000409051.6|ensembl_gene_id=ENSG00000132305.22|gene_name=IMMT|tmd_start=46|tmd_end=67|tmd_seq=IAGAGLLFVGGGIGGTILYAKW|ss_nuc_start=354|ss_seq=GAAAGAA|tmd-SS_gap_size=51|ensembl_uniprot_annotation=No_uniprot_annotation|blastp_uniprot_annotation=Q16891|transcript_canonical_status=Alternative|TMD_dG_app=0.37|SS_dG_fs=2.84|stem_loop_presence=Yes|fs_type=hungry_-2|frame_transition=119|terminal_stop_codon=yes,KSIQSGPLKISSVSEVM[15.9949]K,102,119,4,NA,NA,L,hESC_LysN_ETD,5,ETD_hES_LysN_12_sub,NA
ensembl_transcript_id=ENST00000409051.6|ensembl_gene_id=ENSG00000132305.22|gene_name=IMMT|tmd_start=46|tmd_end=67|tmd_seq=IAGAGLLFVGGGIGGTILYAKW|ss_nuc_start=354|ss_seq=GAAAGAA|tmd-SS_gap_size=51|ensembl_uniprot_annotation=No_uniprot_annotation|blastp_uniprot_annotation=Q16891|transcript_canonical_status=Alternative|TMD_dG_app=0.37|SS_dG_fs=2.84|stem_loop_presence=Yes|fs_type=hungry_-2|frame_transition=119|terminal_stop_codon=yes,KSIQSGPLKISSVSEVM[15.9949]K,102,119,4,NA,NA,L,hESC_LysN_ETD,5,ETD_hES_LysN_15_sub,NA
ensembl_transcript_id=ENST00000409051.6|ensembl_gene_id=ENSG00000132305.22|gene_name=IMMT|tmd_start=46|tmd_end=67|tmd_seq=IAGAGLLFVGGGIGGTILYAKW|ss_nuc_start=354|ss_seq=GAAAGAA|tmd-SS_gap_size=51|ensembl_uniprot_annotation=No_uniprot_annotation|blastp_uniprot_annotation=Q16891|transcript_canonical_status=Alternative|TMD_dG_app=0.37|SS_dG_fs=2.84|stem_loop_presence=Yes|fs_type=hungry_-2|frame_transition=119|terminal_stop_codon=yes,KSIQSGPLKISSVSEVM[15.9949]K,102,119,4,NA,NA,L,hESC_LysN_ETD,5,ETD_hES_LysN_8_sub,NA
ensembl_transcript_id=ENST00000409051.6|ensembl_gene_id=ENSG00000132305.22|gene_name=IMMT|tmd_start=46|tmd_end=67|tmd_seq=IAGAGLLFVGGGIGGTILYAKW|ss_nuc_start=354|ss_seq=GAAAGAA|tmd-SS_gap_size=51|ensembl_uniprot_annotation=No_uniprot_annotation|blastp_uniprot_annotation=Q16891|transcript_canonical_status=Alternative|TMD_dG_app=0.37|SS_dG_fs=2.84|stem_loop_presence=Yes|fs_type=hungry_-2|frame_transition=119|terminal_stop_codon=yes,KSIQSGPLKISSVSEVM[15.9949]K,102,119,4,NA,NA,L,hESC_LysN_ETD,5,ETD_hES_LysN_9_sub,NA
ensembl_transcript_id=ENST00000546933.5|ensembl_gene_id=ENSG00000186298.12|gene_name=PPP1CC|tmd_start=1|tmd_end=20|tmd_seq=MFLPLYLNLVLYFVFWLHWT|ss_nuc_start=204|ss_seq=CAAAATA|tmd-SS_gap_size=48|ensembl_uniprot_annotation=No_uniprot_annotation|blastp_uniprot_annotation=P36873|transcript_canonical_status=Alternative|TMD_dG_app=-0.14|SS_dG_fs=1.91|stem_loop_presence=Yes|fs_type=hungry_-2|frame_transition=69|terminal_stop_codon=yes,KSREIFLSQPILLELEAPLK,50,69,4,NA,NA,L,GM12878_LysN_ETD,1,20150104_alr_CompleteHumanProteome_GM12878_ETD_LysN_fr33_sub,NA
ensembl_transcript_id=ENST00000546933.5|ensembl_gene_id=ENSG00000186298.12|gene_name=PPP1CC|tmd_start=1|tmd_end=20|tmd_seq=MFLPLYLNLVLYFVFWLHWT|ss_nuc_start=204|ss_seq=CAAAATA|tmd-SS_gap_size=48|ensembl_uniprot_annotation=No_uniprot_annotation|blastp_uniprot_annotation=P36873|transcript_canonical_status=Alternative|TMD_dG_app=-0.14|SS_dG_fs=1.91|stem_loop_presence=Yes|fs_type=hungry_-2|frame_transition=69|terminal_stop_codon=yes,KSREIFLSQPILLELEAPLK,50,69,4,NA,NA,L,HUVEC_LysN_ETD,2,20160110_alr_CompleteHumanProteome_HUVEC_LysN_ETD_fr3_sub,NA
ensembl_transcript_id=ENST00000546933.5|ensembl_gene_id=ENSG00000186298.12|gene_name=PPP1CC|tmd_start=1|tmd_end=20|tmd_seq=MFLPLYLNLVLYFVFWLHWT|ss_nuc_start=204|ss_seq=CAAAATA|tmd-SS_gap_size=48|ensembl_uniprot_annotation=No_uniprot_annotation|blastp_uniprot_annotation=P36873|transcript_canonical_status=Alternative|TMD_dG_app=-0.14|SS_dG_fs=1.91|stem_loop_presence=Yes|fs_type=hungry_-2|frame_transition=69|terminal_stop_codon=yes,KSREIFLSQPILLELEAPLK,50,69,4,NA,NA,L,K562_LysN_ETD,4,20160202_alr_CompleteHumanProteome_K562_LysN_ETD_fr16_sub,NA
ensembl_transcript_id=ENST00000546933.5|ensembl_gene_id=ENSG00000186298.12|gene_name=PPP1CC|tmd_start=1|tmd_end=20|tmd_seq=MFLPLYLNLVLYFVFWLHWT|ss_nuc_start=204|ss_seq=CAAAATA|tmd-SS_gap_size=48|ensembl_uniprot_annotation=No_uniprot_annotation|blastp_uniprot_annotation=P36873|transcript_canonical_status=Alternative|TMD_dG_app=-0.14|SS_dG_fs=1.91|stem_loop_presence=Yes|fs_type=hungry_-2|frame_transition=69|terminal_stop_codon=yes,KSREIFLSQPILLELEAPLK,50,69,4,NA,NA,L,K562_LysN_ETD,4,20160202_alr_CompleteHumanProteome_K562_LysN_ETD_fr18_sub,NA
ensembl_transcript_id=ENST00000546933.5|ensembl_gene_id=ENSG00000186298.12|gene_name=PPP1CC|tmd_start=1|tmd_end=20|tmd_seq=MFLPLYLNLVLYFVFWLHWT|ss_nuc_start=204|ss_seq=CAAAATA|tmd-SS_gap_size=48|ensembl_uniprot_annotation=No_uniprot_annotation|blastp_uniprot_annotation=P36873|transcript_canonical_status=Alternative|TMD_dG_app=-0.14|SS_dG_fs=1.91|stem_loop_presence=Yes|fs_type=hungry_-2|frame_transition=69|terminal_stop_codon=yes,KSREIFLSQPILLELEAPLK,50,69,4,NA,NA,L,K562_LysN_ETD,4,20160202_alr_CompleteHumanProteome_K562_LysN_ETD_fr19_sub,NA
ensembl_transcript_id=ENST00000546933.5|ensembl_gene_id=ENSG00000186298.12|gene_name=PPP1CC|tmd_start=1|tmd_end=20|tmd_seq=MFLPLYLNLVLYFVFWLHWT|ss_nuc_start=204|ss_seq=CAAAATA|tmd-SS_gap_size=48|ensembl_uniprot_annotation=No_uniprot_annotation|blastp_uniprot_annotation=P36873|transcript_canonical_status=Alternative|TMD_dG_app=-0.14|SS_dG_fs=1.91|stem_loop_presence=Yes|fs_type=hungry_-2|frame_transition=69|terminal_stop_codon=yes,KSREIFLSQPILLELEAPLK,50,69,4,NA,NA,L,K562_LysN_ETD,4,20160202_alr_CompleteHumanProteome_K562_LysN_ETD_fr22_sub,NA
ensembl_transcript_id=ENST00000546933.5|ensembl_gene_id=ENSG00000186298.12|gene_name=PPP1CC|tmd_start=1|tmd_end=20|tmd_seq=MFLPLYLNLVLYFVFWLHWT|ss_nuc_start=204|ss_seq=CAAAATA|tmd-SS_gap_size=48|ensembl_uniprot_annotation=No_uniprot_annotation|blastp_uniprot_annotation=P36873|transcript_canonical_status=Alternative|TMD_dG_app=-0.14|SS_dG_fs=1.91|stem_loop_presence=Yes|fs_type=hungry_-2|frame_transition=69|terminal_stop_codon=yes,KSREIFLSQPILLELEAPLK,50,69,4,NA,NA,L,K562_LysN_ETD,4,20160202_alr_CompleteHumanProteome_K562_LysN_ETD_fr23_sub,NA
ensembl_transcript_id=ENST00000546933.5|ensembl_gene_id=ENSG00000186298.12|gene_name=PPP1CC|tmd_start=1|tmd_end=20|tmd_seq=MFLPLYLNLVLYFVFWLHWT|ss_nuc_start=204|ss_seq=CAAAATA|tmd-SS_gap_size=48|ensembl_uniprot_annotation=No_uniprot_annotation|blastp_uniprot_annotation=P36873|transcript_canonical_status=Alternative|TMD_dG_app=-0.14|SS_dG_fs=1.91|stem_loop_presence=Yes|fs_type=hungry_-2|frame_transition=69|terminal_stop_codon=yes,KSREIFLSQPILLELEAPLK,50,69,4,NA,NA,L,K562_LysN_ETD,4,20160202_alr_CompleteHumanProteome_K562_LysN_ETD_fr25_sub,NA
ensembl_transcript_id=ENST00000546933.5|ensembl_gene_id=ENSG00000186298.12|gene_name=PPP1CC|tmd_start=1|tmd_end=20|tmd_seq=MFLPLYLNLVLYFVFWLHWT|ss_nuc_start=204|ss_seq=CAAAATA|tmd-SS_gap_size=48|ensembl_uniprot_annotation=No_uniprot_annotation|blastp_uniprot_annotation=P36873|transcript_canonical_status=Alternative|TMD_dG_app=-0.14|SS_dG_fs=1.91|stem_loop_presence=Yes|fs_type=hungry_-2|frame_transition=69|terminal_stop_codon=yes,KSREIFLSQPILLELEAPLK,50,69,4,NA,NA,L,K562_LysN_ETD,4,20160202_alr_CompleteHumanProteome_K562_LysN_ETD_fr26_sub,NA
ensembl_transcript_id=ENST00000546933.5|ensembl_gene_id=ENSG00000186298.12|gene_name=PPP1CC|tmd_start=1|tmd_end=20|tmd_seq=MFLPLYLNLVLYFVFWLHWT|ss_nuc_start=204|ss_seq=CAAAATA|tmd-SS_gap_size=48|ensembl_uniprot_annotation=No_uniprot_annotation|blastp_uniprot_annotation=P36873|transcript_canonical_status=Alternative|TMD_dG_app=-0.14|SS_dG_fs=1.91|stem_loop_presence=Yes|fs_type=hungry_-2|frame_transition=69|terminal_stop_codon=yes,KSREIFLSQPILLELEAPLK,50,69,4,NA,NA,L,hESC_LysN_ETD,5,ETD_hES_LysN_12_sub,1882951.0
ensembl_transcript_id=ENST00000546933.5|ensembl_gene_id=ENSG00000186298.12|gene_name=PPP1CC|tmd_start=1|tmd_end=20|tmd_seq=MFLPLYLNLVLYFVFWLHWT|ss_nuc_start=204|ss_seq=CAAAATA|tmd-SS_gap_size=48|ensembl_uniprot_annotation=No_uniprot_annotation|blastp_uniprot_annotation=P36873|transcript_canonical_status=Alternative|TMD_dG_app=-0.14|SS_dG_fs=1.91|stem_loop_presence=Yes|fs_type=hungry_-2|frame_transition=69|terminal_stop_codon=yes,KSREIFLSQPILLELEAPLK,50,69,4,NA,NA,L,hESC_LysN_ETD,5,ETD_hES_LysN_15_sub,NA
ensembl_transcript_id=ENST00000546933.5|ensembl_gene_id=ENSG00000186298.12|gene_name=PPP1CC|tmd_start=1|tmd_end=20|tmd_seq=MFLPLYLNLVLYFVFWLHWT|ss_nuc_start=204|ss_seq=CAAAATA|tmd-SS_gap_size=48|ensembl_uniprot_annotation=No_uniprot_annotation|blastp_uniprot_annotation=P36873|transcript_canonical_status=Alternative|TMD_dG_app=-0.14|SS_dG_fs=1.91|stem_loop_presence=Yes|fs_type=hungry_-2|frame_transition=69|terminal_stop_codon=yes,KSREIFLSQPILLELEAPLK,50,69,4,NA,NA,L,hESC_LysN_ETD,5,ETD_hES_LysN_8_sub,NA
ensembl_transcript_id=ENST00000546933.5|ensembl_gene_id=ENSG00000186298.12|gene_name=PPP1CC|tmd_start=1|tmd_end=20|tmd_seq=MFLPLYLNLVLYFVFWLHWT|ss_nuc_start=204|ss_seq=CAAAATA|tmd-SS_gap_size=48|ensembl_uniprot_annotation=No_uniprot_annotation|blastp_uniprot_annotation=P36873|transcript_canonical_status=Alternative|TMD_dG_app=-0.14|SS_dG_fs=1.91|stem_loop_presence=Yes|fs_type=hungry_-2|frame_transition=69|terminal_stop_codon=yes,KSREIFLSQPILLELEAPLK,50,69,4,NA,NA,L,hESC_LysN_ETD,5,ETD_hES_LysN_9_sub,NA
ensembl_transcript_id=ENST00000619898.5|ensembl_gene_id=ENSG00000114902.14|gene_name=SPCS1|tmd_start=45|tmd_end=64|tmd_seq=FGWTVYIVMAGFAFSCLLTL|ss_nuc_start=297|ss_seq=TAAAAAT|tmd-SS_gap_size=35|ensembl_uniprot_annotation=No_uniprot_annotation|blastp_uniprot_annotation=Q9Y6A9|transcript_canonical_status=Canonical|TMD_dG_app=-0.89|SS_dG_fs=1.26|stem_loop_presence=No|fs_type=dual_-1|frame_transition=101|terminal_stop_codon=yes,MLEHLSSLPTQMDYKGQ,1,17,3,NA,NA,L,GM12878_LysN_ETD,1,20150104_alr_CompleteHumanProteome_GM12878_ETD_LysN_fr33_sub,1.15797133E9
ensembl_transcript_id=ENST00000619898.5|ensembl_gene_id=ENSG00000114902.14|gene_name=SPCS1|tmd_start=45|tmd_end=64|tmd_seq=FGWTVYIVMAGFAFSCLLTL|ss_nuc_start=297|ss_seq=TAAAAAT|tmd-SS_gap_size=35|ensembl_uniprot_annotation=No_uniprot_annotation|blastp_uniprot_annotation=Q9Y6A9|transcript_canonical_status=Canonical|TMD_dG_app=-0.89|SS_dG_fs=1.26|stem_loop_presence=No|fs_type=dual_-1|frame_transition=101|terminal_stop_codon=yes,MLEHLSSLPTQMDYKGQ,1,17,3,NA,NA,L,HUVEC_LysN_ETD,2,20160110_alr_CompleteHumanProteome_HUVEC_LysN_ETD_fr3_sub,NA
ensembl_transcript_id=ENST00000619898.5|ensembl_gene_id=ENSG00000114902.14|gene_name=SPCS1|tmd_start=45|tmd_end=64|tmd_seq=FGWTVYIVMAGFAFSCLLTL|ss_nuc_start=297|ss_seq=TAAAAAT|tmd-SS_gap_size=35|ensembl_uniprot_annotation=No_uniprot_annotation|blastp_uniprot_annotation=Q9Y6A9|transcript_canonical_status=Canonical|TMD_dG_app=-0.89|SS_dG_fs=1.26|stem_loop_presence=No|fs_type=dual_-1|frame_transition=101|terminal_stop_codon=yes,MLEHLSSLPTQMDYKGQ,1,17,3,NA,NA,L,K562_LysN_ETD,4,20160202_alr_CompleteHumanProteome_K562_LysN_ETD_fr16_sub,NA
ensembl_transcript_id=ENST00000619898.5|ensembl_gene_id=ENSG00000114902.14|gene_name=SPCS1|tmd_start=45|tmd_end=64|tmd_seq=FGWTVYIVMAGFAFSCLLTL|ss_nuc_start=297|ss_seq=TAAAAAT|tmd-SS_gap_size=35|ensembl_uniprot_annotation=No_uniprot_annotation|blastp_uniprot_annotation=Q9Y6A9|transcript_canonical_status=Canonical|TMD_dG_app=-0.89|SS_dG_fs=1.26|stem_loop_presence=No|fs_type=dual_-1|frame_transition=101|terminal_stop_codon=yes,MLEHLSSLPTQMDYKGQ,1,17,3,NA,NA,L,K562_LysN_ETD,4,20160202_alr_CompleteHumanProteome_K562_LysN_ETD_fr18_sub,NA
ensembl_transcript_id=ENST00000619898.5|ensembl_gene_id=ENSG00000114902.14|gene_name=SPCS1|tmd_start=45|tmd_end=64|tmd_seq=FGWTVYIVMAGFAFSCLLTL|ss_nuc_start=297|ss_seq=TAAAAAT|tmd-SS_gap_size=35|ensembl_uniprot_annotation=No_uniprot_annotation|blastp_uniprot_annotation=Q9Y6A9|transcript_canonical_status=Canonical|TMD_dG_app=-0.89|SS_dG_fs=1.26|stem_loop_presence=No|fs_type=dual_-1|frame_transition=101|terminal_stop_codon=yes,MLEHLSSLPTQMDYKGQ,1,17,3,NA,NA,L,K562_LysN_ETD,4,20160202_alr_CompleteHumanProteome_K562_LysN_ETD_fr19_sub,NA
ensembl_transcript_id=ENST00000619898.5|ensembl_gene_id=ENSG00000114902.14|gene_name=SPCS1|tmd_start=45|tmd_end=64|tmd_seq=FGWTVYIVMAGFAFSCLLTL|ss_nuc_start=297|ss_seq=TAAAAAT|tmd-SS_gap_size=35|ensembl_uniprot_annotation=No_uniprot_annotation|blastp_uniprot_annotation=Q9Y6A9|transcript_canonical_status=Canonical|TMD_dG_app=-0.89|SS_dG_fs=1.26|stem_loop_presence=No|fs_type=dual_-1|frame_transition=101|terminal_stop_codon=yes,MLEHLSSLPTQMDYKGQ,1,17,3,NA,NA,L,K562_LysN_ETD,4,20160202_alr_CompleteHumanProteome_K562_LysN_ETD_fr22_sub,NA
ensembl_transcript_id=ENST00000619898.5|ensembl_gene_id=ENSG00000114902.14|gene_name=SPCS1|tmd_start=45|tmd_end=64|tmd_seq=FGWTVYIVMAGFAFSCLLTL|ss_nuc_start=297|ss_seq=TAAAAAT|tmd-SS_gap_size=35|ensembl_uniprot_annotation=No_uniprot_annotation|blastp_uniprot_annotation=Q9Y6A9|transcript_canonical_status=Canonical|TMD_dG_app=-0.89|SS_dG_fs=1.26|stem_loop_presence=No|fs_type=dual_-1|frame_transition=101|terminal_stop_codon=yes,MLEHLSSLPTQMDYKGQ,1,17,3,NA,NA,L,K562_LysN_ETD,4,20160202_alr_CompleteHumanProteome_K562_LysN_ETD_fr23_sub,NA
ensembl_transcript_id=ENST00000619898.5|ensembl_gene_id=ENSG00000114902.14|gene_name=SPCS1|tmd_start=45|tmd_end=64|tmd_seq=FGWTVYIVMAGFAFSCLLTL|ss_nuc_start=297|ss_seq=TAAAAAT|tmd-SS_gap_size=35|ensembl_uniprot_annotation=No_uniprot_annotation|blastp_uniprot_annotation=Q9Y6A9|transcript_canonical_status=Canonical|TMD_dG_app=-0.89|SS_dG_fs=1.26|stem_loop_presence=No|fs_type=dual_-1|frame_transition=101|terminal_stop_codon=yes,MLEHLSSLPTQMDYKGQ,1,17,3,NA,NA,L,K562_LysN_ETD,4,20160202_alr_CompleteHumanProteome_K562_LysN_ETD_fr25_sub,5.6950701E8
ensembl_transcript_id=ENST00000619898.5|ensembl_gene_id=ENSG00000114902.14|gene_name=SPCS1|tmd_start=45|tmd_end=64|tmd_seq=FGWTVYIVMAGFAFSCLLTL|ss_nuc_start=297|ss_seq=TAAAAAT|tmd-SS_gap_size=35|ensembl_uniprot_annotation=No_uniprot_annotation|blastp_uniprot_annotation=Q9Y6A9|transcript_canonical_status=Canonical|TMD_dG_app=-0.89|SS_dG_fs=1.26|stem_loop_presence=No|fs_type=dual_-1|frame_transition=101|terminal_stop_codon=yes,MLEHLSSLPTQMDYKGQ,1,17,3,NA,NA,L,K562_LysN_ETD,4,20160202_alr_CompleteHumanProteome_K562_LysN_ETD_fr26_sub,NA
ensembl_transcript_id=ENST00000619898.5|ensembl_gene_id=ENSG00000114902.14|gene_name=SPCS1|tmd_start=45|tmd_end=64|tmd_seq=FGWTVYIVMAGFAFSCLLTL|ss_nuc_start=297|ss_seq=TAAAAAT|tmd-SS_gap_size=35|ensembl_uniprot_annotation=No_uniprot_annotation|blastp_uniprot_annotation=Q9Y6A9|transcript_canonical_status=Canonical|TMD_dG_app=-0.89|SS_dG_fs=1.26|stem_loop_presence=No|fs_type=dual_-1|frame_transition=101|terminal_stop_codon=yes,MLEHLSSLPTQMDYKGQ,1,17,3,NA,NA,L,hESC_LysN_ETD,5,ETD_hES_LysN_12_sub,NA
ensembl_transcript_id=ENST00000619898.5|ensembl_gene_id=ENSG00000114902.14|gene_name=SPCS1|tmd_start=45|tmd_end=64|tmd_seq=FGWTVYIVMAGFAFSCLLTL|ss_nuc_start=297|ss_seq=TAAAAAT|tmd-SS_gap_size=35|ensembl_uniprot_annotation=No_uniprot_annotation|blastp_uniprot_annotation=Q9Y6A9|transcript_canonical_status=Canonical|TMD_dG_app=-0.89|SS_dG_fs=1.26|stem_loop_presence=No|fs_type=dual_-1|frame_transition=101|terminal_stop_codon=yes,MLEHLSSLPTQMDYKGQ,1,17,3,NA,NA,L,hESC_LysN_ETD,5,ETD_hES_LysN_15_sub,NA
ensembl_transcript_id=ENST00000619898.5|ensembl_gene_id=ENSG00000114902.14|gene_name=SPCS1|tmd_start=45|tmd_end=64|tmd_seq=FGWTVYIVMAGFAFSCLLTL|ss_nuc_start=297|ss_seq=TAAAAAT|tmd-SS_gap_size=35|ensembl_uniprot_annotation=No_uniprot_annotation|blastp_uniprot_annotation=Q9Y6A9|transcript_canonical_status=Canonical|TMD_dG_app=-0.89|SS_dG_fs=1.26|stem_loop_presence=No|fs_type=dual_-1|frame_transition=101|terminal_stop_codon=yes,MLEHLSSLPTQMDYKGQ,1,17,3,NA,NA,L,hESC_LysN_ETD,5,ETD_hES_LysN_8_sub,NA
ensembl_transcript_id=ENST00000619898.5|ensembl_gene_id=ENSG00000114902.14|gene_name=SPCS1|tmd_start=45|tmd_end=64|tmd_seq=FGWTVYIVMAGFAFSCLLTL|ss_nuc_start=297|ss_seq=TAAAAAT|tmd-SS_gap_size=35|ensembl_uniprot_annotation=No_uniprot_annotation|blastp_uniprot_annotation=Q9Y6A9|transcript_canonical_status=Canonical|TMD_dG_app=-0.89|SS_dG_fs=1.26|stem_loop_presence=No|fs_type=dual_-1|frame_transition=101|terminal_stop_codon=yes,MLEHLSSLPTQMDYKGQ,1,17,3,NA,NA,L,hESC_LysN_ETD,5,ETD_hES_LysN_9_sub,NA
ensembl_transcript_id=ENST00000619898.5|ensembl_gene_id=ENSG00000114902.14|gene_name=SPCS1|tmd_start=45|tmd_end=64|tmd_seq=FGWTVYIVMAGFAFSCLLTL|ss_nuc_start=297|ss_seq=TAAAAAT|tmd-SS_gap_size=35|ensembl_uniprot_annotation=No_uniprot_annotation|blastp_uniprot_annotation=Q9Y6A9|transcript_canonical_status=Canonical|TMD_dG_app=-0.89|SS_dG_fs=1.26|stem_loop_presence=No|fs_type=dual_-1|frame_transition=101|terminal_stop_codon=yes,MLEHLSSLPTQM[15.9949]DYKGQ,1,17,3,NA,NA,L,GM12878_LysN_ETD,1,20150104_alr_CompleteHumanProteome_GM12878_ETD_LysN_fr33_sub,NA
ensembl_transcript_id=ENST00000619898.5|ensembl_gene_id=ENSG00000114902.14|gene_name=SPCS1|tmd_start=45|tmd_end=64|tmd_seq=FGWTVYIVMAGFAFSCLLTL|ss_nuc_start=297|ss_seq=TAAAAAT|tmd-SS_gap_size=35|ensembl_uniprot_annotation=No_uniprot_annotation|blastp_uniprot_annotation=Q9Y6A9|transcript_canonical_status=Canonical|TMD_dG_app=-0.89|SS_dG_fs=1.26|stem_loop_presence=No|fs_type=dual_-1|frame_transition=101|terminal_stop_codon=yes,MLEHLSSLPTQM[15.9949]DYKGQ,1,17,3,NA,NA,L,HUVEC_LysN_ETD,2,20160110_alr_CompleteHumanProteome_HUVEC_LysN_ETD_fr3_sub,NA
ensembl_transcript_id=ENST00000619898.5|ensembl_gene_id=ENSG00000114902.14|gene_name=SPCS1|tmd_start=45|tmd_end=64|tmd_seq=FGWTVYIVMAGFAFSCLLTL|ss_nuc_start=297|ss_seq=TAAAAAT|tmd-SS_gap_size=35|ensembl_uniprot_annotation=No_uniprot_annotation|blastp_uniprot_annotation=Q9Y6A9|transcript_canonical_status=Canonical|TMD_dG_app=-0.89|SS_dG_fs=1.26|stem_loop_presence=No|fs_type=dual_-1|frame_transition=101|terminal_stop_codon=yes,MLEHLSSLPTQM[15.9949]DYKGQ,1,17,3,NA,NA,L,K562_LysN_ETD,4,20160202_alr_CompleteHumanProteome_K562_LysN_ETD_fr16_sub,NA
ensembl_transcript_id=ENST00000619898.5|ensembl_gene_id=ENSG00000114902.14|gene_name=SPCS1|tmd_start=45|tmd_end=64|tmd_seq=FGWTVYIVMAGFAFSCLLTL|ss_nuc_start=297|ss_seq=TAAAAAT|tmd-SS_gap_size=35|ensembl_uniprot_annotation=No_uniprot_annotation|blastp_uniprot_annotation=Q9Y6A9|transcript_canonical_status=Canonical|TMD_dG_app=-0.89|SS_dG_fs=1.26|stem_loop_presence=No|fs_type=dual_-1|frame_transition=101|terminal_stop_codon=yes,MLEHLSSLPTQM[15.9949]DYKGQ,1,17,3,NA,NA,L,K562_LysN_ETD,4,20160202_alr_CompleteHumanProteome_K562_LysN_ETD_fr18_sub,NA
ensembl_transcript_id=ENST00000619898.5|ensembl_gene_id=ENSG00000114902.14|gene_name=SPCS1|tmd_start=45|tmd_end=64|tmd_seq=FGWTVYIVMAGFAFSCLLTL|ss_nuc_start=297|ss_seq=TAAAAAT|tmd-SS_gap_size=35|ensembl_uniprot_annotation=No_uniprot_annotation|blastp_uniprot_annotation=Q9Y6A9|transcript_canonical_status=Canonical|TMD_dG_app=-0.89|SS_dG_fs=1.26|stem_loop_presence=No|fs_type=dual_-1|frame_transition=101|terminal_stop_codon=yes,MLEHLSSLPTQM[15.9949]DYKGQ,1,17,3,NA,NA,L,K562_LysN_ETD,4,20160202_alr_CompleteHumanProteome_K562_LysN_ETD_fr19_sub,NA
ensembl_transcript_id=ENST00000619898.5|ensembl_gene_id=ENSG00000114902.14|gene_name=SPCS1|tmd_start=45|tmd_end=64|tmd_seq=FGWTVYIVMAGFAFSCLLTL|ss_nuc_start=297|ss_seq=TAAAAAT|tmd-SS_gap_size=35|ensembl_uniprot_annotation=No_uniprot_annotation|blastp_uniprot_annotation=Q9Y6A9|transcript_canonical_status=Canonical|TMD_dG_app=-0.89|SS_dG_fs=1.26|stem_loop_presence=No|fs_type=dual_-1|frame_transition=101|terminal_stop_codon=yes,MLEHLSSLPTQM[15.9949]DYKGQ,1,17,3,NA,NA,L,K562_LysN_ETD,4,20160202_alr_CompleteHumanProteome_K562_LysN_ETD_fr22_sub,NA
ensembl_transcript_id=ENST00000619898.5|ensembl_gene_id=ENSG00000114902.14|gene_name=SPCS1|tmd_start=45|tmd_end=64|tmd_seq=FGWTVYIVMAGFAFSCLLTL|ss_nuc_start=297|ss_seq=TAAAAAT|tmd-SS_gap_size=35|ensembl_uniprot_annotation=No_uniprot_annotation|blastp_uniprot_annotation=Q9Y6A9|transcript_canonical_status=Canonical|TMD_dG_app=-0.89|SS_dG_fs=1.26|stem_loop_presence=No|fs_type=dual_-1|frame_transition=101|terminal_stop_codon=yes,MLEHLSSLPTQM[15.9949]DYKGQ,1,17,3,NA,NA,L,K562_LysN_ETD,4,20160202_alr_CompleteHumanProteome_K562_LysN_ETD_fr23_sub,3.11916736E8
ensembl_transcript_id=ENST00000619898.5|ensembl_gene_id=ENSG00000114902.14|gene_name=SPCS1|tmd_start=45|tmd_end=64|tmd_seq=FGWTVYIVMAGFAFSCLLTL|ss_nuc_start=297|ss_seq=TAAAAAT|tmd-SS_gap_size=35|ensembl_uniprot_annotation=No_uniprot_annotation|blastp_uniprot_annotation=Q9Y6A9|transcript_canonical_status=Canonical|TMD_dG_app=-0.89|SS_dG_fs=1.26|stem_loop_presence=No|fs_type=dual_-1|frame_transition=101|terminal_stop_codon=yes,MLEHLSSLPTQM[15.9949]DYKGQ,1,17,3,NA,NA,L,K562_LysN_ETD,4,20160202_alr_CompleteHumanProteome_K562_LysN_ETD_fr25_sub,NA
ensembl_transcript_id=ENST00000619898.5|ensembl_gene_id=ENSG00000114902.14|gene_name=SPCS1|tmd_start=45|tmd_end=64|tmd_seq=FGWTVYIVMAGFAFSCLLTL|ss_nuc_start=297|ss_seq=TAAAAAT|tmd-SS_gap_size=35|ensembl_uniprot_annotation=No_uniprot_annotation|blastp_uniprot_annotation=Q9Y6A9|transcript_canonical_status=Canonical|TMD_dG_app=-0.89|SS_dG_fs=1.26|stem_loop_presence=No|fs_type=dual_-1|frame_transition=101|terminal_stop_codon=yes,MLEHLSSLPTQM[15.9949]DYKGQ,1,17,3,NA,NA,L,K562_LysN_ETD,4,20160202_alr_CompleteHumanProteome_K562_LysN_ETD_fr26_sub,NA
ensembl_transcript_id=ENST00000619898.5|ensembl_gene_id=ENSG00000114902.14|gene_name=SPCS1|tmd_start=45|tmd_end=64|tmd_seq=FGWTVYIVMAGFAFSCLLTL|ss_nuc_start=297|ss_seq=TAAAAAT|tmd-SS_gap_size=35|ensembl_uniprot_annotation=No_uniprot_annotation|blastp_uniprot_annotation=Q9Y6A9|transcript_canonical_status=Canonical|TMD_dG_app=-0.89|SS_dG_fs=1.26|stem_loop_presence=No|fs_type=dual_-1|frame_transition=101|terminal_stop_codon=yes,MLEHLSSLPTQM[15.9949]DYKGQ,1,17,3,NA,NA,L,hESC_LysN_ETD,5,ETD_hES_LysN_12_sub,NA
ensembl_transcript_id=ENST00000619898.5|ensembl_gene_id=ENSG00000114902.14|gene_name=SPCS1|tmd_start=45|tmd_end=64|tmd_seq=FGWTVYIVMAGFAFSCLLTL|ss_nuc_start=297|ss_seq=TAAAAAT|tmd-SS_gap_size=35|ensembl_uniprot_annotation=No_uniprot_annotation|blastp_uniprot_annotation=Q9Y6A9|transcript_canonical_status=Canonical|TMD_dG_app=-0.89|SS_dG_fs=1.26|stem_loop_presence=No|fs_type=dual_-1|frame_transition=101|terminal_stop_codon=yes,MLEHLSSLPTQM[15.9949]DYKGQ,1,17,3,NA,NA,L,hESC_LysN_ETD,5,ETD_hES_LysN_15_sub,NA
ensembl_transcript_id=ENST00000619898.5|ensembl_gene_id=ENSG00000114902.14|gene_name=SPCS1|tmd_start=45|tmd_end=64|tmd_seq=FGWTVYIVMAGFAFSCLLTL|ss_nuc_start=297|ss_seq=TAAAAAT|tmd-SS_gap_size=35|ensembl_uniprot_annotation=No_uniprot_annotation|blastp_uniprot_annotation=Q9Y6A9|transcript_canonical_status=Canonical|TMD_dG_app=-0.89|SS_dG_fs=1.26|stem_loop_presence=No|fs_type=dual_-1|frame_transition=101|terminal_stop_codon=yes,MLEHLSSLPTQM[15.9949]DYKGQ,1,17,3,NA,NA,L,hESC_LysN_ETD,5,ETD_hES_LysN_8_sub,NA
ensembl_transcript_id=ENST00000619898.5|ensembl_gene_id=ENSG00000114902.14|gene_name=SPCS1|tmd_start=45|tmd_end=64|tmd_seq=FGWTVYIVMAGFAFSCLLTL|ss_nuc_start=297|ss_seq=TAAAAAT|tmd-SS_gap_size=35|ensembl_uniprot_annotation=No_uniprot_annotation|blastp_uniprot_annotation=Q9Y6A9|transcript_canonical_status=Canonical|TMD_dG_app=-0.89|SS_dG_fs=1.26|stem_loop_presence=No|fs_type=dual_-1|frame_transition=101|terminal_stop_codon=yes,MLEHLSSLPTQM[15.9949]DYKGQ,1,17,3,NA,NA,L,hESC_LysN_ETD,5,ETD_hES_LysN_9_sub,NA
ensembl_transcript_id=ENST00000619898.5|ensembl_gene_id=ENSG00000114902.14|gene_name=SPCS1|tmd_start=45|tmd_end=64|tmd_seq=FGWTVYIVMAGFAFSCLLTL|ss_nuc_start=297|ss_seq=TAAAAAT|tmd-SS_gap_size=35|ensembl_uniprot_annotation=No_uniprot_annotation|blastp_uniprot_annotation=Q9Y6A9|transcript_canonical_status=Canonical|TMD_dG_app=-0.89|SS_dG_fs=1.26|stem_loop_presence=No|fs_type=dual_-1|frame_transition=101|terminal_stop_codon=yes,M[15.9949]LEHLSSLPTQMDYKGQ,1,17,3,NA,NA,L,GM12878_LysN_ETD,1,20150104_alr_CompleteHumanProteome_GM12878_ETD_LysN_fr33_sub,NA
ensembl_transcript_id=ENST00000619898.5|ensembl_gene_id=ENSG00000114902.14|gene_name=SPCS1|tmd_start=45|tmd_end=64|tmd_seq=FGWTVYIVMAGFAFSCLLTL|ss_nuc_start=297|ss_seq=TAAAAAT|tmd-SS_gap_size=35|ensembl_uniprot_annotation=No_uniprot_annotation|blastp_uniprot_annotation=Q9Y6A9|transcript_canonical_status=Canonical|TMD_dG_app=-0.89|SS_dG_fs=1.26|stem_loop_presence=No|fs_type=dual_-1|frame_transition=101|terminal_stop_codon=yes,M[15.9949]LEHLSSLPTQMDYKGQ,1,17,3,NA,NA,L,HUVEC_LysN_ETD,2,20160110_alr_CompleteHumanProteome_HUVEC_LysN_ETD_fr3_sub,NA
ensembl_transcript_id=ENST00000619898.5|ensembl_gene_id=ENSG00000114902.14|gene_name=SPCS1|tmd_start=45|tmd_end=64|tmd_seq=FGWTVYIVMAGFAFSCLLTL|ss_nuc_start=297|ss_seq=TAAAAAT|tmd-SS_gap_size=35|ensembl_uniprot_annotation=No_uniprot_annotation|blastp_uniprot_annotation=Q9Y6A9|transcript_canonical_status=Canonical|TMD_dG_app=-0.89|SS_dG_fs=1.26|stem_loop_presence=No|fs_type=dual_-1|frame_transition=101|terminal_stop_codon=yes,M[15.9949]LEHLSSLPTQMDYKGQ,1,17,3,NA,NA,L,K562_LysN_ETD,4,20160202_alr_CompleteHumanProteome_K562_LysN_ETD_fr16_sub,NA
ensembl_transcript_id=ENST00000619898.5|ensembl_gene_id=ENSG00000114902.14|gene_name=SPCS1|tmd_start=45|tmd_end=64|tmd_seq=FGWTVYIVMAGFAFSCLLTL|ss_nuc_start=297|ss_seq=TAAAAAT|tmd-SS_gap_size=35|ensembl_uniprot_annotation=No_uniprot_annotation|blastp_uniprot_annotation=Q9Y6A9|transcript_canonical_status=Canonical|TMD_dG_app=-0.89|SS_dG_fs=1.26|stem_loop_presence=No|fs_type=dual_-1|frame_transition=101|terminal_stop_codon=yes,M[15.9949]LEHLSSLPTQMDYKGQ,1,17,3,NA,NA,L,K562_LysN_ETD,4,20160202_alr_CompleteHumanProteome_K562_LysN_ETD_fr18_sub,NA
ensembl_transcript_id=ENST00000619898.5|ensembl_gene_id=ENSG00000114902.14|gene_name=SPCS1|tmd_start=45|tmd_end=64|tmd_seq=FGWTVYIVMAGFAFSCLLTL|ss_nuc_start=297|ss_seq=TAAAAAT|tmd-SS_gap_size=35|ensembl_uniprot_annotation=No_uniprot_annotation|blastp_uniprot_annotation=Q9Y6A9|transcript_canonical_status=Canonical|TMD_dG_app=-0.89|SS_dG_fs=1.26|stem_loop_presence=No|fs_type=dual_-1|frame_transition=101|terminal_stop_codon=yes,M[15.9949]LEHLSSLPTQMDYKGQ,1,17,3,NA,NA,L,K562_LysN_ETD,4,20160202_alr_CompleteHumanProteome_K562_LysN_ETD_fr19_sub,NA
ensembl_transcript_id=ENST00000619898.5|ensembl_gene_id=ENSG00000114902.14|gene_name=SPCS1|tmd_start=45|tmd_end=64|tmd_seq=FGWTVYIVMAGFAFSCLLTL|ss_nuc_start=297|ss_seq=TAAAAAT|tmd-SS_gap_size=35|ensembl_uniprot_annotation=No_uniprot_annotation|blastp_uniprot_annotation=Q9Y6A9|transcript_canonical_status=Canonical|TMD_dG_app=-0.89|SS_dG_fs=1.26|stem_loop_presence=No|fs_type=dual_-1|frame_transition=101|terminal_stop_codon=yes,M[15.9949]LEHLSSLPTQMDYKGQ,1,17,3,NA,NA,L,K562_LysN_ETD,4,20160202_alr_CompleteHumanProteome_K562_LysN_ETD_fr22_sub,NA
ensembl_transcript_id=ENST00000619898.5|ensembl_gene_id=ENSG00000114902.14|gene_name=SPCS1|tmd_start=45|tmd_end=64|tmd_seq=FGWTVYIVMAGFAFSCLLTL|ss_nuc_start=297|ss_seq=TAAAAAT|tmd-SS_gap_size=35|ensembl_uniprot_annotation=No_uniprot_annotation|blastp_uniprot_annotation=Q9Y6A9|transcript_canonical_status=Canonical|TMD_dG_app=-0.89|SS_dG_fs=1.26|stem_loop_presence=No|fs_type=dual_-1|frame_transition=101|terminal_stop_codon=yes,M[15.9949]LEHLSSLPTQMDYKGQ,1,17,3,NA,NA,L,K562_LysN_ETD,4,20160202_alr_CompleteHumanProteome_K562_LysN_ETD_fr23_sub,NA
ensembl_transcript_id=ENST00000619898.5|ensembl_gene_id=ENSG00000114902.14|gene_name=SPCS1|tmd_start=45|tmd_end=64|tmd_seq=FGWTVYIVMAGFAFSCLLTL|ss_nuc_start=297|ss_seq=TAAAAAT|tmd-SS_gap_size=35|ensembl_uniprot_annotation=No_uniprot_annotation|blastp_uniprot_annotation=Q9Y6A9|transcript_canonical_status=Canonical|TMD_dG_app=-0.89|SS_dG_fs=1.26|stem_loop_presence=No|fs_type=dual_-1|frame_transition=101|terminal_stop_codon=yes,M[15.9949]LEHLSSLPTQMDYKGQ,1,17,3,NA,NA,L,K562_LysN_ETD,4,20160202_alr_CompleteHumanProteome_K562_LysN_ETD_fr25_sub,2.699664E8
ensembl_transcript_id=ENST00000619898.5|ensembl_gene_id=ENSG00000114902.14|gene_name=SPCS1|tmd_start=45|tmd_end=64|tmd_seq=FGWTVYIVMAGFAFSCLLTL|ss_nuc_start=297|ss_seq=TAAAAAT|tmd-SS_gap_size=35|ensembl_uniprot_annotation=No_uniprot_annotation|blastp_uniprot_annotation=Q9Y6A9|transcript_canonical_status=Canonical|TMD_dG_app=-0.89|SS_dG_fs=1.26|stem_loop_presence=No|fs_type=dual_-1|frame_transition=101|terminal_stop_codon=yes,M[15.9949]LEHLSSLPTQMDYKGQ,1,17,3,NA,NA,L,K562_LysN_ETD,4,20160202_alr_CompleteHumanProteome_K562_LysN_ETD_fr26_sub,NA
ensembl_transcript_id=ENST00000619898.5|ensembl_gene_id=ENSG00000114902.14|gene_name=SPCS1|tmd_start=45|tmd_end=64|tmd_seq=FGWTVYIVMAGFAFSCLLTL|ss_nuc_start=297|ss_seq=TAAAAAT|tmd-SS_gap_size=35|ensembl_uniprot_annotation=No_uniprot_annotation|blastp_uniprot_annotation=Q9Y6A9|transcript_canonical_status=Canonical|TMD_dG_app=-0.89|SS_dG_fs=1.26|stem_loop_presence=No|fs_type=dual_-1|frame_transition=101|terminal_stop_codon=yes,M[15.9949]LEHLSSLPTQMDYKGQ,1,17,3,NA,NA,L,hESC_LysN_ETD,5,ETD_hES_LysN_12_sub,NA
ensembl_transcript_id=ENST00000619898.5|ensembl_gene_id=ENSG00000114902.14|gene_name=SPCS1|tmd_start=45|tmd_end=64|tmd_seq=FGWTVYIVMAGFAFSCLLTL|ss_nuc_start=297|ss_seq=TAAAAAT|tmd-SS_gap_size=35|ensembl_uniprot_annotation=No_uniprot_annotation|blastp_uniprot_annotation=Q9Y6A9|transcript_canonical_status=Canonical|TMD_dG_app=-0.89|SS_dG_fs=1.26|stem_loop_presence=No|fs_type=dual_-1|frame_transition=101|terminal_stop_codon=yes,M[15.9949]LEHLSSLPTQMDYKGQ,1,17,3,NA,NA,L,hESC_LysN_ETD,5,ETD_hES_LysN_15_sub,NA
ensembl_transcript_id=ENST00000619898.5|ensembl_gene_id=ENSG00000114902.14|gene_name=SPCS1|tmd_start=45|tmd_end=64|tmd_seq=FGWTVYIVMAGFAFSCLLTL|ss_nuc_start=297|ss_seq=TAAAAAT|tmd-SS_gap_size=35|ensembl_uniprot_annotation=No_uniprot_annotation|blastp_uniprot_annotation=Q9Y6A9|transcript_canonical_status=Canonical|TMD_dG_app=-0.89|SS_dG_fs=1.26|stem_loop_presence=No|fs_type=dual_-1|frame_transition=101|terminal_stop_codon=yes,M[15.9949]LEHLSSLPTQMDYKGQ,1,17,3,NA,NA,L,hESC_LysN_ETD,5,ETD_hES_LysN_8_sub,NA
ensembl_transcript_id=ENST00000619898.5|ensembl_gene_id=ENSG00000114902.14|gene_name=SPCS1|tmd_start=45|tmd_end=64|tmd_seq=FGWTVYIVMAGFAFSCLLTL|ss_nuc_start=297|ss_seq=TAAAAAT|tmd-SS_gap_size=35|ensembl_uniprot_annotation=No_uniprot_annotation|blastp_uniprot_annotation=Q9Y6A9|transcript_canonical_status=Canonical|TMD_dG_app=-0.89|SS_dG_fs=1.26|stem_loop_presence=No|fs_type=dual_-1|frame_transition=101|terminal_stop_codon=yes,M[15.9949]LEHLSSLPTQMDYKGQ,1,17,3,NA,NA,L,hESC_LysN_ETD,5,ETD_hES_LysN_9_sub,NA
ensembl_transcript_id=ENST00000619898.5|ensembl_gene_id=ENSG00000114902.14|gene_name=SPCS1|tmd_start=45|tmd_end=64|tmd_seq=FGWTVYIVMAGFAFSCLLTL|ss_nuc_start=297|ss_seq=TAAAAAT|tmd-SS_gap_size=35|ensembl_uniprot_annotation=No_uniprot_annotation|blastp_uniprot_annotation=Q9Y6A9|transcript_canonical_status=Canonical|TMD_dG_app=-0.89|SS_dG_fs=1.26|stem_loop_presence=No|fs_type=dual_-1|frame_transition=101|terminal_stop_codon=yes,M[15.9949]LEHLSSLPTQM[15.9949]DYKGQ,1,17,3,NA,NA,L,GM12878_LysN_ETD,1,20150104_alr_CompleteHumanProteome_GM12878_ETD_LysN_fr33_sub,NA
ensembl_transcript_id=ENST00000619898.5|ensembl_gene_id=ENSG00000114902.14|gene_name=SPCS1|tmd_start=45|tmd_end=64|tmd_seq=FGWTVYIVMAGFAFSCLLTL|ss_nuc_start=297|ss_seq=TAAAAAT|tmd-SS_gap_size=35|ensembl_uniprot_annotation=No_uniprot_annotation|blastp_uniprot_annotation=Q9Y6A9|transcript_canonical_status=Canonical|TMD_dG_app=-0.89|SS_dG_fs=1.26|stem_loop_presence=No|fs_type=dual_-1|frame_transition=101|terminal_stop_codon=yes,M[15.9949]LEHLSSLPTQM[15.9949]DYKGQ,1,17,3,NA,NA,L,HUVEC_LysN_ETD,2,20160110_alr_CompleteHumanProteome_HUVEC_LysN_ETD_fr3_sub,NA
ensembl_transcript_id=ENST00000619898.5|ensembl_gene_id=ENSG00000114902.14|gene_name=SPCS1|tmd_start=45|tmd_end=64|tmd_seq=FGWTVYIVMAGFAFSCLLTL|ss_nuc_start=297|ss_seq=TAAAAAT|tmd-SS_gap_size=35|ensembl_uniprot_annotation=No_uniprot_annotation|blastp_uniprot_annotation=Q9Y6A9|transcript_canonical_status=Canonical|TMD_dG_app=-0.89|SS_dG_fs=1.26|stem_loop_presence=No|fs_type=dual_-1|frame_transition=101|terminal_stop_codon=yes,M[15.9949]LEHLSSLPTQM[15.9949]DYKGQ,1,17,3,NA,NA,L,K562_LysN_ETD,4,20160202_alr_CompleteHumanProteome_K562_LysN_ETD_fr16_sub,NA
ensembl_transcript_id=ENST00000619898.5|ensembl_gene_id=ENSG00000114902.14|gene_name=SPCS1|tmd_start=45|tmd_end=64|tmd_seq=FGWTVYIVMAGFAFSCLLTL|ss_nuc_start=297|ss_seq=TAAAAAT|tmd-SS_gap_size=35|ensembl_uniprot_annotation=No_uniprot_annotation|blastp_uniprot_annotation=Q9Y6A9|transcript_canonical_status=Canonical|TMD_dG_app=-0.89|SS_dG_fs=1.26|stem_loop_presence=No|fs_type=dual_-1|frame_transition=101|terminal_stop_codon=yes,M[15.9949]LEHLSSLPTQM[15.9949]DYKGQ,1,17,3,NA,NA,L,K562_LysN_ETD,4,20160202_alr_CompleteHumanProteome_K562_LysN_ETD_fr18_sub,3.08371776E8
ensembl_transcript_id=ENST00000619898.5|ensembl_gene_id=ENSG00000114902.14|gene_name=SPCS1|tmd_start=45|tmd_end=64|tmd_seq=FGWTVYIVMAGFAFSCLLTL|ss_nuc_start=297|ss_seq=TAAAAAT|tmd-SS_gap_size=35|ensembl_uniprot_annotation=No_uniprot_annotation|blastp_uniprot_annotation=Q9Y6A9|transcript_canonical_status=Canonical|TMD_dG_app=-0.89|SS_dG_fs=1.26|stem_loop_presence=No|fs_type=dual_-1|frame_transition=101|terminal_stop_codon=yes,M[15.9949]LEHLSSLPTQM[15.9949]DYKGQ,1,17,3,NA,NA,L,K562_LysN_ETD,4,20160202_alr_CompleteHumanProteome_K562_LysN_ETD_fr19_sub,NA
ensembl_transcript_id=ENST00000619898.5|ensembl_gene_id=ENSG00000114902.14|gene_name=SPCS1|tmd_start=45|tmd_end=64|tmd_seq=FGWTVYIVMAGFAFSCLLTL|ss_nuc_start=297|ss_seq=TAAAAAT|tmd-SS_gap_size=35|ensembl_uniprot_annotation=No_uniprot_annotation|blastp_uniprot_annotation=Q9Y6A9|transcript_canonical_status=Canonical|TMD_dG_app=-0.89|SS_dG_fs=1.26|stem_loop_presence=No|fs_type=dual_-1|frame_transition=101|terminal_stop_codon=yes,M[15.9949]LEHLSSLPTQM[15.9949]DYKGQ,1,17,3,NA,NA,L,K562_LysN_ETD,4,20160202_alr_CompleteHumanProteome_K562_LysN_ETD_fr22_sub,NA
ensembl_transcript_id=ENST00000619898.5|ensembl_gene_id=ENSG00000114902.14|gene_name=SPCS1|tmd_start=45|tmd_end=64|tmd_seq=FGWTVYIVMAGFAFSCLLTL|ss_nuc_start=297|ss_seq=TAAAAAT|tmd-SS_gap_size=35|ensembl_uniprot_annotation=No_uniprot_annotation|blastp_uniprot_annotation=Q9Y6A9|transcript_canonical_status=Canonical|TMD_dG_app=-0.89|SS_dG_fs=1.26|stem_loop_presence=No|fs_type=dual_-1|frame_transition=101|terminal_stop_codon=yes,M[15.9949]LEHLSSLPTQM[15.9949]DYKGQ,1,17,3,NA,NA,L,K562_LysN_ETD,4,20160202_alr_CompleteHumanProteome_K562_LysN_ETD_fr23_sub,NA
ensembl_transcript_id=ENST00000619898.5|ensembl_gene_id=ENSG00000114902.14|gene_name=SPCS1|tmd_start=45|tmd_end=64|tmd_seq=FGWTVYIVMAGFAFSCLLTL|ss_nuc_start=297|ss_seq=TAAAAAT|tmd-SS_gap_size=35|ensembl_uniprot_annotation=No_uniprot_annotation|blastp_uniprot_annotation=Q9Y6A9|transcript_canonical_status=Canonical|TMD_dG_app=-0.89|SS_dG_fs=1.26|stem_loop_presence=No|fs_type=dual_-1|frame_transition=101|terminal_stop_codon=yes,M[15.9949]LEHLSSLPTQM[15.9949]DYKGQ,1,17,3,NA,NA,L,K562_LysN_ETD,4,20160202_alr_CompleteHumanProteome_K562_LysN_ETD_fr25_sub,1.08112384E8
ensembl_transcript_id=ENST00000619898.5|ensembl_gene_id=ENSG00000114902.14|gene_name=SPCS1|tmd_start=45|tmd_end=64|tmd_seq=FGWTVYIVMAGFAFSCLLTL|ss_nuc_start=297|ss_seq=TAAAAAT|tmd-SS_gap_size=35|ensembl_uniprot_annotation=No_uniprot_annotation|blastp_uniprot_annotation=Q9Y6A9|transcript_canonical_status=Canonical|TMD_dG_app=-0.89|SS_dG_fs=1.26|stem_loop_presence=No|fs_type=dual_-1|frame_transition=101|terminal_stop_codon=yes,M[15.9949]LEHLSSLPTQM[15.9949]DYKGQ,1,17,3,NA,NA,L,K562_LysN_ETD,4,20160202_alr_CompleteHumanProteome_K562_LysN_ETD_fr26_sub,NA
ensembl_transcript_id=ENST00000619898.5|ensembl_gene_id=ENSG00000114902.14|gene_name=SPCS1|tmd_start=45|tmd_end=64|tmd_seq=FGWTVYIVMAGFAFSCLLTL|ss_nuc_start=297|ss_seq=TAAAAAT|tmd-SS_gap_size=35|ensembl_uniprot_annotation=No_uniprot_annotation|blastp_uniprot_annotation=Q9Y6A9|transcript_canonical_status=Canonical|TMD_dG_app=-0.89|SS_dG_fs=1.26|stem_loop_presence=No|fs_type=dual_-1|frame_transition=101|terminal_stop_codon=yes,M[15.9949]LEHLSSLPTQM[15.9949]DYKGQ,1,17,3,NA,NA,L,hESC_LysN_ETD,5,ETD_hES_LysN_12_sub,NA
ensembl_transcript_id=ENST00000619898.5|ensembl_gene_id=ENSG00000114902.14|gene_name=SPCS1|tmd_start=45|tmd_end=64|tmd_seq=FGWTVYIVMAGFAFSCLLTL|ss_nuc_start=297|ss_seq=TAAAAAT|tmd-SS_gap_size=35|ensembl_uniprot_annotation=No_uniprot_annotation|blastp_uniprot_annotation=Q9Y6A9|transcript_canonical_status=Canonical|TMD_dG_app=-0.89|SS_dG_fs=1.26|stem_loop_presence=No|fs_type=dual_-1|frame_transition=101|terminal_stop_codon=yes,M[15.9949]LEHLSSLPTQM[15.9949]DYKGQ,1,17,3,NA,NA,L,hESC_LysN_ETD,5,ETD_hES_LysN_15_sub,NA
ensembl_transcript_id=ENST00000619898.5|ensembl_gene_id=ENSG00000114902.14|gene_name=SPCS1|tmd_start=45|tmd_end=64|tmd_seq=FGWTVYIVMAGFAFSCLLTL|ss_nuc_start=297|ss_seq=TAAAAAT|tmd-SS_gap_size=35|ensembl_uniprot_annotation=No_uniprot_annotation|blastp_uniprot_annotation=Q9Y6A9|transcript_canonical_status=Canonical|TMD_dG_app=-0.89|SS_dG_fs=1.26|stem_loop_presence=No|fs_type=dual_-1|frame_transition=101|terminal_stop_codon=yes,M[15.9949]LEHLSSLPTQM[15.9949]DYKGQ,1,17,3,NA,NA,L,hESC_LysN_ETD,5,ETD_hES_LysN_8_sub,NA
ensembl_transcript_id=ENST00000619898.5|ensembl_gene_id=ENSG00000114902.14|gene_name=SPCS1|tmd_start=45|tmd_end=64|tmd_seq=FGWTVYIVMAGFAFSCLLTL|ss_nuc_start=297|ss_seq=TAAAAAT|tmd-SS_gap_size=35|ensembl_uniprot_annotation=No_uniprot_annotation|blastp_uniprot_annotation=Q9Y6A9|transcript_canonical_status=Canonical|TMD_dG_app=-0.89|SS_dG_fs=1.26|stem_loop_presence=No|fs_type=dual_-1|frame_transition=101|terminal_stop_codon=yes,M[15.9949]LEHLSSLPTQM[15.9949]DYKGQ,1,17,3,NA,NA,L,hESC_LysN_ETD,5,ETD_hES_LysN_9_sub,NA
