PROTID	GENEID	PROTLEN	GM12878_GluC_CAD_SPC	GM12878_GluC_HCD_SPC	HUVEC_GluC_HCD_SPC	HeLa_GluC_HCD_SPC	HepG2_GluC_HCD_SPC	K562_GluC_HCD_SPC	hESC_GluC_CAD_SPC	hESC_GluC_HCD_SPC
na	na	na	GM12878_GluC_CAD	GM12878_GluC_HCD	HUVEC_GluC_HCD	HeLa_GluC_HCD	HepG2_GluC_HCD	K562_GluC_HCD	hESC_GluC_CAD	hESC_GluC_HCD
ensembl_transcript_id=ENST00000226760.5|ensembl_gene_id=ENSG00000109501.15|gene_name=WFS1|tmd_start=340|tmd_end=364|tmd_seq=FFAFFIPLVIFYLSFISMVICTLKV|ss_nuc_start=1257|ss_seq=CCCCATC|tmd-SS_gap_size=55|ensembl_uniprot_annotation=O76024|blastp_uniprot_annotation=O76024|transcript_canonical_status=Canonical|TMD_dG_app=-1.88|SS_dG_fs=2.41|stem_loop_presence=Yes|fs_type=dual_-1|frame_transition=421|terminal_stop_codon=yes		541	0	0	0	0	1	0	0	0
ensembl_transcript_id=ENST00000256707.8|ensembl_gene_id=ENSG00000134313.17|gene_name=KIDINS220|tmd_start=687|tmd_end=711|tmd_seq=LTVNAVLISIASVVGLAFVLNCRTW|ss_nuc_start=2265|ss_seq=GGCAAAA|tmd-SS_gap_size=44|ensembl_uniprot_annotation=Q9ULH0|blastp_uniprot_annotation=Q9ULH0|transcript_canonical_status=Canonical|TMD_dG_app=-0.69|SS_dG_fs=2.55|stem_loop_presence=Yes|fs_type=dual_-1|frame_transition=757|terminal_stop_codon=yes		759	0	0	1	0	0	0	0	0
ensembl_transcript_id=ENST00000282382.8|ensembl_gene_id=ENSG00000251201.8|gene_name=TMED7-TICAM2|tmd_start=16|tmd_end=35|tmd_seq=RWGCRLLALLLLVPGPGGAS|ss_nuc_start=267|ss_seq=GAAGAAA|tmd-SS_gap_size=54|ensembl_uniprot_annotation=No_uniprot_annotation|blastp_uniprot_annotation=Q86XR7|transcript_canonical_status=Canonical|TMD_dG_app=1.14|SS_dG_fs=2.86|stem_loop_presence=Yes|fs_type=dual_-1|frame_transition=91|terminal_stop_codon=yes		93	0	0	0	0	1	0	0	0
ensembl_transcript_id=ENST00000300289.10|ensembl_gene_id=ENSG00000167004.14|gene_name=PDIA3|tmd_start=1|tmd_end=24|tmd_seq=MRLRRLALFPGVALLLAAARLAAA|ss_nuc_start=219|ss_seq=ATTAAAA|tmd-SS_gap_size=49|ensembl_uniprot_annotation=P30101|blastp_uniprot_annotation=P30101|transcript_canonical_status=Canonical|TMD_dG_app=-1.76|SS_dG_fs=1.58|stem_loop_presence=Yes|fs_type=dual_-1|frame_transition=75|terminal_stop_codon=yes		83	0	4	0	0	1	0	0	0
ensembl_transcript_id=ENST00000328980.11|ensembl_gene_id=ENSG00000206306.10|gene_name=HLA-DRB1|tmd_start=4|tmd_end=28|tmd_seq=LRLPGGSCMAVLTVTLMVLSSPLAL|ss_nuc_start=219|ss_seq=GGGGGAG|tmd-SS_gap_size=45|ensembl_uniprot_annotation=No_uniprot_annotation|blastp_uniprot_annotation=P79483|transcript_canonical_status=Canonical|TMD_dG_app=0.49|SS_dG_fs=2.65|stem_loop_presence=Yes|fs_type=dual_-1|frame_transition=75|terminal_stop_codon=yes		85	2	26	0	0	0	0	0	0
ensembl_transcript_id=ENST00000336592.11|ensembl_gene_id=ENSG00000158290.19|gene_name=CUL4B|tmd_start=4|tmd_end=22|tmd_seq=VCPVTSGFSSPSPSAAAAA|ss_nuc_start=219|ss_seq=TCCTTTA|tmd-SS_gap_size=51|ensembl_uniprot_annotation=No_uniprot_annotation|blastp_uniprot_annotation=Q13620|transcript_canonical_status=Alternative|TMD_dG_app=7.27|SS_dG_fs=2.43|stem_loop_presence=Yes|fs_type=dual_-1|frame_transition=75|terminal_stop_codon=yes		108	0	0	0	0	1	1	0	2
ensembl_transcript_id=ENST00000399491.7|ensembl_gene_id=ENSG00000215048.13|gene_name=HLA-DPB1|tmd_start=11|tmd_end=32|tmd_seq=RTVALTALLMVLLTSVVQGRAT|ss_nuc_start=213|ss_seq=GGGGGAG|tmd-SS_gap_size=39|ensembl_uniprot_annotation=No_uniprot_annotation|blastp_uniprot_annotation=P04440|transcript_canonical_status=Alternative|TMD_dG_app=0.39|SS_dG_fs=2.65|stem_loop_presence=Yes|fs_type=dual_-1|frame_transition=73|terminal_stop_codon=yes		83	0	1	0	0	0	0	0	0
ensembl_transcript_id=ENST00000411558.6|ensembl_gene_id=ENSG00000230763.11|gene_name=HLA-DPB1|tmd_start=11|tmd_end=32|tmd_seq=RTVALTALLMVLLTSVVQGRAT|ss_nuc_start=213|ss_seq=GGGGGAG|tmd-SS_gap_size=39|ensembl_uniprot_annotation=No_uniprot_annotation|blastp_uniprot_annotation=P04440|transcript_canonical_status=Alternative|TMD_dG_app=0.39|SS_dG_fs=2.65|stem_loop_presence=Yes|fs_type=dual_-1|frame_transition=73|terminal_stop_codon=yes		83	0	3	0	0	0	0	0	0
ensembl_transcript_id=ENST00000416096.5|ensembl_gene_id=ENSG00000229215.9|gene_name=HLA-A|tmd_start=2|tmd_end=24|tmd_seq=AVMAPRTLLLLLSGALALTQTWA|ss_nuc_start=234|ss_seq=GGAGGGG|tmd-SS_gap_size=54|ensembl_uniprot_annotation=No_uniprot_annotation|blastp_uniprot_annotation=P04439|transcript_canonical_status=Alternative|TMD_dG_app=0.32|SS_dG_fs=2.65|stem_loop_presence=Yes|fs_type=dual_-1|frame_transition=80|terminal_stop_codon=yes		97	1	2	0	0	0	0	0	0
ensembl_transcript_id=ENST00000450808.2|ensembl_gene_id=ENSG00000162368.15|gene_name=CMPK1|tmd_start=4|tmd_end=27|tmd_seq=RCRSGLLHVLGLSFLLQTRRPILL|ss_nuc_start=207|ss_seq=GAATAAA|tmd-SS_gap_size=42|ensembl_uniprot_annotation=No_uniprot_annotation|blastp_uniprot_annotation=P30085|transcript_canonical_status=Alternative|TMD_dG_app=1.11|SS_dG_fs=1.64|stem_loop_presence=Yes|fs_type=hungry_-1|frame_transition=70|terminal_stop_codon=yes		70	0	0	0	0	1	0	0	0
ensembl_transcript_id=ENST00000456204.5|ensembl_gene_id=ENSG00000146729.10|gene_name=NIPSNAP2|tmd_start=11|tmd_end=34|tmd_seq=AAWAGGLLQRAAPCSLLPRLRTWT|ss_nuc_start=240|ss_seq=TGTTAAA|tmd-SS_gap_size=46|ensembl_uniprot_annotation=No_uniprot_annotation|blastp_uniprot_annotation=O75323|transcript_canonical_status=Alternative|TMD_dG_app=3.13|SS_dG_fs=2.42|stem_loop_presence=Yes|fs_type=hungry_-1|frame_transition=81|terminal_stop_codon=yes		81	0	0	0	0	1	0	0	0
ensembl_transcript_id=ENST00000585598.1|ensembl_gene_id=ENSG00000099341.13|gene_name=PSMD8|tmd_start=9|tmd_end=32|tmd_seq=AAGFSSSGPAATSGAVLQAATGMY|ss_nuc_start=258|ss_seq=GGGTGAA|tmd-SS_gap_size=54|ensembl_uniprot_annotation=No_uniprot_annotation|blastp_uniprot_annotation=P48556|transcript_canonical_status=Alternative|TMD_dG_app=5.09|SS_dG_fs=2.72|stem_loop_presence=Yes|fs_type=dual_-1|frame_transition=88|terminal_stop_codon=yes		111	0	0	3	0	1	3	0	0
ensembl_transcript_id=ENST00000612687.4|ensembl_gene_id=ENSG00000149428.21|gene_name=HYOU1|tmd_start=11|tmd_end=30|tmd_seq=RRRVCWALVAVLLADLLALS|ss_nuc_start=228|ss_seq=AAATGAA|tmd-SS_gap_size=46|ensembl_uniprot_annotation=No_uniprot_annotation|blastp_uniprot_annotation=Q9Y4L1|transcript_canonical_status=Alternative|TMD_dG_app=-0.66|SS_dG_fs=2.79|stem_loop_presence=Yes|fs_type=dual_-1|frame_transition=78|terminal_stop_codon=yes		90	0	0	0	0	1	0	0	0
ensembl_transcript_id=ENST00000633192.1|ensembl_gene_id=ENSG00000105854.13|gene_name=PON2|tmd_start=21|tmd_end=45|tmd_seq=AMGRLVAVGLLGIALALLGERLLAL|ss_nuc_start=249|ss_seq=GGCTTTT|tmd-SS_gap_size=38|ensembl_uniprot_annotation=No_uniprot_annotation|blastp_uniprot_annotation=Q15165|transcript_canonical_status=Alternative|TMD_dG_app=-1.64|SS_dG_fs=2.66|stem_loop_presence=Yes|fs_type=dual_-1|frame_transition=85|terminal_stop_codon=yes		86	0	0	1	0	0	1	0	0
ensembl_transcript_id=ENST00000643454.1|ensembl_gene_id=ENSG00000110436.13|gene_name=SLC1A2|tmd_start=118|tmd_end=139|tmd_seq=MVYYMSTTIIAAVLGVILVLAI|ss_nuc_start=567|ss_seq=GAAGAAA|tmd-SS_gap_size=50|ensembl_uniprot_annotation=No_uniprot_annotation|blastp_uniprot_annotation=P43004|transcript_canonical_status=Alternative|TMD_dG_app=-1.54|SS_dG_fs=2.86|stem_loop_presence=Yes|fs_type=dual_-1|frame_transition=191|terminal_stop_codon=yes		217	0	0	0	0	1	0	0	0
ensembl_transcript_id=ENST00000680220.1|ensembl_gene_id=ENSG00000174373.17|gene_name=RALGAPA1|tmd_start=1891|tmd_end=1914|tmd_seq=KRLVVSLLLCLLDWIMALPLKTLL|ss_nuc_start=5862|ss_seq=TTTTCCC|tmd-SS_gap_size=40|ensembl_uniprot_annotation=No_uniprot_annotation|blastp_uniprot_annotation=Q6GYQ0|transcript_canonical_status=Canonical|TMD_dG_app=-0.62|SS_dG_fs=1.73|stem_loop_presence=Yes|fs_type=dual_-1|frame_transition=1956|terminal_stop_codon=yes		1960	0	0	0	1	1	1	0	0
ensembl_transcript_id=ENST00000680411.1|ensembl_gene_id=ENSG00000150768.18|gene_name=DLAT|tmd_start=1|tmd_end=18|tmd_seq=MFLLFLFQVPLPSLSPTM|ss_nuc_start=210|ss_seq=GGATGTT|tmd-SS_gap_size=52|ensembl_uniprot_annotation=No_uniprot_annotation|blastp_uniprot_annotation=P10515|transcript_canonical_status=Alternative|TMD_dG_app=3.24|SS_dG_fs=2.37|stem_loop_presence=Yes|fs_type=dual_-1|frame_transition=72|terminal_stop_codon=yes		85	0	2	0	7	1	0	0	0
ensembl_transcript_id=ENST00000680679.1|ensembl_gene_id=ENSG00000136699.20|gene_name=SMPD4|tmd_start=455|tmd_end=472|tmd_seq=LLMYTKLFVGFLNRALRT|ss_nuc_start=1536|ss_seq=CATCCCC|tmd-SS_gap_size=40|ensembl_uniprot_annotation=No_uniprot_annotation|blastp_uniprot_annotation=Q9NXE4|transcript_canonical_status=Alternative|TMD_dG_app=2.49|SS_dG_fs=2.41|stem_loop_presence=Yes|fs_type=dual_-1|frame_transition=514|terminal_stop_codon=yes		539	0	1	0	1	7	0	0	1
ensembl_transcript_id=ENST00000700519.1|ensembl_gene_id=ENSG00000115760.16|gene_name=BIRC6|tmd_start=4371|tmd_end=4395|tmd_seq=LYRALLELLRAIASCAAMVPLLLPL|ss_nuc_start=13305|ss_seq=GGAAAAT|tmd-SS_gap_size=40|ensembl_uniprot_annotation=No_uniprot_annotation|blastp_uniprot_annotation=Q9NR09|transcript_canonical_status=Alternative|TMD_dG_app=0.39|SS_dG_fs=1.26|stem_loop_presence=Yes|fs_type=dual_-1|frame_transition=4437|terminal_stop_codon=yes		4438	0	1	0	0	1	1	0	4
P02753	RBP4	201	0	0	0	0	0	1	0	0
P02769	ALB	607	0	0	0	0	1	2	0	0
P0C1U8	sspA	336	0	0	1	1	20	7	0	0
P10599	TXN	105	0	0	0	0	4	5	0	0
P35908	KRT2	639	0	0	2	0	8	0	0	0
P62937	PPIA	165	0	0	0	0	54	71	0	0
P63279	UBE2I	158	0	0	0	0	1	0	0	0
Q06830	PRDX1	199	0	0	3	6	2	0	0	0
