PROTID	GENEID	GM12878_LysN_HCD_INT	HUVEC_LysN_HCD_INT	HeLa_LysN_HCD_INT	HepG2_LysN_HCD_INT	K562_LysN_HCD_INT	hESC_LysN_HCD_INT
na	na	GM12878_LysN_HCD	HUVEC_LysN_HCD	HeLa_LysN_HCD	HepG2_LysN_HCD	K562_LysN_HCD	hESC_LysN_HCD
ensembl_transcript_id=ENST00000222572.8|ensembl_gene_id=ENSG00000105854.13|gene_name=PON2|tmd_start=1|tmd_end=25|tmd_seq=MGRLVAVGLLGIALALLGERLLALR|ss_nuc_start=201|ss_seq=GGGTCTA|tmd-SS_gap_size=42|ensembl_uniprot_annotation=Q15165|blastp_uniprot_annotation=Q15165|transcript_canonical_status=Canonical|TMD_dG_app=-1.46|SS_dG_fs=2.26|stem_loop_presence=Yes|fs_type=dual_-1|frame_transition=69|terminal_stop_codon=yes		0	0	1.01164328E8	0	0	0
ensembl_transcript_id=ENST00000245206.10|ensembl_gene_id=ENSG00000125166.13|gene_name=GOT2|tmd_start=13|tmd_end=34|tmd_seq=IAAAFHPGLAAAASARASSWWT|ss_nuc_start=267|ss_seq=AAAAAAT|tmd-SS_gap_size=55|ensembl_uniprot_annotation=P00505|blastp_uniprot_annotation=P00505|transcript_canonical_status=Canonical|TMD_dG_app=3.74|SS_dG_fs=0.33|stem_loop_presence=Yes|fs_type=dual_-1|frame_transition=91|terminal_stop_codon=yes		0	0	0	0	7.1679421E9	0
ensembl_transcript_id=ENST00000253024.10|ensembl_gene_id=ENSG00000130726.12|gene_name=TRIM28|tmd_start=1|tmd_end=16|tmd_seq=MAASAAAASAAAASAA|ss_nuc_start=156|ss_seq=GGGGGGC|tmd-SS_gap_size=36|ensembl_uniprot_annotation=Q13263|blastp_uniprot_annotation=Q13263|transcript_canonical_status=Canonical|TMD_dG_app=3.83|SS_dG_fs=0.76|stem_loop_presence=Yes|fs_type=dual_-1|frame_transition=54|terminal_stop_codon=yes		0	0	0	0	0	633120.4
ensembl_transcript_id=ENST00000262982.3|ensembl_gene_id=ENSG00000124207.17|gene_name=CSE1L|tmd_start=786|tmd_end=806|tmd_seq=FIKSFLVFINLYCIKYGALAL|ss_nuc_start=2541|ss_seq=CAAATTA|tmd-SS_gap_size=41|ensembl_uniprot_annotation=P55060|blastp_uniprot_annotation=P55060|transcript_canonical_status=Canonical|TMD_dG_app=1.35|SS_dG_fs=2.51|stem_loop_presence=Yes|fs_type=dual_-1|frame_transition=849|terminal_stop_codon=yes		0	0	0	0	3.04415283E9	0
ensembl_transcript_id=ENST00000316218.12|ensembl_gene_id=ENSG00000065485.20|gene_name=PDIA5|tmd_start=1|tmd_end=21|tmd_seq=MARAGPAWLLLAIWVVLPSWL|ss_nuc_start=180|ss_seq=TGAAAAT|tmd-SS_gap_size=39|ensembl_uniprot_annotation=Q14554|blastp_uniprot_annotation=Q14554|transcript_canonical_status=Canonical|TMD_dG_app=-0.02|SS_dG_fs=2.79|stem_loop_presence=Yes|fs_type=dual_-1|frame_transition=62|terminal_stop_codon=yes		0	0	0	3.97074784E8	0	0
ensembl_transcript_id=ENST00000319595.7|ensembl_gene_id=ENSG00000179097.7|gene_name=HTR1F|tmd_start=291|tmd_end=311|tmd_seq=AATTLGLILGAFVICWLPFFV|ss_nuc_start=1047|ss_seq=CTTTAAT|tmd-SS_gap_size=38|ensembl_uniprot_annotation=P30939|blastp_uniprot_annotation=P30939|transcript_canonical_status=Canonical|TMD_dG_app=-1.66|SS_dG_fs=2.74|stem_loop_presence=Yes|fs_type=dual_-1|frame_transition=351|terminal_stop_codon=yes		9575975.0	0	0	0	0	0
ensembl_transcript_id=ENST00000336592.11|ensembl_gene_id=ENSG00000158290.19|gene_name=CUL4B|tmd_start=4|tmd_end=22|tmd_seq=VCPVTSGFSSPSPSAAAAA|ss_nuc_start=219|ss_seq=TCCTTTA|tmd-SS_gap_size=51|ensembl_uniprot_annotation=No_uniprot_annotation|blastp_uniprot_annotation=Q13620|transcript_canonical_status=Alternative|TMD_dG_app=7.27|SS_dG_fs=2.43|stem_loop_presence=Yes|fs_type=dual_-1|frame_transition=75|terminal_stop_codon=yes		0	0	2.7846198E7	0	0	0
ensembl_transcript_id=ENST00000379265.5|ensembl_gene_id=ENSG00000186891.14|gene_name=TNFRSF18|tmd_start=163|tmd_end=187|tmd_seq=LGWLTVVLLAVAACVLLLTSAQLGL|ss_nuc_start=675|ss_seq=GAAGGGG|tmd-SS_gap_size=38|ensembl_uniprot_annotation=Q9Y5U5|blastp_uniprot_annotation=Q9Y5U5|transcript_canonical_status=Alternative|TMD_dG_app=-2.88|SS_dG_fs=2.48|stem_loop_presence=Yes|fs_type=dual_-1|frame_transition=227|terminal_stop_codon=no		299501.28	0	0	0	0	0
ensembl_transcript_id=ENST00000381334.10|ensembl_gene_id=ENSG00000134851.13|gene_name=TMEM165|tmd_start=157|tmd_end=176|tmd_seq=VYTYYVSTVLFAIFGIRMLR|ss_nuc_start=678|ss_seq=GAAAAAG|tmd-SS_gap_size=50|ensembl_uniprot_annotation=Q9HC07|blastp_uniprot_annotation=Q9HC07|transcript_canonical_status=Canonical|TMD_dG_app=-0.47|SS_dG_fs=2.48|stem_loop_presence=Yes|fs_type=dual_-1|frame_transition=228|terminal_stop_codon=yes		0	0	2.39360208E8	0	0	0
ensembl_transcript_id=ENST00000409051.6|ensembl_gene_id=ENSG00000132305.22|gene_name=IMMT|tmd_start=46|tmd_end=67|tmd_seq=IAGAGLLFVGGGIGGTILYAKW|ss_nuc_start=354|ss_seq=GAAAGAA|tmd-SS_gap_size=51|ensembl_uniprot_annotation=No_uniprot_annotation|blastp_uniprot_annotation=Q16891|transcript_canonical_status=Alternative|TMD_dG_app=0.37|SS_dG_fs=2.84|stem_loop_presence=Yes|fs_type=hungry_-2|frame_transition=119|terminal_stop_codon=yes		2.04500768E8	0	2.0043768E8	0	9142501.0	2.1275266E7
ensembl_transcript_id=ENST00000471454.6|ensembl_gene_id=ENSG00000145087.14|gene_name=STXBP5L|tmd_start=828|tmd_end=848|tmd_seq=CLFVGTSLGMVLIISLNLPLA|ss_nuc_start=2697|ss_seq=TGAAAAT|tmd-SS_gap_size=51|ensembl_uniprot_annotation=No_uniprot_annotation|blastp_uniprot_annotation=Q9Y2K9|transcript_canonical_status=Canonical|TMD_dG_app=-0.26|SS_dG_fs=2.79|stem_loop_presence=Yes|fs_type=dual_-1|frame_transition=901|terminal_stop_codon=yes		0	0	0	0	0	1.0662512E7
ensembl_transcript_id=ENST00000585598.1|ensembl_gene_id=ENSG00000099341.13|gene_name=PSMD8|tmd_start=9|tmd_end=32|tmd_seq=AAGFSSSGPAATSGAVLQAATGMY|ss_nuc_start=258|ss_seq=GGGTGAA|tmd-SS_gap_size=54|ensembl_uniprot_annotation=No_uniprot_annotation|blastp_uniprot_annotation=P48556|transcript_canonical_status=Alternative|TMD_dG_app=5.09|SS_dG_fs=2.72|stem_loop_presence=Yes|fs_type=dual_-1|frame_transition=88|terminal_stop_codon=yes		0	0	0	0	1.30808544E8	0
ensembl_transcript_id=ENST00000619898.5|ensembl_gene_id=ENSG00000114902.14|gene_name=SPCS1|tmd_start=45|tmd_end=64|tmd_seq=FGWTVYIVMAGFAFSCLLTL|ss_nuc_start=297|ss_seq=TAAAAAT|tmd-SS_gap_size=35|ensembl_uniprot_annotation=No_uniprot_annotation|blastp_uniprot_annotation=Q9Y6A9|transcript_canonical_status=Canonical|TMD_dG_app=-0.89|SS_dG_fs=1.26|stem_loop_presence=No|fs_type=dual_-1|frame_transition=101|terminal_stop_codon=yes		7.0332045E8	1.60493325E9	2729171.0	1.35375424E9	1.56487117E9	1.29854093E9
ensembl_transcript_id=ENST00000678591.1|ensembl_gene_id=ENSG00000150093.20|gene_name=ITGB1|tmd_start=728|tmd_end=752|tmd_seq=IVAGVVAGIVLIGLALLLIWKLLMI|ss_nuc_start=2376|ss_seq=GGGAAAA|tmd-SS_gap_size=40|ensembl_uniprot_annotation=No_uniprot_annotation|blastp_uniprot_annotation=P05556|transcript_canonical_status=Alternative|TMD_dG_app=-3.69|SS_dG_fs=0.55|stem_loop_presence=No|fs_type=dual_-1|frame_transition=794|terminal_stop_codon=no		0	0	1.7687166E7	0	0	0
ensembl_transcript_id=ENST00000680220.1|ensembl_gene_id=ENSG00000174373.17|gene_name=RALGAPA1|tmd_start=1891|tmd_end=1914|tmd_seq=KRLVVSLLLCLLDWIMALPLKTLL|ss_nuc_start=5862|ss_seq=TTTTCCC|tmd-SS_gap_size=40|ensembl_uniprot_annotation=No_uniprot_annotation|blastp_uniprot_annotation=Q6GYQ0|transcript_canonical_status=Canonical|TMD_dG_app=-0.62|SS_dG_fs=1.73|stem_loop_presence=Yes|fs_type=dual_-1|frame_transition=1956|terminal_stop_codon=yes		0	4.8001048E7	4.2128576E7	1.12440168E8	0	0
ensembl_transcript_id=ENST00000714219.1|ensembl_gene_id=ENSG00000116521.12|gene_name=SCAMP3|tmd_start=206|tmd_end=230|tmd_seq=TAVSVLMLLVALLFTGIAVLGIVML|ss_nuc_start=819|ss_seq=TGAAAAT|tmd-SS_gap_size=43|ensembl_uniprot_annotation=No_uniprot_annotation|blastp_uniprot_annotation=O14828|transcript_canonical_status=Alternative|TMD_dG_app=-2.96|SS_dG_fs=2.79|stem_loop_presence=Yes|fs_type=hungry_-1|frame_transition=274|terminal_stop_codon=no		0	0	0	2.4170562E7	9.0587936E7	1.1983861E7
ensembl_transcript_id=ENST00000718260.1|ensembl_gene_id=ENSG00000198223.19|gene_name=CSF2RA|tmd_start=326|tmd_end=350|tmd_seq=YIYVLLIVGTLVCGIVLGFLFKRFL|ss_nuc_start=1161|ss_seq=AAAGAAT|tmd-SS_gap_size=37|ensembl_uniprot_annotation=No_uniprot_annotation|blastp_uniprot_annotation=P15509|transcript_canonical_status=Alternative|TMD_dG_app=-3.73|SS_dG_fs=2.81|stem_loop_presence=Yes|fs_type=dual_-1|frame_transition=389|terminal_stop_codon=yes		0	0	944297.5	0	0	0
O00762	UBE2C	0	0	936262.94	0	0	0
P00366	GLUD1	0	0	0	1.55650528E8	0	0
P09211	GSTP1	0	0	0	0	0	1.7159484E7
P10599	TXN	0	0	4.2875712E7	0	0	0
P12081	HARS1	1.61783091E9	0	0	0	0	0
P62937	PPIA	6.0693352E7	0	0	0	0	0
P62979	RPS27A	0	0	5.2046971E9	0	0	0
Q15843	NEDD8	7.108288E7	0	0	0	0	0
