Index	Gene	Protein	Protein ID	Peptide	Best Localization Probability	GM12878 Localization Probability	HUVEC Localization Probability	HeLa Localization Probability	HepG2 Localization Probability	K562 Localization Probability	hESC Localization Probability	GM12878 Intensity	HUVEC Intensity	HeLa Intensity	HepG2 Intensity	K562 Intensity	hESC Intensity	GM12878 MaxLFQ Intensity	HUVEC MaxLFQ Intensity	HeLa MaxLFQ Intensity	HepG2 MaxLFQ Intensity	K562 MaxLFQ Intensity	hESC MaxLFQ Intensity
P06396_M433	GSN	sp|P06396|GELS_HUMAN	P06396	VPFDAATLHTSTAmAAQHGmDDDGTGQK	1.0	0.0	1.0	0.0	0.0	0.0	0.0	0.0	4.1217692E7	0.0	0.0	0.0	0.0	0.0	0.0	0.0	0.0	0.0	0.0
P06396_M439	GSN	sp|P06396|GELS_HUMAN	P06396	VPFDAATLHTSTAmAAQHGmDDDGTGQK	1.0	0.0	1.0	0.0	0.0	0.0	0.0	0.0	4.1217692E7	0.0	0.0	0.0	0.0	0.0	0.0	0.0	0.0	0.0	0.0
P09211_M20	GSTP1	sp|P09211|GSTP1_HUMAN	P09211	mLLADQGQSWKEEVVTVETWQEGSLK	1.0	0.0	0.0	0.0	0.0	0.0	1.0	0.0	0.0	0.0	0.0	0.0	5.5031504E7	0.0	0.0	0.0	0.0	0.0	0.0
P62937_M136	PPIA	sp|P62937|PPIA_HUMAN	P62937	EGmNIVEAMER;VKEGmNIVEAMER	1.0	0.0	1.0	0.0	0.0	1.0	0.0	0.0	1.40519952E8	0.0	0.0	0.0	0.0	0.0	0.0	0.0	0.0	0.0	0.0
P62937_M142	PPIA	sp|P62937|PPIA_HUMAN	P62937	VKEGMNIVEAmER	1.0	0.0	1.0	0.0	0.0	0.0	0.0	0.0	8.6541848E7	0.0	0.0	0.0	0.0	0.0	0.0	0.0	0.0	0.0	0.0
Q06830_M21	PRDX1	sp|Q06830|PRDX1_HUMAN	Q06830	ATAVmPDGQFK	1.0	0.0	0.0	0.0	1.0	0.0	0.0	0.0	0.0	0.0	1.25553766E9	0.0	0.0	0.0	0.0	0.0	0.0	0.0	0.0
ensembl_transcript_id=ENST00000257857.9|ensembl_gene_id=ENSG00000135404.12|gene_name=CD63|tmd_start=52|tmd_end=76|tmd_seq=LLPVVIIAVGVFLFLVAFVGCCGAC|ss_nuc_start=381|ss_seq=GAAAAAC|tmd-SS_gap_size=51|ensembl_uniprot_annotation=P08962|blastp_uniprot_annotation=P08962|transcript_canonical_status=Canonical|TMD_dG_app=-2.77|SS_dG_fs=1.84|stem_loop_presence=Yes|fs_type=dual_-1|frame_transition=129|terminal_stop_codon=yes_M112		ensembl_transcript_id=ENST00000257857.9|ensembl_gene_id=ENSG00000135404.12|gene_name=CD63|tmd_start=52|tmd_end=76|tmd_seq=LLPVVIIAVGVFLFLVAFVGCCGAC|ss_nuc_start=381|ss_seq=GAAAAAC|tmd-SS_gap_size=51|ensembl_uniprot_annotation=P08962|blastp_uniprot_annotation=P08962|transcript_canonical_status=Canonical|TMD_dG_app=-2.77|SS_dG_fs=1.84|stem_loop_presence=Yes|fs_type=dual_-1|frame_transition=129|terminal_stop_codon=yes	ensembl_transcript_id=ENST00000257857.9|ensembl_gene_id=ENSG00000135404.12|gene_name=CD63|tmd_start=52|tmd_end=76|tmd_seq=LLPVVIIAVGVFLFLVAFVGCCGAC|ss_nuc_start=381|ss_seq=GAAAAAC|tmd-SS_gap_size=51|ensembl_uniprot_annotation=P08962|blastp_uniprot_annotation=P08962|transcript_canonical_status=Canonical|TMD_dG_app=-2.77|SS_dG_fs=1.84|stem_loop_presence=Yes|fs_type=dual_-1|frame_transition=129|terminal_stop_codon=yes	VmSEFNNNFR	1.0	0.0	1.0	0.0	0.0	0.0	0.0	0.0	2996223.0	0.0	0.0	0.0	0.0	0.0	0.0	0.0	0.0	0.0	0.0
ensembl_transcript_id=ENST00000262348.9|ensembl_gene_id=ENSG00000116729.14|gene_name=WLS|tmd_start=295|tmd_end=319|tmd_seq=WMLLFGDIRQGIFYAMLLSFWIIFC|ss_nuc_start=1086|ss_seq=GAATCCC|tmd-SS_gap_size=43|ensembl_uniprot_annotation=Q5T9L3|blastp_uniprot_annotation=Q5T9L3|transcript_canonical_status=Canonical|TMD_dG_app=0.10|SS_dG_fs=2.44|stem_loop_presence=Yes|fs_type=dual_-1|frame_transition=364|terminal_stop_codon=yes_M9		ensembl_transcript_id=ENST00000262348.9|ensembl_gene_id=ENSG00000116729.14|gene_name=WLS|tmd_start=295|tmd_end=319|tmd_seq=WMLLFGDIRQGIFYAMLLSFWIIFC|ss_nuc_start=1086|ss_seq=GAATCCC|tmd-SS_gap_size=43|ensembl_uniprot_annotation=Q5T9L3|blastp_uniprot_annotation=Q5T9L3|transcript_canonical_status=Canonical|TMD_dG_app=0.10|SS_dG_fs=2.44|stem_loop_presence=Yes|fs_type=dual_-1|frame_transition=364|terminal_stop_codon=yes	ensembl_transcript_id=ENST00000262348.9|ensembl_gene_id=ENSG00000116729.14|gene_name=WLS|tmd_start=295|tmd_end=319|tmd_seq=WMLLFGDIRQGIFYAMLLSFWIIFC|ss_nuc_start=1086|ss_seq=GAATCCC|tmd-SS_gap_size=43|ensembl_uniprot_annotation=Q5T9L3|blastp_uniprot_annotation=Q5T9L3|transcript_canonical_status=Canonical|TMD_dG_app=0.10|SS_dG_fs=2.44|stem_loop_presence=Yes|fs_type=dual_-1|frame_transition=364|terminal_stop_codon=yes	AGAIIENmSTK	1.0	0.0	1.0	0.0	0.0	0.0	0.0	0.0	9120730.0	0.0	0.0	0.0	0.0	0.0	0.0	0.0	0.0	0.0	0.0
ensembl_transcript_id=ENST00000295598.10|ensembl_gene_id=ENSG00000163399.16|gene_name=ATP1A1|tmd_start=916|tmd_end=937|tmd_seq=FTCHTAFFVSIVVVQWADLVIC|ss_nuc_start=2919|ss_seq=AATGGGT|tmd-SS_gap_size=36|ensembl_uniprot_annotation=P05023|blastp_uniprot_annotation=P05023|transcript_canonical_status=Canonical|TMD_dG_app=1.20|SS_dG_fs=2.83|stem_loop_presence=Yes|fs_type=dual_-1|frame_transition=975|terminal_stop_codon=yes_M386		ensembl_transcript_id=ENST00000295598.10|ensembl_gene_id=ENSG00000163399.16|gene_name=ATP1A1|tmd_start=916|tmd_end=937|tmd_seq=FTCHTAFFVSIVVVQWADLVIC|ss_nuc_start=2919|ss_seq=AATGGGT|tmd-SS_gap_size=36|ensembl_uniprot_annotation=P05023|blastp_uniprot_annotation=P05023|transcript_canonical_status=Canonical|TMD_dG_app=1.20|SS_dG_fs=2.83|stem_loop_presence=Yes|fs_type=dual_-1|frame_transition=975|terminal_stop_codon=yes	ensembl_transcript_id=ENST00000295598.10|ensembl_gene_id=ENSG00000163399.16|gene_name=ATP1A1|tmd_start=916|tmd_end=937|tmd_seq=FTCHTAFFVSIVVVQWADLVIC|ss_nuc_start=2919|ss_seq=AATGGGT|tmd-SS_gap_size=36|ensembl_uniprot_annotation=P05023|blastp_uniprot_annotation=P05023|transcript_canonical_status=Canonical|TMD_dG_app=1.20|SS_dG_fs=2.83|stem_loop_presence=Yes|fs_type=dual_-1|frame_transition=975|terminal_stop_codon=yes	mTVAHMWFDNQIHEADTTENQSGVSFDK;mTVAHmWFDNQIHEADTTENQSGVSFDK	1.0	0.0	1.0	0.0	0.0	0.0	1.0	0.0	6.3544416E7	0.0	0.0	0.0	3778898.5	0.0	0.0	0.0	0.0	0.0	0.0
ensembl_transcript_id=ENST00000295598.10|ensembl_gene_id=ENSG00000163399.16|gene_name=ATP1A1|tmd_start=916|tmd_end=937|tmd_seq=FTCHTAFFVSIVVVQWADLVIC|ss_nuc_start=2919|ss_seq=AATGGGT|tmd-SS_gap_size=36|ensembl_uniprot_annotation=P05023|blastp_uniprot_annotation=P05023|transcript_canonical_status=Canonical|TMD_dG_app=1.20|SS_dG_fs=2.83|stem_loop_presence=Yes|fs_type=dual_-1|frame_transition=975|terminal_stop_codon=yes_M391		ensembl_transcript_id=ENST00000295598.10|ensembl_gene_id=ENSG00000163399.16|gene_name=ATP1A1|tmd_start=916|tmd_end=937|tmd_seq=FTCHTAFFVSIVVVQWADLVIC|ss_nuc_start=2919|ss_seq=AATGGGT|tmd-SS_gap_size=36|ensembl_uniprot_annotation=P05023|blastp_uniprot_annotation=P05023|transcript_canonical_status=Canonical|TMD_dG_app=1.20|SS_dG_fs=2.83|stem_loop_presence=Yes|fs_type=dual_-1|frame_transition=975|terminal_stop_codon=yes	ensembl_transcript_id=ENST00000295598.10|ensembl_gene_id=ENSG00000163399.16|gene_name=ATP1A1|tmd_start=916|tmd_end=937|tmd_seq=FTCHTAFFVSIVVVQWADLVIC|ss_nuc_start=2919|ss_seq=AATGGGT|tmd-SS_gap_size=36|ensembl_uniprot_annotation=P05023|blastp_uniprot_annotation=P05023|transcript_canonical_status=Canonical|TMD_dG_app=1.20|SS_dG_fs=2.83|stem_loop_presence=Yes|fs_type=dual_-1|frame_transition=975|terminal_stop_codon=yes	mTVAHmWFDNQIHEADTTENQSGVSFDK	1.0	0.0	1.0	0.0	0.0	0.0	0.0	0.0	6.3544416E7	0.0	0.0	0.0	0.0	0.0	0.0	0.0	0.0	0.0	0.0
ensembl_transcript_id=ENST00000300648.7|ensembl_gene_id=ENSG00000089154.11|gene_name=GCN1|tmd_start=2322|tmd_end=2341|tmd_seq=VKAALLETLSLLLAKVGIAL|ss_nuc_start=7143|ss_seq=GGACCCC|tmd-SS_gap_size=40|ensembl_uniprot_annotation=Q92616|blastp_uniprot_annotation=Q92616|transcript_canonical_status=Canonical|TMD_dG_app=2.15|SS_dG_fs=2.61|stem_loop_presence=Yes|fs_type=dual_-1|frame_transition=2383|terminal_stop_codon=yes_M952		ensembl_transcript_id=ENST00000300648.7|ensembl_gene_id=ENSG00000089154.11|gene_name=GCN1|tmd_start=2322|tmd_end=2341|tmd_seq=VKAALLETLSLLLAKVGIAL|ss_nuc_start=7143|ss_seq=GGACCCC|tmd-SS_gap_size=40|ensembl_uniprot_annotation=Q92616|blastp_uniprot_annotation=Q92616|transcript_canonical_status=Canonical|TMD_dG_app=2.15|SS_dG_fs=2.61|stem_loop_presence=Yes|fs_type=dual_-1|frame_transition=2383|terminal_stop_codon=yes	ensembl_transcript_id=ENST00000300648.7|ensembl_gene_id=ENSG00000089154.11|gene_name=GCN1|tmd_start=2322|tmd_end=2341|tmd_seq=VKAALLETLSLLLAKVGIAL|ss_nuc_start=7143|ss_seq=GGACCCC|tmd-SS_gap_size=40|ensembl_uniprot_annotation=Q92616|blastp_uniprot_annotation=Q92616|transcript_canonical_status=Canonical|TMD_dG_app=2.15|SS_dG_fs=2.61|stem_loop_presence=Yes|fs_type=dual_-1|frame_transition=2383|terminal_stop_codon=yes	AVmLLHTHTITSR	1.0	0.0	1.0	0.0	0.0	0.0	0.0	0.0	5896005.5	0.0	0.0	0.0	0.0	0.0	0.0	0.0	0.0	0.0	0.0
ensembl_transcript_id=ENST00000308330.3|ensembl_gene_id=ENSG00000174106.3|gene_name=LEMD3|tmd_start=632|tmd_end=656|tmd_seq=THRLLLLCLGVVMVCVVLRYMKYRW|ss_nuc_start=2106|ss_seq=CTTAATA|tmd-SS_gap_size=46|ensembl_uniprot_annotation=Q9Y2U8|blastp_uniprot_annotation=Q9Y2U8|transcript_canonical_status=Canonical|TMD_dG_app=-2.86|SS_dG_fs=2.56|stem_loop_presence=Yes|fs_type=dual_-1|frame_transition=704|terminal_stop_codon=yes_M375		ensembl_transcript_id=ENST00000308330.3|ensembl_gene_id=ENSG00000174106.3|gene_name=LEMD3|tmd_start=632|tmd_end=656|tmd_seq=THRLLLLCLGVVMVCVVLRYMKYRW|ss_nuc_start=2106|ss_seq=CTTAATA|tmd-SS_gap_size=46|ensembl_uniprot_annotation=Q9Y2U8|blastp_uniprot_annotation=Q9Y2U8|transcript_canonical_status=Canonical|TMD_dG_app=-2.86|SS_dG_fs=2.56|stem_loop_presence=Yes|fs_type=dual_-1|frame_transition=704|terminal_stop_codon=yes	ensembl_transcript_id=ENST00000308330.3|ensembl_gene_id=ENSG00000174106.3|gene_name=LEMD3|tmd_start=632|tmd_end=656|tmd_seq=THRLLLLCLGVVMVCVVLRYMKYRW|ss_nuc_start=2106|ss_seq=CTTAATA|tmd-SS_gap_size=46|ensembl_uniprot_annotation=Q9Y2U8|blastp_uniprot_annotation=Q9Y2U8|transcript_canonical_status=Canonical|TMD_dG_app=-2.86|SS_dG_fs=2.56|stem_loop_presence=Yes|fs_type=dual_-1|frame_transition=704|terminal_stop_codon=yes	KLTPLLPPPLTDmDSTLDSSTGSLLK	1.0	0.0	0.0	0.0	0.0	0.0	1.0	0.0	0.0	0.0	0.0	0.0	3.3099688E7	0.0	0.0	0.0	0.0	0.0	0.0
ensembl_transcript_id=ENST00000308696.11|ensembl_gene_id=ENSG00000173692.14|gene_name=PSMD1|tmd_start=757|tmd_end=775|tmd_seq=MPSVVGVLVFTQFWFWFPL|ss_nuc_start=2460|ss_seq=AAAAGAA|tmd-SS_gap_size=45|ensembl_uniprot_annotation=Q99460|blastp_uniprot_annotation=Q99460|transcript_canonical_status=Canonical|TMD_dG_app=1.26|SS_dG_fs=2.46|stem_loop_presence=Yes|fs_type=dual_-1|frame_transition=822|terminal_stop_codon=yes_M560		ensembl_transcript_id=ENST00000308696.11|ensembl_gene_id=ENSG00000173692.14|gene_name=PSMD1|tmd_start=757|tmd_end=775|tmd_seq=MPSVVGVLVFTQFWFWFPL|ss_nuc_start=2460|ss_seq=AAAAGAA|tmd-SS_gap_size=45|ensembl_uniprot_annotation=Q99460|blastp_uniprot_annotation=Q99460|transcript_canonical_status=Canonical|TMD_dG_app=1.26|SS_dG_fs=2.46|stem_loop_presence=Yes|fs_type=dual_-1|frame_transition=822|terminal_stop_codon=yes	ensembl_transcript_id=ENST00000308696.11|ensembl_gene_id=ENSG00000173692.14|gene_name=PSMD1|tmd_start=757|tmd_end=775|tmd_seq=MPSVVGVLVFTQFWFWFPL|ss_nuc_start=2460|ss_seq=AAAAGAA|tmd-SS_gap_size=45|ensembl_uniprot_annotation=Q99460|blastp_uniprot_annotation=Q99460|transcript_canonical_status=Canonical|TMD_dG_app=1.26|SS_dG_fs=2.46|stem_loop_presence=Yes|fs_type=dual_-1|frame_transition=822|terminal_stop_codon=yes	mEEADALIESLCR	1.0	0.0	0.0	0.0	0.0	1.0	0.0	0.0	0.0	0.0	0.0	4.745334E7	0.0	0.0	0.0	0.0	0.0	0.0	0.0
ensembl_transcript_id=ENST00000320560.13|ensembl_gene_id=ENSG00000177119.17|gene_name=ANO6|tmd_start=827|tmd_end=851|tmd_seq=YWHVIAAKLAFIIVMEHVIYSVKFF|ss_nuc_start=2661|ss_seq=GAAAAAT|tmd-SS_gap_size=36|ensembl_uniprot_annotation=Q4KMQ2|blastp_uniprot_annotation=Q4KMQ2|transcript_canonical_status=Canonical|TMD_dG_app=0.93|SS_dG_fs=0.71|stem_loop_presence=Yes|fs_type=dual_-1|frame_transition=889|terminal_stop_codon=yes_M347		ensembl_transcript_id=ENST00000320560.13|ensembl_gene_id=ENSG00000177119.17|gene_name=ANO6|tmd_start=827|tmd_end=851|tmd_seq=YWHVIAAKLAFIIVMEHVIYSVKFF|ss_nuc_start=2661|ss_seq=GAAAAAT|tmd-SS_gap_size=36|ensembl_uniprot_annotation=Q4KMQ2|blastp_uniprot_annotation=Q4KMQ2|transcript_canonical_status=Canonical|TMD_dG_app=0.93|SS_dG_fs=0.71|stem_loop_presence=Yes|fs_type=dual_-1|frame_transition=889|terminal_stop_codon=yes	ensembl_transcript_id=ENST00000320560.13|ensembl_gene_id=ENSG00000177119.17|gene_name=ANO6|tmd_start=827|tmd_end=851|tmd_seq=YWHVIAAKLAFIIVMEHVIYSVKFF|ss_nuc_start=2661|ss_seq=GAAAAAT|tmd-SS_gap_size=36|ensembl_uniprot_annotation=Q4KMQ2|blastp_uniprot_annotation=Q4KMQ2|transcript_canonical_status=Canonical|TMD_dG_app=0.93|SS_dG_fs=0.71|stem_loop_presence=Yes|fs_type=dual_-1|frame_transition=889|terminal_stop_codon=yes	IImCPQCDR	1.0	0.0	1.0	0.0	0.0	0.0	0.0	0.0	3.6968744E7	0.0	0.0	0.0	0.0	0.0	0.0	0.0	0.0	0.0	0.0
ensembl_transcript_id=ENST00000350997.12|ensembl_gene_id=ENSG00000149485.19|gene_name=FADS1|tmd_start=321|tmd_end=345|tmd_seq=KYFFLIGPPALLPLYFQWYIFYFVI|ss_nuc_start=1197|ss_seq=TATTCCC|tmd-SS_gap_size=54|ensembl_uniprot_annotation=No_uniprot_annotation|blastp_uniprot_annotation=O60427|transcript_canonical_status=Canonical|TMD_dG_app=0.41|SS_dG_fs=2.54|stem_loop_presence=Yes|fs_type=dual_-1|frame_transition=401|terminal_stop_codon=yes_M58		ensembl_transcript_id=ENST00000350997.12|ensembl_gene_id=ENSG00000149485.19|gene_name=FADS1|tmd_start=321|tmd_end=345|tmd_seq=KYFFLIGPPALLPLYFQWYIFYFVI|ss_nuc_start=1197|ss_seq=TATTCCC|tmd-SS_gap_size=54|ensembl_uniprot_annotation=No_uniprot_annotation|blastp_uniprot_annotation=O60427|transcript_canonical_status=Canonical|TMD_dG_app=0.41|SS_dG_fs=2.54|stem_loop_presence=Yes|fs_type=dual_-1|frame_transition=401|terminal_stop_codon=yes	ensembl_transcript_id=ENST00000350997.12|ensembl_gene_id=ENSG00000149485.19|gene_name=FADS1|tmd_start=321|tmd_end=345|tmd_seq=KYFFLIGPPALLPLYFQWYIFYFVI|ss_nuc_start=1197|ss_seq=TATTCCC|tmd-SS_gap_size=54|ensembl_uniprot_annotation=No_uniprot_annotation|blastp_uniprot_annotation=O60427|transcript_canonical_status=Canonical|TMD_dG_app=0.41|SS_dG_fs=2.54|stem_loop_presence=Yes|fs_type=dual_-1|frame_transition=401|terminal_stop_codon=yes	PAmAPDPVAAETAAQGPTPR	1.0	0.0	1.0	0.0	0.0	0.0	0.0	0.0	8965101.0	0.0	0.0	0.0	0.0	0.0	0.0	0.0	0.0	0.0	0.0
ensembl_transcript_id=ENST00000358334.9|ensembl_gene_id=ENSG00000138119.17|gene_name=MYOF|tmd_start=347|tmd_end=367|tmd_seq=LLLPAGIALRWVTFLLKIYRA|ss_nuc_start=1242|ss_seq=GAAAAAT|tmd-SS_gap_size=47|ensembl_uniprot_annotation=Q9NZM1|blastp_uniprot_annotation=Q9NZM1|transcript_canonical_status=Alternative|TMD_dG_app=1.29|SS_dG_fs=0.71|stem_loop_presence=Yes|fs_type=dual_-1|frame_transition=416|terminal_stop_codon=yes_M296		ensembl_transcript_id=ENST00000358334.9|ensembl_gene_id=ENSG00000138119.17|gene_name=MYOF|tmd_start=347|tmd_end=367|tmd_seq=LLLPAGIALRWVTFLLKIYRA|ss_nuc_start=1242|ss_seq=GAAAAAT|tmd-SS_gap_size=47|ensembl_uniprot_annotation=Q9NZM1|blastp_uniprot_annotation=Q9NZM1|transcript_canonical_status=Alternative|TMD_dG_app=1.29|SS_dG_fs=0.71|stem_loop_presence=Yes|fs_type=dual_-1|frame_transition=416|terminal_stop_codon=yes	ensembl_transcript_id=ENST00000358334.9|ensembl_gene_id=ENSG00000138119.17|gene_name=MYOF|tmd_start=347|tmd_end=367|tmd_seq=LLLPAGIALRWVTFLLKIYRA|ss_nuc_start=1242|ss_seq=GAAAAAT|tmd-SS_gap_size=47|ensembl_uniprot_annotation=Q9NZM1|blastp_uniprot_annotation=Q9NZM1|transcript_canonical_status=Alternative|TMD_dG_app=1.29|SS_dG_fs=0.71|stem_loop_presence=Yes|fs_type=dual_-1|frame_transition=416|terminal_stop_codon=yes	IDVGFVYDEPGHAVmR	1.0	0.0	1.0	0.0	0.0	0.0	0.0	0.0	5.2149328E7	0.0	0.0	0.0	0.0	0.0	0.0	0.0	0.0	0.0	0.0
ensembl_transcript_id=ENST00000359337.9|ensembl_gene_id=ENSG00000196576.16|gene_name=PLXNB2|tmd_start=1198|tmd_end=1222|tmd_seq=LSLILPLVIVPMVVVIAVSVYCYWR|ss_nuc_start=3813|ss_seq=CATCCCC|tmd-SS_gap_size=49|ensembl_uniprot_annotation=O15031|blastp_uniprot_annotation=O15031|transcript_canonical_status=Canonical|TMD_dG_app=-2.70|SS_dG_fs=2.41|stem_loop_presence=Yes|fs_type=dual_-1|frame_transition=1273|terminal_stop_codon=yes_M1123		ensembl_transcript_id=ENST00000359337.9|ensembl_gene_id=ENSG00000196576.16|gene_name=PLXNB2|tmd_start=1198|tmd_end=1222|tmd_seq=LSLILPLVIVPMVVVIAVSVYCYWR|ss_nuc_start=3813|ss_seq=CATCCCC|tmd-SS_gap_size=49|ensembl_uniprot_annotation=O15031|blastp_uniprot_annotation=O15031|transcript_canonical_status=Canonical|TMD_dG_app=-2.70|SS_dG_fs=2.41|stem_loop_presence=Yes|fs_type=dual_-1|frame_transition=1273|terminal_stop_codon=yes	ensembl_transcript_id=ENST00000359337.9|ensembl_gene_id=ENSG00000196576.16|gene_name=PLXNB2|tmd_start=1198|tmd_end=1222|tmd_seq=LSLILPLVIVPMVVVIAVSVYCYWR|ss_nuc_start=3813|ss_seq=CATCCCC|tmd-SS_gap_size=49|ensembl_uniprot_annotation=O15031|blastp_uniprot_annotation=O15031|transcript_canonical_status=Canonical|TMD_dG_app=-2.70|SS_dG_fs=2.41|stem_loop_presence=Yes|fs_type=dual_-1|frame_transition=1273|terminal_stop_codon=yes	AmTLQEAEAFVGAER	1.0	1.0	0.0	0.0	0.0	0.0	0.0	1761011.5	0.0	0.0	0.0	0.0	0.0	0.0	0.0	0.0	0.0	0.0	0.0
ensembl_transcript_id=ENST00000369002.9|ensembl_gene_id=ENSG00000025796.14|gene_name=SEC63|tmd_start=190|tmd_end=214|tmd_seq=ILVLLVYGLAFMVILPVVVGSWWYR|ss_nuc_start=780|ss_seq=TAATAAA|tmd-SS_gap_size=46|ensembl_uniprot_annotation=Q9UGP8|blastp_uniprot_annotation=Q9UGP8|transcript_canonical_status=Canonical|TMD_dG_app=-3.02|SS_dG_fs=2.74|stem_loop_presence=Yes|fs_type=dual_-1|frame_transition=262|terminal_stop_codon=yes_M248		ensembl_transcript_id=ENST00000369002.9|ensembl_gene_id=ENSG00000025796.14|gene_name=SEC63|tmd_start=190|tmd_end=214|tmd_seq=ILVLLVYGLAFMVILPVVVGSWWYR|ss_nuc_start=780|ss_seq=TAATAAA|tmd-SS_gap_size=46|ensembl_uniprot_annotation=Q9UGP8|blastp_uniprot_annotation=Q9UGP8|transcript_canonical_status=Canonical|TMD_dG_app=-3.02|SS_dG_fs=2.74|stem_loop_presence=Yes|fs_type=dual_-1|frame_transition=262|terminal_stop_codon=yes	ensembl_transcript_id=ENST00000369002.9|ensembl_gene_id=ENSG00000025796.14|gene_name=SEC63|tmd_start=190|tmd_end=214|tmd_seq=ILVLLVYGLAFMVILPVVVGSWWYR|ss_nuc_start=780|ss_seq=TAATAAA|tmd-SS_gap_size=46|ensembl_uniprot_annotation=Q9UGP8|blastp_uniprot_annotation=Q9UGP8|transcript_canonical_status=Canonical|TMD_dG_app=-3.02|SS_dG_fs=2.74|stem_loop_presence=Yes|fs_type=dual_-1|frame_transition=262|terminal_stop_codon=yes	LImVLAGASEFDPQYNKR	1.0	0.0	0.0	0.0	0.0	0.0	1.0	0.0	0.0	0.0	0.0	0.0	2355788.8	0.0	0.0	0.0	0.0	0.0	0.0
ensembl_transcript_id=ENST00000422694.6|ensembl_gene_id=ENSG00000224264.9|gene_name=VARS1|tmd_start=825|tmd_end=846|tmd_seq=ILFFWVARMVMLGLKLTGRLPF|ss_nuc_start=2682|ss_seq=GGATCCC|tmd-SS_gap_size=48|ensembl_uniprot_annotation=P26640|blastp_uniprot_annotation=P26640|transcript_canonical_status=Canonical|TMD_dG_app=0.67|SS_dG_fs=2.61|stem_loop_presence=Yes|fs_type=dual_-1|frame_transition=896|terminal_stop_codon=yes_M338		ensembl_transcript_id=ENST00000422694.6|ensembl_gene_id=ENSG00000224264.9|gene_name=VARS1|tmd_start=825|tmd_end=846|tmd_seq=ILFFWVARMVMLGLKLTGRLPF|ss_nuc_start=2682|ss_seq=GGATCCC|tmd-SS_gap_size=48|ensembl_uniprot_annotation=P26640|blastp_uniprot_annotation=P26640|transcript_canonical_status=Canonical|TMD_dG_app=0.67|SS_dG_fs=2.61|stem_loop_presence=Yes|fs_type=dual_-1|frame_transition=896|terminal_stop_codon=yes	ensembl_transcript_id=ENST00000422694.6|ensembl_gene_id=ENSG00000224264.9|gene_name=VARS1|tmd_start=825|tmd_end=846|tmd_seq=ILFFWVARMVMLGLKLTGRLPF|ss_nuc_start=2682|ss_seq=GGATCCC|tmd-SS_gap_size=48|ensembl_uniprot_annotation=P26640|blastp_uniprot_annotation=P26640|transcript_canonical_status=Canonical|TMD_dG_app=0.67|SS_dG_fs=2.61|stem_loop_presence=Yes|fs_type=dual_-1|frame_transition=896|terminal_stop_codon=yes	GVFmmCIPPPNVTGSLHLGHALTNAIQDSLTR	1.0	0.0	0.0	0.0	0.0	0.0	1.0	0.0	0.0	0.0	0.0	0.0	4.60286304E8	0.0	0.0	0.0	0.0	0.0	0.0
ensembl_transcript_id=ENST00000422694.6|ensembl_gene_id=ENSG00000224264.9|gene_name=VARS1|tmd_start=825|tmd_end=846|tmd_seq=ILFFWVARMVMLGLKLTGRLPF|ss_nuc_start=2682|ss_seq=GGATCCC|tmd-SS_gap_size=48|ensembl_uniprot_annotation=P26640|blastp_uniprot_annotation=P26640|transcript_canonical_status=Canonical|TMD_dG_app=0.67|SS_dG_fs=2.61|stem_loop_presence=Yes|fs_type=dual_-1|frame_transition=896|terminal_stop_codon=yes_M339		ensembl_transcript_id=ENST00000422694.6|ensembl_gene_id=ENSG00000224264.9|gene_name=VARS1|tmd_start=825|tmd_end=846|tmd_seq=ILFFWVARMVMLGLKLTGRLPF|ss_nuc_start=2682|ss_seq=GGATCCC|tmd-SS_gap_size=48|ensembl_uniprot_annotation=P26640|blastp_uniprot_annotation=P26640|transcript_canonical_status=Canonical|TMD_dG_app=0.67|SS_dG_fs=2.61|stem_loop_presence=Yes|fs_type=dual_-1|frame_transition=896|terminal_stop_codon=yes	ensembl_transcript_id=ENST00000422694.6|ensembl_gene_id=ENSG00000224264.9|gene_name=VARS1|tmd_start=825|tmd_end=846|tmd_seq=ILFFWVARMVMLGLKLTGRLPF|ss_nuc_start=2682|ss_seq=GGATCCC|tmd-SS_gap_size=48|ensembl_uniprot_annotation=P26640|blastp_uniprot_annotation=P26640|transcript_canonical_status=Canonical|TMD_dG_app=0.67|SS_dG_fs=2.61|stem_loop_presence=Yes|fs_type=dual_-1|frame_transition=896|terminal_stop_codon=yes	GVFMmCIPPPNVTGSLHLGHALTNAIQDSLTR;GVFmmCIPPPNVTGSLHLGHALTNAIQDSLTR	1.0	0.0	0.0	0.0	0.0	0.0	1.0	0.0	0.0	0.0	0.0	0.0	4.7200864E8	0.0	0.0	0.0	0.0	0.0	0.0
ensembl_transcript_id=ENST00000422694.6|ensembl_gene_id=ENSG00000224264.9|gene_name=VARS1|tmd_start=825|tmd_end=846|tmd_seq=ILFFWVARMVMLGLKLTGRLPF|ss_nuc_start=2682|ss_seq=GGATCCC|tmd-SS_gap_size=48|ensembl_uniprot_annotation=P26640|blastp_uniprot_annotation=P26640|transcript_canonical_status=Canonical|TMD_dG_app=0.67|SS_dG_fs=2.61|stem_loop_presence=Yes|fs_type=dual_-1|frame_transition=896|terminal_stop_codon=yes_M370		ensembl_transcript_id=ENST00000422694.6|ensembl_gene_id=ENSG00000224264.9|gene_name=VARS1|tmd_start=825|tmd_end=846|tmd_seq=ILFFWVARMVMLGLKLTGRLPF|ss_nuc_start=2682|ss_seq=GGATCCC|tmd-SS_gap_size=48|ensembl_uniprot_annotation=P26640|blastp_uniprot_annotation=P26640|transcript_canonical_status=Canonical|TMD_dG_app=0.67|SS_dG_fs=2.61|stem_loop_presence=Yes|fs_type=dual_-1|frame_transition=896|terminal_stop_codon=yes	ensembl_transcript_id=ENST00000422694.6|ensembl_gene_id=ENSG00000224264.9|gene_name=VARS1|tmd_start=825|tmd_end=846|tmd_seq=ILFFWVARMVMLGLKLTGRLPF|ss_nuc_start=2682|ss_seq=GGATCCC|tmd-SS_gap_size=48|ensembl_uniprot_annotation=P26640|blastp_uniprot_annotation=P26640|transcript_canonical_status=Canonical|TMD_dG_app=0.67|SS_dG_fs=2.61|stem_loop_presence=Yes|fs_type=dual_-1|frame_transition=896|terminal_stop_codon=yes	mRGETTLWNPGCDHAGIATQVVVEK	1.0	0.0	1.0	0.0	0.0	0.0	0.0	0.0	2.6709598E7	0.0	0.0	0.0	0.0	0.0	0.0	0.0	0.0	0.0	0.0
ensembl_transcript_id=ENST00000446113.7|ensembl_gene_id=ENSG00000177054.14|gene_name=ZDHHC13|tmd_start=470|tmd_end=493|tmd_seq=YYIFFLFFLSMVCGWIIYGSFIYL|ss_nuc_start=1605|ss_seq=ATTTTTA|tmd-SS_gap_size=42|ensembl_uniprot_annotation=Q8IUH4|blastp_uniprot_annotation=Q8IUH4|transcript_canonical_status=Canonical|TMD_dG_app=-3.05|SS_dG_fs=1.23|stem_loop_presence=Yes|fs_type=dual_-1|frame_transition=537|terminal_stop_codon=yes_M268		ensembl_transcript_id=ENST00000446113.7|ensembl_gene_id=ENSG00000177054.14|gene_name=ZDHHC13|tmd_start=470|tmd_end=493|tmd_seq=YYIFFLFFLSMVCGWIIYGSFIYL|ss_nuc_start=1605|ss_seq=ATTTTTA|tmd-SS_gap_size=42|ensembl_uniprot_annotation=Q8IUH4|blastp_uniprot_annotation=Q8IUH4|transcript_canonical_status=Canonical|TMD_dG_app=-3.05|SS_dG_fs=1.23|stem_loop_presence=Yes|fs_type=dual_-1|frame_transition=537|terminal_stop_codon=yes	ensembl_transcript_id=ENST00000446113.7|ensembl_gene_id=ENSG00000177054.14|gene_name=ZDHHC13|tmd_start=470|tmd_end=493|tmd_seq=YYIFFLFFLSMVCGWIIYGSFIYL|ss_nuc_start=1605|ss_seq=ATTTTTA|tmd-SS_gap_size=42|ensembl_uniprot_annotation=Q8IUH4|blastp_uniprot_annotation=Q8IUH4|transcript_canonical_status=Canonical|TMD_dG_app=-3.05|SS_dG_fs=1.23|stem_loop_presence=Yes|fs_type=dual_-1|frame_transition=537|terminal_stop_codon=yes	NQLIIHmLK	1.0	0.0	1.0	0.0	0.0	0.0	0.0	0.0	7276551.0	0.0	0.0	0.0	0.0	0.0	0.0	0.0	0.0	0.0	0.0
ensembl_transcript_id=ENST00000450871.6|ensembl_gene_id=ENSG00000232126.8|gene_name=HLA-B|tmd_start=3|tmd_end=24|tmd_seq=VTAPRTVLLLLSGALALTETWA|ss_nuc_start=234|ss_seq=GGAGGGG|tmd-SS_gap_size=54|ensembl_uniprot_annotation=No_uniprot_annotation|blastp_uniprot_annotation=P01889|transcript_canonical_status=Canonical|TMD_dG_app=0.85|SS_dG_fs=2.65|stem_loop_presence=Yes|fs_type=dual_-1|frame_transition=80|terminal_stop_codon=yes_M36		ensembl_transcript_id=ENST00000450871.6|ensembl_gene_id=ENSG00000232126.8|gene_name=HLA-B|tmd_start=3|tmd_end=24|tmd_seq=VTAPRTVLLLLSGALALTETWA|ss_nuc_start=234|ss_seq=GGAGGGG|tmd-SS_gap_size=54|ensembl_uniprot_annotation=No_uniprot_annotation|blastp_uniprot_annotation=P01889|transcript_canonical_status=Canonical|TMD_dG_app=0.85|SS_dG_fs=2.65|stem_loop_presence=Yes|fs_type=dual_-1|frame_transition=80|terminal_stop_codon=yes	ensembl_transcript_id=ENST00000450871.6|ensembl_gene_id=ENSG00000232126.8|gene_name=HLA-B|tmd_start=3|tmd_end=24|tmd_seq=VTAPRTVLLLLSGALALTETWA|ss_nuc_start=234|ss_seq=GGAGGGG|tmd-SS_gap_size=54|ensembl_uniprot_annotation=No_uniprot_annotation|blastp_uniprot_annotation=P01889|transcript_canonical_status=Canonical|TMD_dG_app=0.85|SS_dG_fs=2.65|stem_loop_presence=Yes|fs_type=dual_-1|frame_transition=80|terminal_stop_codon=yes	YFYTAmSR	1.0	0.0	1.0	0.0	0.0	0.0	0.0	0.0	4406478.0	0.0	0.0	0.0	0.0	0.0	0.0	0.0	0.0	0.0	0.0
ensembl_transcript_id=ENST00000529230.6|ensembl_gene_id=ENSG00000175216.15|gene_name=CKAP5|tmd_start=1684|tmd_end=1700|tmd_seq=ILSALLVLLQDSLLATA|ss_nuc_start=5229|ss_seq=CCCCAAA|tmd-SS_gap_size=43|ensembl_uniprot_annotation=Q14008|blastp_uniprot_annotation=Q14008|transcript_canonical_status=Canonical|TMD_dG_app=2.66|SS_dG_fs=0.93|stem_loop_presence=Yes|fs_type=dual_-1|frame_transition=1745|terminal_stop_codon=yes_M335		ensembl_transcript_id=ENST00000529230.6|ensembl_gene_id=ENSG00000175216.15|gene_name=CKAP5|tmd_start=1684|tmd_end=1700|tmd_seq=ILSALLVLLQDSLLATA|ss_nuc_start=5229|ss_seq=CCCCAAA|tmd-SS_gap_size=43|ensembl_uniprot_annotation=Q14008|blastp_uniprot_annotation=Q14008|transcript_canonical_status=Canonical|TMD_dG_app=2.66|SS_dG_fs=0.93|stem_loop_presence=Yes|fs_type=dual_-1|frame_transition=1745|terminal_stop_codon=yes	ensembl_transcript_id=ENST00000529230.6|ensembl_gene_id=ENSG00000175216.15|gene_name=CKAP5|tmd_start=1684|tmd_end=1700|tmd_seq=ILSALLVLLQDSLLATA|ss_nuc_start=5229|ss_seq=CCCCAAA|tmd-SS_gap_size=43|ensembl_uniprot_annotation=Q14008|blastp_uniprot_annotation=Q14008|transcript_canonical_status=Canonical|TMD_dG_app=2.66|SS_dG_fs=0.93|stem_loop_presence=Yes|fs_type=dual_-1|frame_transition=1745|terminal_stop_codon=yes	DTNVmLVALAAK	1.0	0.0	0.0	0.0	0.0	0.0	1.0	0.0	0.0	0.0	0.0	0.0	4318950.0	0.0	0.0	0.0	0.0	0.0	0.0
ensembl_transcript_id=ENST00000563924.6|ensembl_gene_id=ENSG00000261371.6|gene_name=PECAM1|tmd_start=601|tmd_end=625|tmd_seq=KGLIAVVIIGVIIALLIIAAKCYFL|ss_nuc_start=2028|ss_seq=AATAAAT|tmd-SS_gap_size=51|ensembl_uniprot_annotation=P16284|blastp_uniprot_annotation=P16284|transcript_canonical_status=Canonical|TMD_dG_app=-3.95|SS_dG_fs=1.31|stem_loop_presence=Yes|fs_type=dual_-1|frame_transition=678|terminal_stop_codon=yes_M216		ensembl_transcript_id=ENST00000563924.6|ensembl_gene_id=ENSG00000261371.6|gene_name=PECAM1|tmd_start=601|tmd_end=625|tmd_seq=KGLIAVVIIGVIIALLIIAAKCYFL|ss_nuc_start=2028|ss_seq=AATAAAT|tmd-SS_gap_size=51|ensembl_uniprot_annotation=P16284|blastp_uniprot_annotation=P16284|transcript_canonical_status=Canonical|TMD_dG_app=-3.95|SS_dG_fs=1.31|stem_loop_presence=Yes|fs_type=dual_-1|frame_transition=678|terminal_stop_codon=yes	ensembl_transcript_id=ENST00000563924.6|ensembl_gene_id=ENSG00000261371.6|gene_name=PECAM1|tmd_start=601|tmd_end=625|tmd_seq=KGLIAVVIIGVIIALLIIAAKCYFL|ss_nuc_start=2028|ss_seq=AATAAAT|tmd-SS_gap_size=51|ensembl_uniprot_annotation=P16284|blastp_uniprot_annotation=P16284|transcript_canonical_status=Canonical|TMD_dG_app=-3.95|SS_dG_fs=1.31|stem_loop_presence=Yes|fs_type=dual_-1|frame_transition=678|terminal_stop_codon=yes	IISGIHmQTSESTK	1.0	0.0	1.0	0.0	0.0	0.0	0.0	0.0	2838242.8	0.0	0.0	0.0	0.0	0.0	0.0	0.0	0.0	0.0	0.0
ensembl_transcript_id=ENST00000563924.6|ensembl_gene_id=ENSG00000261371.6|gene_name=PECAM1|tmd_start=601|tmd_end=625|tmd_seq=KGLIAVVIIGVIIALLIIAAKCYFL|ss_nuc_start=2028|ss_seq=AATAAAT|tmd-SS_gap_size=51|ensembl_uniprot_annotation=P16284|blastp_uniprot_annotation=P16284|transcript_canonical_status=Canonical|TMD_dG_app=-3.95|SS_dG_fs=1.31|stem_loop_presence=Yes|fs_type=dual_-1|frame_transition=678|terminal_stop_codon=yes_M245		ensembl_transcript_id=ENST00000563924.6|ensembl_gene_id=ENSG00000261371.6|gene_name=PECAM1|tmd_start=601|tmd_end=625|tmd_seq=KGLIAVVIIGVIIALLIIAAKCYFL|ss_nuc_start=2028|ss_seq=AATAAAT|tmd-SS_gap_size=51|ensembl_uniprot_annotation=P16284|blastp_uniprot_annotation=P16284|transcript_canonical_status=Canonical|TMD_dG_app=-3.95|SS_dG_fs=1.31|stem_loop_presence=Yes|fs_type=dual_-1|frame_transition=678|terminal_stop_codon=yes	ensembl_transcript_id=ENST00000563924.6|ensembl_gene_id=ENSG00000261371.6|gene_name=PECAM1|tmd_start=601|tmd_end=625|tmd_seq=KGLIAVVIIGVIIALLIIAAKCYFL|ss_nuc_start=2028|ss_seq=AATAAAT|tmd-SS_gap_size=51|ensembl_uniprot_annotation=P16284|blastp_uniprot_annotation=P16284|transcript_canonical_status=Canonical|TMD_dG_app=-3.95|SS_dG_fs=1.31|stem_loop_presence=Yes|fs_type=dual_-1|frame_transition=678|terminal_stop_codon=yes	FHISPTGmIMEGAQLHIK	1.0	0.0	1.0	0.0	0.0	0.0	0.0	0.0	1.4011001E7	0.0	0.0	0.0	0.0	0.0	0.0	0.0	0.0	0.0	0.0
ensembl_transcript_id=ENST00000585598.1|ensembl_gene_id=ENSG00000099341.13|gene_name=PSMD8|tmd_start=9|tmd_end=32|tmd_seq=AAGFSSSGPAATSGAVLQAATGMY|ss_nuc_start=258|ss_seq=GGGTGAA|tmd-SS_gap_size=54|ensembl_uniprot_annotation=No_uniprot_annotation|blastp_uniprot_annotation=P48556|transcript_canonical_status=Alternative|TMD_dG_app=5.09|SS_dG_fs=2.72|stem_loop_presence=Yes|fs_type=dual_-1|frame_transition=88|terminal_stop_codon=yes_M31		ensembl_transcript_id=ENST00000585598.1|ensembl_gene_id=ENSG00000099341.13|gene_name=PSMD8|tmd_start=9|tmd_end=32|tmd_seq=AAGFSSSGPAATSGAVLQAATGMY|ss_nuc_start=258|ss_seq=GGGTGAA|tmd-SS_gap_size=54|ensembl_uniprot_annotation=No_uniprot_annotation|blastp_uniprot_annotation=P48556|transcript_canonical_status=Alternative|TMD_dG_app=5.09|SS_dG_fs=2.72|stem_loop_presence=Yes|fs_type=dual_-1|frame_transition=88|terminal_stop_codon=yes	ensembl_transcript_id=ENST00000585598.1|ensembl_gene_id=ENSG00000099341.13|gene_name=PSMD8|tmd_start=9|tmd_end=32|tmd_seq=AAGFSSSGPAATSGAVLQAATGMY|ss_nuc_start=258|ss_seq=GGGTGAA|tmd-SS_gap_size=54|ensembl_uniprot_annotation=No_uniprot_annotation|blastp_uniprot_annotation=P48556|transcript_canonical_status=Alternative|TMD_dG_app=5.09|SS_dG_fs=2.72|stem_loop_presence=Yes|fs_type=dual_-1|frame_transition=88|terminal_stop_codon=yes	AAAAVNGAAGFSSSGPAATSGAVLQAATGmYEQLK	1.0	0.0	1.0	0.0	0.0	1.0	0.0	0.0	0.0	0.0	0.0	7.416008E7	0.0	0.0	0.0	0.0	0.0	0.0	0.0
ensembl_transcript_id=ENST00000605930.3|ensembl_gene_id=ENSG00000096433.11|gene_name=ITPR3|tmd_start=967|tmd_end=991|tmd_seq=TKLKILEILQFILNVRLDYRISYLL|ss_nuc_start=3114|ss_seq=GGGGAAG|tmd-SS_gap_size=47|ensembl_uniprot_annotation=Q14573|blastp_uniprot_annotation=Q14573|transcript_canonical_status=Canonical|TMD_dG_app=3.16|SS_dG_fs=2.48|stem_loop_presence=Yes|fs_type=dual_-1|frame_transition=1040|terminal_stop_codon=yes_M901		ensembl_transcript_id=ENST00000605930.3|ensembl_gene_id=ENSG00000096433.11|gene_name=ITPR3|tmd_start=967|tmd_end=991|tmd_seq=TKLKILEILQFILNVRLDYRISYLL|ss_nuc_start=3114|ss_seq=GGGGAAG|tmd-SS_gap_size=47|ensembl_uniprot_annotation=Q14573|blastp_uniprot_annotation=Q14573|transcript_canonical_status=Canonical|TMD_dG_app=3.16|SS_dG_fs=2.48|stem_loop_presence=Yes|fs_type=dual_-1|frame_transition=1040|terminal_stop_codon=yes	ensembl_transcript_id=ENST00000605930.3|ensembl_gene_id=ENSG00000096433.11|gene_name=ITPR3|tmd_start=967|tmd_end=991|tmd_seq=TKLKILEILQFILNVRLDYRISYLL|ss_nuc_start=3114|ss_seq=GGGGAAG|tmd-SS_gap_size=47|ensembl_uniprot_annotation=Q14573|blastp_uniprot_annotation=Q14573|transcript_canonical_status=Canonical|TMD_dG_app=3.16|SS_dG_fs=2.48|stem_loop_presence=Yes|fs_type=dual_-1|frame_transition=1040|terminal_stop_codon=yes	TLLGIIDCVQGPPAmLQAYEDPGGK	1.0	0.0	1.0	0.0	0.0	0.0	0.0	0.0	1.3282751E7	0.0	0.0	0.0	0.0	0.0	0.0	0.0	0.0	0.0	0.0
ensembl_transcript_id=ENST00000619898.5|ensembl_gene_id=ENSG00000114902.14|gene_name=SPCS1|tmd_start=45|tmd_end=64|tmd_seq=FGWTVYIVMAGFAFSCLLTL|ss_nuc_start=297|ss_seq=TAAAAAT|tmd-SS_gap_size=35|ensembl_uniprot_annotation=No_uniprot_annotation|blastp_uniprot_annotation=Q9Y6A9|transcript_canonical_status=Canonical|TMD_dG_app=-0.89|SS_dG_fs=1.26|stem_loop_presence=No|fs_type=dual_-1|frame_transition=101|terminal_stop_codon=yes_M1		ensembl_transcript_id=ENST00000619898.5|ensembl_gene_id=ENSG00000114902.14|gene_name=SPCS1|tmd_start=45|tmd_end=64|tmd_seq=FGWTVYIVMAGFAFSCLLTL|ss_nuc_start=297|ss_seq=TAAAAAT|tmd-SS_gap_size=35|ensembl_uniprot_annotation=No_uniprot_annotation|blastp_uniprot_annotation=Q9Y6A9|transcript_canonical_status=Canonical|TMD_dG_app=-0.89|SS_dG_fs=1.26|stem_loop_presence=No|fs_type=dual_-1|frame_transition=101|terminal_stop_codon=yes	ensembl_transcript_id=ENST00000619898.5|ensembl_gene_id=ENSG00000114902.14|gene_name=SPCS1|tmd_start=45|tmd_end=64|tmd_seq=FGWTVYIVMAGFAFSCLLTL|ss_nuc_start=297|ss_seq=TAAAAAT|tmd-SS_gap_size=35|ensembl_uniprot_annotation=No_uniprot_annotation|blastp_uniprot_annotation=Q9Y6A9|transcript_canonical_status=Canonical|TMD_dG_app=-0.89|SS_dG_fs=1.26|stem_loop_presence=No|fs_type=dual_-1|frame_transition=101|terminal_stop_codon=yes	mLEHLSSLPTQMDYK;mLEHLSSLPTQmDYK	1.0	1.0	1.0	1.0	1.0	1.0	1.0	4.39124544E8	3.6504E8	1.34431376E8	3.48468256E8	1.87905766E9	1.0157401E9	3.18414304E8	2.8119664E8	1.01437512E8	3.48468256E8	1.67400077E9	6.578217E8
ensembl_transcript_id=ENST00000619898.5|ensembl_gene_id=ENSG00000114902.14|gene_name=SPCS1|tmd_start=45|tmd_end=64|tmd_seq=FGWTVYIVMAGFAFSCLLTL|ss_nuc_start=297|ss_seq=TAAAAAT|tmd-SS_gap_size=35|ensembl_uniprot_annotation=No_uniprot_annotation|blastp_uniprot_annotation=Q9Y6A9|transcript_canonical_status=Canonical|TMD_dG_app=-0.89|SS_dG_fs=1.26|stem_loop_presence=No|fs_type=dual_-1|frame_transition=101|terminal_stop_codon=yes_M12		ensembl_transcript_id=ENST00000619898.5|ensembl_gene_id=ENSG00000114902.14|gene_name=SPCS1|tmd_start=45|tmd_end=64|tmd_seq=FGWTVYIVMAGFAFSCLLTL|ss_nuc_start=297|ss_seq=TAAAAAT|tmd-SS_gap_size=35|ensembl_uniprot_annotation=No_uniprot_annotation|blastp_uniprot_annotation=Q9Y6A9|transcript_canonical_status=Canonical|TMD_dG_app=-0.89|SS_dG_fs=1.26|stem_loop_presence=No|fs_type=dual_-1|frame_transition=101|terminal_stop_codon=yes	ensembl_transcript_id=ENST00000619898.5|ensembl_gene_id=ENSG00000114902.14|gene_name=SPCS1|tmd_start=45|tmd_end=64|tmd_seq=FGWTVYIVMAGFAFSCLLTL|ss_nuc_start=297|ss_seq=TAAAAAT|tmd-SS_gap_size=35|ensembl_uniprot_annotation=No_uniprot_annotation|blastp_uniprot_annotation=Q9Y6A9|transcript_canonical_status=Canonical|TMD_dG_app=-0.89|SS_dG_fs=1.26|stem_loop_presence=No|fs_type=dual_-1|frame_transition=101|terminal_stop_codon=yes	MLEHLSSLPTQmDYK;mLEHLSSLPTQmDYK	1.0	1.0	1.0	1.0	1.0	1.0	1.0	1.9599748E7	3.00757696E8	1.1074404E8	4.14936864E8	1.41998272E9	1.86544224E8	2.1358734E7	1.23365248E8	7.2475048E7	5.3863981E8	1.41391616E9	1.30368152E8
ensembl_transcript_id=ENST00000633080.1|ensembl_gene_id=ENSG00000147251.16|gene_name=DOCK11|tmd_start=1349|tmd_end=1370|tmd_seq=TFLRTHLQIIIAVSQLIADVAL|ss_nuc_start=4275|ss_seq=CCCTGAA|tmd-SS_gap_size=55|ensembl_uniprot_annotation=No_uniprot_annotation|blastp_uniprot_annotation=Q5JSL3|transcript_canonical_status=Alternative|TMD_dG_app=1.90|SS_dG_fs=2.86|stem_loop_presence=Yes|fs_type=dual_-1|frame_transition=1427|terminal_stop_codon=yes_M1393		ensembl_transcript_id=ENST00000633080.1|ensembl_gene_id=ENSG00000147251.16|gene_name=DOCK11|tmd_start=1349|tmd_end=1370|tmd_seq=TFLRTHLQIIIAVSQLIADVAL|ss_nuc_start=4275|ss_seq=CCCTGAA|tmd-SS_gap_size=55|ensembl_uniprot_annotation=No_uniprot_annotation|blastp_uniprot_annotation=Q5JSL3|transcript_canonical_status=Alternative|TMD_dG_app=1.90|SS_dG_fs=2.86|stem_loop_presence=Yes|fs_type=dual_-1|frame_transition=1427|terminal_stop_codon=yes	ensembl_transcript_id=ENST00000633080.1|ensembl_gene_id=ENSG00000147251.16|gene_name=DOCK11|tmd_start=1349|tmd_end=1370|tmd_seq=TFLRTHLQIIIAVSQLIADVAL|ss_nuc_start=4275|ss_seq=CCCTGAA|tmd-SS_gap_size=55|ensembl_uniprot_annotation=No_uniprot_annotation|blastp_uniprot_annotation=Q5JSL3|transcript_canonical_status=Alternative|TMD_dG_app=1.90|SS_dG_fs=2.86|stem_loop_presence=Yes|fs_type=dual_-1|frame_transition=1427|terminal_stop_codon=yes	FQESLFIINNFANSDRPmK	1.0	0.0	0.0	0.0	0.0	1.0	0.0	0.0	0.0	0.0	0.0	3.31822176E8	0.0	0.0	0.0	0.0	0.0	0.0	0.0
ensembl_transcript_id=ENST00000681232.1|ensembl_gene_id=ENSG00000168003.19|gene_name=SLC3A2|tmd_start=82|tmd_end=106|tmd_seq=WALLLLFWLGWLGMLAGAVVIIVRA|ss_nuc_start=441|ss_seq=GAAGGGG|tmd-SS_gap_size=41|ensembl_uniprot_annotation=No_uniprot_annotation|blastp_uniprot_annotation=P08195|transcript_canonical_status=Alternative|TMD_dG_app=-3.20|SS_dG_fs=2.48|stem_loop_presence=Yes|fs_type=dual_-1|frame_transition=149|terminal_stop_codon=yes_M9		ensembl_transcript_id=ENST00000681232.1|ensembl_gene_id=ENSG00000168003.19|gene_name=SLC3A2|tmd_start=82|tmd_end=106|tmd_seq=WALLLLFWLGWLGMLAGAVVIIVRA|ss_nuc_start=441|ss_seq=GAAGGGG|tmd-SS_gap_size=41|ensembl_uniprot_annotation=No_uniprot_annotation|blastp_uniprot_annotation=P08195|transcript_canonical_status=Alternative|TMD_dG_app=-3.20|SS_dG_fs=2.48|stem_loop_presence=Yes|fs_type=dual_-1|frame_transition=149|terminal_stop_codon=yes	ensembl_transcript_id=ENST00000681232.1|ensembl_gene_id=ENSG00000168003.19|gene_name=SLC3A2|tmd_start=82|tmd_end=106|tmd_seq=WALLLLFWLGWLGMLAGAVVIIVRA|ss_nuc_start=441|ss_seq=GAAGGGG|tmd-SS_gap_size=41|ensembl_uniprot_annotation=No_uniprot_annotation|blastp_uniprot_annotation=P08195|transcript_canonical_status=Alternative|TMD_dG_app=-3.20|SS_dG_fs=2.48|stem_loop_presence=Yes|fs_type=dual_-1|frame_transition=149|terminal_stop_codon=yes	SQDTEVDmK	1.0	0.0	1.0	0.0	0.0	0.0	0.0	0.0	3329058.8	0.0	0.0	0.0	0.0	0.0	0.0	0.0	0.0	0.0	0.0
ensembl_transcript_id=ENST00000714216.1|ensembl_gene_id=ENSG00000116521.12|gene_name=SCAMP3|tmd_start=153|tmd_end=177|tmd_seq=MYYLWMCSTLALLLNFLACLASFCV|ss_nuc_start=672|ss_seq=CATTTTC|tmd-SS_gap_size=47|ensembl_uniprot_annotation=No_uniprot_annotation|blastp_uniprot_annotation=O14828|transcript_canonical_status=Alternative|TMD_dG_app=-1.93|SS_dG_fs=2.79|stem_loop_presence=Yes|fs_type=dual_-1|frame_transition=226|terminal_stop_codon=yes_M140		ensembl_transcript_id=ENST00000714216.1|ensembl_gene_id=ENSG00000116521.12|gene_name=SCAMP3|tmd_start=153|tmd_end=177|tmd_seq=MYYLWMCSTLALLLNFLACLASFCV|ss_nuc_start=672|ss_seq=CATTTTC|tmd-SS_gap_size=47|ensembl_uniprot_annotation=No_uniprot_annotation|blastp_uniprot_annotation=O14828|transcript_canonical_status=Alternative|TMD_dG_app=-1.93|SS_dG_fs=2.79|stem_loop_presence=Yes|fs_type=dual_-1|frame_transition=226|terminal_stop_codon=yes	ensembl_transcript_id=ENST00000714216.1|ensembl_gene_id=ENSG00000116521.12|gene_name=SCAMP3|tmd_start=153|tmd_end=177|tmd_seq=MYYLWMCSTLALLLNFLACLASFCV|ss_nuc_start=672|ss_seq=CATTTTC|tmd-SS_gap_size=47|ensembl_uniprot_annotation=No_uniprot_annotation|blastp_uniprot_annotation=O14828|transcript_canonical_status=Alternative|TMD_dG_app=-1.93|SS_dG_fs=2.79|stem_loop_presence=Yes|fs_type=dual_-1|frame_transition=226|terminal_stop_codon=yes	ELQHAALGGTAIQPCFFQDISmEIPQEFQK	1.0	0.0	1.0	0.0	0.0	0.0	0.0	0.0	1.7766598E7	0.0	0.0	0.0	0.0	0.0	0.0	0.0	0.0	0.0	0.0
