PROTID	GENEID	GM12878_INT	HUVEC_INT	HeLa_INT	HepG2_INT	K562_INT	hESC_INT
na	na	GM12878	HUVEC	HeLa	HepG2	K562	hESC
ensembl_transcript_id=ENST00000202677.12|ensembl_gene_id=ENSG00000188559.16|gene_name=RALGAPA2|tmd_start=1365|tmd_end=1380|tmd_seq=RRSLELIPLTARMVMA|ss_nuc_start=4290|ss_seq=ATTTAAT|tmd-SS_gap_size=50|ensembl_uniprot_annotation=Q2PPJ7|blastp_uniprot_annotation=Q2PPJ7|transcript_canonical_status=Canonical|TMD_dG_app=4.09|SS_dG_fs=2.74|stem_loop_presence=Yes|fs_type=dual_-1|frame_transition=1432|terminal_stop_codon=yes		0	5.7271752E7	0	0	0	0
ensembl_transcript_id=ENST00000217131.6|ensembl_gene_id=ENSG00000101160.15|gene_name=CTSZ|tmd_start=7|tmd_end=29|tmd_seq=GWRPLLLLVLLAGAAQGGLYFRR|ss_nuc_start=252|ss_seq=CATCCCC|tmd-SS_gap_size=55|ensembl_uniprot_annotation=Q9UBR2|blastp_uniprot_annotation=Q9UBR2|transcript_canonical_status=Canonical|TMD_dG_app=-0.66|SS_dG_fs=2.41|stem_loop_presence=Yes|fs_type=hungry_-2|frame_transition=85|terminal_stop_codon=yes		1.027307E7	0	0	0	0	0
ensembl_transcript_id=ENST00000240095.10|ensembl_gene_id=ENSG00000104635.15|gene_name=SLC39A14|tmd_start=153|tmd_end=175|tmd_seq=VWGYGLLCVTVISLCSLLGASVV|ss_nuc_start=654|ss_seq=TTATTAT|tmd-SS_gap_size=43|ensembl_uniprot_annotation=Q15043|blastp_uniprot_annotation=Q15043|transcript_canonical_status=Alternative|TMD_dG_app=-0.67|SS_dG_fs=2.36|stem_loop_presence=Yes|fs_type=dual_-1|frame_transition=220|terminal_stop_codon=yes		0	1.2212456E7	0	0	0	0
ensembl_transcript_id=ENST00000241041.7|ensembl_gene_id=ENSG00000121680.16|gene_name=PEX16|tmd_start=107|tmd_end=131|tmd_seq=VGRWLVIALVQLAKAVLRMLLLLWF|ss_nuc_start=501|ss_seq=GGGGAAG|tmd-SS_gap_size=36|ensembl_uniprot_annotation=Q9Y5Y5|blastp_uniprot_annotation=Q9Y5Y5|transcript_canonical_status=Alternative|TMD_dG_app=-0.82|SS_dG_fs=2.48|stem_loop_presence=Yes|fs_type=dual_-1|frame_transition=169|terminal_stop_codon=yes		0	0	0	0	1.35666032E8	0
ensembl_transcript_id=ENST00000247461.9|ensembl_gene_id=ENSG00000127022.16|gene_name=CANX|tmd_start=482|tmd_end=504|tmd_seq=WLWVVYILTVALPVFLVILFCCS|ss_nuc_start=1638|ss_seq=GAAACTT|tmd-SS_gap_size=42|ensembl_uniprot_annotation=P27824|blastp_uniprot_annotation=P27824|transcript_canonical_status=Canonical|TMD_dG_app=-2.87|SS_dG_fs=2.51|stem_loop_presence=Yes|fs_type=dual_-1|frame_transition=548|terminal_stop_codon=yes		0	0	0	0	0	3951008.8
ensembl_transcript_id=ENST00000257857.9|ensembl_gene_id=ENSG00000135404.12|gene_name=CD63|tmd_start=52|tmd_end=76|tmd_seq=LLPVVIIAVGVFLFLVAFVGCCGAC|ss_nuc_start=381|ss_seq=GAAAAAC|tmd-SS_gap_size=51|ensembl_uniprot_annotation=P08962|blastp_uniprot_annotation=P08962|transcript_canonical_status=Canonical|TMD_dG_app=-2.77|SS_dG_fs=1.84|stem_loop_presence=Yes|fs_type=dual_-1|frame_transition=129|terminal_stop_codon=yes		0	2996223.0	0	0	0	0
ensembl_transcript_id=ENST00000260818.11|ensembl_gene_id=ENSG00000138246.17|gene_name=DNAJC13|tmd_start=1978|tmd_end=1997|tmd_seq=LAVGGVFLRIFIAQPAWVLR|ss_nuc_start=6144|ss_seq=GGGCCAT|tmd-SS_gap_size=51|ensembl_uniprot_annotation=O75165|blastp_uniprot_annotation=O75165|transcript_canonical_status=Canonical|TMD_dG_app=1.44|SS_dG_fs=2.88|stem_loop_presence=Yes|fs_type=dual_-1|frame_transition=2050|terminal_stop_codon=yes		0	0	6.4961064E7	0	0	0
ensembl_transcript_id=ENST00000261778.2|ensembl_gene_id=ENSG00000103047.8|gene_name=TANGO6|tmd_start=1015|tmd_end=1030|tmd_seq=VRRAAIHVVVLLLRGL|ss_nuc_start=3228|ss_seq=GAAAAAC|tmd-SS_gap_size=46|ensembl_uniprot_annotation=Q9C0B7|blastp_uniprot_annotation=Q9C0B7|transcript_canonical_status=Canonical|TMD_dG_app=1.17|SS_dG_fs=1.84|stem_loop_presence=Yes|fs_type=dual_-1|frame_transition=1078|terminal_stop_codon=no		0	0	0	0	9236631.0	0
ensembl_transcript_id=ENST00000262027.10|ensembl_gene_id=ENSG00000166986.15|gene_name=MARS1|tmd_start=1|tmd_end=23|tmd_seq=MRLFVSDGVPGCLPVLAAAGRAR|ss_nuc_start=204|ss_seq=TTTTTTT|tmd-SS_gap_size=45|ensembl_uniprot_annotation=P56192|blastp_uniprot_annotation=P56192|transcript_canonical_status=Canonical|TMD_dG_app=3.70|SS_dG_fs=0.00|stem_loop_presence=Yes|fs_type=dual_-1|frame_transition=70|terminal_stop_codon=yes		0	2.16625072E8	0	0	0	0
ensembl_transcript_id=ENST00000262213.7|ensembl_gene_id=ENSG00000067167.8|gene_name=TRAM1|tmd_start=293|tmd_end=316|tmd_seq=VLAVRIAVLASICVTQAFMMWKFI|ss_nuc_start=1101|ss_seq=GAATAAA|tmd-SS_gap_size=51|ensembl_uniprot_annotation=Q15629|blastp_uniprot_annotation=Q15629|transcript_canonical_status=Canonical|TMD_dG_app=-0.34|SS_dG_fs=1.64|stem_loop_presence=Yes|fs_type=hungry_-1|frame_transition=368|terminal_stop_codon=yes		0	0	0	2.454372E7	0	0
ensembl_transcript_id=ENST00000262348.9|ensembl_gene_id=ENSG00000116729.14|gene_name=WLS|tmd_start=295|tmd_end=319|tmd_seq=WMLLFGDIRQGIFYAMLLSFWIIFC|ss_nuc_start=1086|ss_seq=GAATCCC|tmd-SS_gap_size=43|ensembl_uniprot_annotation=Q5T9L3|blastp_uniprot_annotation=Q5T9L3|transcript_canonical_status=Canonical|TMD_dG_app=0.10|SS_dG_fs=2.44|stem_loop_presence=Yes|fs_type=dual_-1|frame_transition=364|terminal_stop_codon=yes		0	9120730.0	0	0	0	0
ensembl_transcript_id=ENST00000262982.3|ensembl_gene_id=ENSG00000124207.17|gene_name=CSE1L|tmd_start=786|tmd_end=806|tmd_seq=FIKSFLVFINLYCIKYGALAL|ss_nuc_start=2541|ss_seq=CAAATTA|tmd-SS_gap_size=41|ensembl_uniprot_annotation=P55060|blastp_uniprot_annotation=P55060|transcript_canonical_status=Canonical|TMD_dG_app=1.35|SS_dG_fs=2.51|stem_loop_presence=Yes|fs_type=dual_-1|frame_transition=849|terminal_stop_codon=yes		2.457105E7	0	2.62618944E8	506510.97	0	5268936.0
ensembl_transcript_id=ENST00000264065.12|ensembl_gene_id=ENSG00000077232.19|gene_name=DNAJC10|tmd_start=14|tmd_end=32|tmd_seq=LKRIILCFLIVYMAILVGT|ss_nuc_start=234|ss_seq=AAAAATA|tmd-SS_gap_size=46|ensembl_uniprot_annotation=Q8IXB1|blastp_uniprot_annotation=Q8IXB1|transcript_canonical_status=Canonical|TMD_dG_app=-1.65|SS_dG_fs=0.98|stem_loop_presence=Yes|fs_type=hungry_-2|frame_transition=79|terminal_stop_codon=yes		0	0	6944019.5	0	0	0
ensembl_transcript_id=ENST00000264930.10|ensembl_gene_id=ENSG00000113504.21|gene_name=SLC12A7|tmd_start=616|tmd_end=639|tmd_seq=WTLSFLGMSLCLALMFICSWYYAL|ss_nuc_start=2049|ss_seq=TCCCCCC|tmd-SS_gap_size=44|ensembl_uniprot_annotation=Q9Y666|blastp_uniprot_annotation=Q9Y666|transcript_canonical_status=Canonical|TMD_dG_app=-3.01|SS_dG_fs=1.73|stem_loop_presence=Yes|fs_type=dual_-1|frame_transition=685|terminal_stop_codon=yes		3437320.2	0	0	0	0	0
ensembl_transcript_id=ENST00000265498.6|ensembl_gene_id=ENSG00000085871.9|gene_name=MGST2|tmd_start=1|tmd_end=17|tmd_seq=MAGNSILLAAVSILSAC|ss_nuc_start=174|ss_seq=GTTTTAT|tmd-SS_gap_size=41|ensembl_uniprot_annotation=Q99735|blastp_uniprot_annotation=Q99735|transcript_canonical_status=Canonical|TMD_dG_app=2.59|SS_dG_fs=2.11|stem_loop_presence=Yes|fs_type=dual_-1|frame_transition=60|terminal_stop_codon=yes		0	0	0	1.40146912E8	0	0
ensembl_transcript_id=ENST00000265641.10|ensembl_gene_id=ENSG00000110090.13|gene_name=CPT1A|tmd_start=653|tmd_end=669|tmd_seq=IDRHLFCLYVVSKYLAV|ss_nuc_start=2130|ss_seq=GGGCTTT|tmd-SS_gap_size=41|ensembl_uniprot_annotation=P50416|blastp_uniprot_annotation=P50416|transcript_canonical_status=Canonical|TMD_dG_app=3.33|SS_dG_fs=1.69|stem_loop_presence=Yes|fs_type=dual_-1|frame_transition=712|terminal_stop_codon=yes		0	0	0	2.620636E7	0	0
ensembl_transcript_id=ENST00000267842.10|ensembl_gene_id=ENSG00000140284.11|gene_name=SLC27A2|tmd_start=266|tmd_end=290|tmd_seq=FYHSAALLIGIHGCIVAGATLALRT|ss_nuc_start=1011|ss_seq=GGGAAAT|tmd-SS_gap_size=47|ensembl_uniprot_annotation=O14975|blastp_uniprot_annotation=O14975|transcript_canonical_status=Canonical|TMD_dG_app=-0.37|SS_dG_fs=0.88|stem_loop_presence=Yes|fs_type=dual_-1|frame_transition=339|terminal_stop_codon=yes		0	0	5270166.5	2.4460854E7	0	0
ensembl_transcript_id=ENST00000269187.10|ensembl_gene_id=ENSG00000141424.13|gene_name=SLC39A6|tmd_start=351|tmd_end=375|tmd_seq=RVFFKFLLSFLVALAVGTLSGDAFL|ss_nuc_start=1266|ss_seq=GAAGGGT|tmd-SS_gap_size=47|ensembl_uniprot_annotation=Q13433|blastp_uniprot_annotation=Q13433|transcript_canonical_status=Canonical|TMD_dG_app=-0.87|SS_dG_fs=2.74|stem_loop_presence=Yes|fs_type=hungry_-2|frame_transition=423|terminal_stop_codon=yes		0	0	0	0	0	2261736.5
ensembl_transcript_id=ENST00000272227.8|ensembl_gene_id=ENSG00000143870.13|gene_name=PDIA6|tmd_start=1|tmd_end=21|tmd_seq=MALLVLGLVSCTFFLAVNGLY|ss_nuc_start=228|ss_seq=CAAAGTT|tmd-SS_gap_size=55|ensembl_uniprot_annotation=Q15084|blastp_uniprot_annotation=Q15084|transcript_canonical_status=Canonical|TMD_dG_app=-0.63|SS_dG_fs=2.42|stem_loop_presence=Yes|fs_type=hungry_-2|frame_transition=77|terminal_stop_codon=yes		0	0	5182350.5	9.5025456E7	0	0
ensembl_transcript_id=ENST00000272638.14|ensembl_gene_id=ENSG00000144224.17|gene_name=UBXN4|tmd_start=411|tmd_end=429|tmd_seq=IWTLLGTVLYPFLAIWRLI|ss_nuc_start=1413|ss_seq=GGAAAAA|tmd-SS_gap_size=42|ensembl_uniprot_annotation=Q92575|blastp_uniprot_annotation=Q92575|transcript_canonical_status=Canonical|TMD_dG_app=0.06|SS_dG_fs=0.93|stem_loop_presence=Yes|fs_type=dual_-1|frame_transition=473|terminal_stop_codon=yes		0	0	6870338.5	0	0	0
ensembl_transcript_id=ENST00000273432.8|ensembl_gene_id=ENSG00000144893.13|gene_name=MED12L|tmd_start=1424|tmd_end=1444|tmd_seq=LFTTVLDMLGVLINGTLASDL|ss_nuc_start=4437|ss_seq=CAAAGTT|tmd-SS_gap_size=35|ensembl_uniprot_annotation=No_uniprot_annotation|blastp_uniprot_annotation=Q86YW9|transcript_canonical_status=Alternative|TMD_dG_app=2.10|SS_dG_fs=2.42|stem_loop_presence=Yes|fs_type=dual_-1|frame_transition=1481|terminal_stop_codon=yes		0	0	0	0	0	7870632.5
ensembl_transcript_id=ENST00000283415.4|ensembl_gene_id=ENSG00000153395.11|gene_name=LPCAT1|tmd_start=51|tmd_end=75|tmd_seq=LTLFPVRLLVAAAMMLLAWPLALVA|ss_nuc_start=351|ss_seq=GAAGGGG|tmd-SS_gap_size=42|ensembl_uniprot_annotation=Q8NF37|blastp_uniprot_annotation=Q8NF37|transcript_canonical_status=Canonical|TMD_dG_app=-2.77|SS_dG_fs=2.48|stem_loop_presence=Yes|fs_type=dual_-1|frame_transition=119|terminal_stop_codon=yes		0	0	6062313.0	0	0	4.2929264E7
ensembl_transcript_id=ENST00000286371.8|ensembl_gene_id=ENSG00000069849.11|gene_name=ATP1B3|tmd_start=38|tmd_end=62|tmd_seq=LILLFYLVFYGFLAALFSFTMWVML|ss_nuc_start=339|ss_seq=TCTAAAA|tmd-SS_gap_size=51|ensembl_uniprot_annotation=P54709|blastp_uniprot_annotation=P54709|transcript_canonical_status=Canonical|TMD_dG_app=-3.86|SS_dG_fs=2.00|stem_loop_presence=Yes|fs_type=dual_-1|frame_transition=115|terminal_stop_codon=yes		1589190.4	0	0	0	0	0
ensembl_transcript_id=ENST00000295598.10|ensembl_gene_id=ENSG00000163399.16|gene_name=ATP1A1|tmd_start=916|tmd_end=937|tmd_seq=FTCHTAFFVSIVVVQWADLVIC|ss_nuc_start=2919|ss_seq=AATGGGT|tmd-SS_gap_size=36|ensembl_uniprot_annotation=P05023|blastp_uniprot_annotation=P05023|transcript_canonical_status=Canonical|TMD_dG_app=1.20|SS_dG_fs=2.83|stem_loop_presence=Yes|fs_type=dual_-1|frame_transition=975|terminal_stop_codon=yes		3.9283144E7	6.3544416E7	1.6460892E7	3585405.5	0	1.1032969E7
ensembl_transcript_id=ENST00000297436.3|ensembl_gene_id=ENSG00000164822.5|gene_name=DEFA6|tmd_start=1|tmd_end=19|tmd_seq=MRTLTILTAVLLVALQAKA|ss_nuc_start=189|ss_seq=TTTGGGC|tmd-SS_gap_size=44|ensembl_uniprot_annotation=Q01524|blastp_uniprot_annotation=Q01524|transcript_canonical_status=Canonical|TMD_dG_app=0.16|SS_dG_fs=2.75|stem_loop_presence=Yes|fs_type=dual_-1|frame_transition=65|terminal_stop_codon=yes		0	1.3717791E7	0	0	0	0
ensembl_transcript_id=ENST00000299767.10|ensembl_gene_id=ENSG00000166598.16|gene_name=HSP90B1|tmd_start=1|tmd_end=21|tmd_seq=MRALWVLGLCCVLLTFGSVRA|ss_nuc_start=180|ss_seq=ATTAAAT|tmd-SS_gap_size=39|ensembl_uniprot_annotation=P14625|blastp_uniprot_annotation=P14625|transcript_canonical_status=Canonical|TMD_dG_app=-1.52|SS_dG_fs=1.91|stem_loop_presence=Yes|fs_type=hungry_-1|frame_transition=61|terminal_stop_codon=yes		0	0	0	0	0	1290218.8
ensembl_transcript_id=ENST00000300648.7|ensembl_gene_id=ENSG00000089154.11|gene_name=GCN1|tmd_start=2322|tmd_end=2341|tmd_seq=VKAALLETLSLLLAKVGIAL|ss_nuc_start=7143|ss_seq=GGACCCC|tmd-SS_gap_size=40|ensembl_uniprot_annotation=Q92616|blastp_uniprot_annotation=Q92616|transcript_canonical_status=Canonical|TMD_dG_app=2.15|SS_dG_fs=2.61|stem_loop_presence=Yes|fs_type=dual_-1|frame_transition=2383|terminal_stop_codon=yes		0	7.9090352E7	0	0	596040.06	3621154.0
ensembl_transcript_id=ENST00000302503.8|ensembl_gene_id=ENSG00000109919.10|gene_name=MTCH2|tmd_start=182|tmd_end=203|tmd_seq=LVPRLLGDILSLWLCNSLAYLV|ss_nuc_start=765|ss_seq=CCCTCCT|tmd-SS_gap_size=52|ensembl_uniprot_annotation=Q9Y6C9|blastp_uniprot_annotation=Q9Y6C9|transcript_canonical_status=Canonical|TMD_dG_app=1.20|SS_dG_fs=2.53|stem_loop_presence=Yes|fs_type=dual_-1|frame_transition=257|terminal_stop_codon=yes		0	0	0	2.50078694E9	0	0
ensembl_transcript_id=ENST00000305494.6|ensembl_gene_id=ENSG00000166575.17|gene_name=TMEM135|tmd_start=147|tmd_end=171|tmd_seq=ITTLRNGEVLLFCITAAMYMFFFRC|ss_nuc_start=642|ss_seq=GGAAAAA|tmd-SS_gap_size=43|ensembl_uniprot_annotation=Q86UB9|blastp_uniprot_annotation=Q86UB9|transcript_canonical_status=Canonical|TMD_dG_app=-0.37|SS_dG_fs=0.93|stem_loop_presence=Yes|fs_type=dual_-1|frame_transition=216|terminal_stop_codon=yes		0	2858633.5	0	0	0	0
ensembl_transcript_id=ENST00000308330.3|ensembl_gene_id=ENSG00000174106.3|gene_name=LEMD3|tmd_start=632|tmd_end=656|tmd_seq=THRLLLLCLGVVMVCVVLRYMKYRW|ss_nuc_start=2106|ss_seq=CTTAATA|tmd-SS_gap_size=46|ensembl_uniprot_annotation=Q9Y2U8|blastp_uniprot_annotation=Q9Y2U8|transcript_canonical_status=Canonical|TMD_dG_app=-2.86|SS_dG_fs=2.56|stem_loop_presence=Yes|fs_type=dual_-1|frame_transition=704|terminal_stop_codon=yes		0	0	0	0	0	3.3099688E7
ensembl_transcript_id=ENST00000308664.10|ensembl_gene_id=ENSG00000174437.18|gene_name=ATP2A2|tmd_start=759|tmd_end=782|tmd_seq=FIRYLISSNVGEVVCIFLTAALGF|ss_nuc_start=2463|ss_seq=GAACCCA|tmd-SS_gap_size=39|ensembl_uniprot_annotation=P16615|blastp_uniprot_annotation=P16615|transcript_canonical_status=Alternative|TMD_dG_app=0.75|SS_dG_fs=2.63|stem_loop_presence=Yes|fs_type=dual_-1|frame_transition=823|terminal_stop_codon=yes		0	0	4.35357728E8	2.5368174E7	0	1.9585564E7
ensembl_transcript_id=ENST00000308696.11|ensembl_gene_id=ENSG00000173692.14|gene_name=PSMD1|tmd_start=757|tmd_end=775|tmd_seq=MPSVVGVLVFTQFWFWFPL|ss_nuc_start=2460|ss_seq=AAAAGAA|tmd-SS_gap_size=45|ensembl_uniprot_annotation=Q99460|blastp_uniprot_annotation=Q99460|transcript_canonical_status=Canonical|TMD_dG_app=1.26|SS_dG_fs=2.46|stem_loop_presence=Yes|fs_type=dual_-1|frame_transition=822|terminal_stop_codon=yes		0	0	0	0	4.745334E7	2054709.8
ensembl_transcript_id=ENST00000310054.9|ensembl_gene_id=ENSG00000167600.14|gene_name=CYP2S1|tmd_start=293|tmd_end=317|tmd_seq=LMTVIYLLFAGTMTVSTTVGYTLLL|ss_nuc_start=1107|ss_seq=GGGAATA|tmd-SS_gap_size=52|ensembl_uniprot_annotation=Q96SQ9|blastp_uniprot_annotation=Q96SQ9|transcript_canonical_status=Canonical|TMD_dG_app=-0.96|SS_dG_fs=1.53|stem_loop_presence=Yes|fs_type=hungry_-2|frame_transition=370|terminal_stop_codon=yes		0	0	0	0	0	7396906.5
ensembl_transcript_id=ENST00000320560.13|ensembl_gene_id=ENSG00000177119.17|gene_name=ANO6|tmd_start=827|tmd_end=851|tmd_seq=YWHVIAAKLAFIIVMEHVIYSVKFF|ss_nuc_start=2661|ss_seq=GAAAAAT|tmd-SS_gap_size=36|ensembl_uniprot_annotation=Q4KMQ2|blastp_uniprot_annotation=Q4KMQ2|transcript_canonical_status=Canonical|TMD_dG_app=0.93|SS_dG_fs=0.71|stem_loop_presence=Yes|fs_type=dual_-1|frame_transition=889|terminal_stop_codon=yes		0	3.6968744E7	0	0	1.2568259E7	0
ensembl_transcript_id=ENST00000321153.9|ensembl_gene_id=ENSG00000177600.10|gene_name=RPLP2|tmd_start=1|tmd_end=16|tmd_seq=MRYVASYLLAALGGNS|ss_nuc_start=171|ss_seq=GGGTATT|tmd-SS_gap_size=41|ensembl_uniprot_annotation=P05387|blastp_uniprot_annotation=P05387|transcript_canonical_status=Canonical|TMD_dG_app=3.53|SS_dG_fs=1.07|stem_loop_presence=Yes|fs_type=dual_-1|frame_transition=59|terminal_stop_codon=yes		0	0	0	1.7953846E7	0	0
ensembl_transcript_id=ENST00000321276.8|ensembl_gene_id=ENSG00000163082.10|gene_name=SGPP2|tmd_start=187|tmd_end=210|tmd_seq=YPFVLGLVMAVVFSTLVCLSRLYT|ss_nuc_start=789|ss_seq=TTACCCT|tmd-SS_gap_size=53|ensembl_uniprot_annotation=Q8IWX5|blastp_uniprot_annotation=Q8IWX5|transcript_canonical_status=Canonical|TMD_dG_app=-1.37|SS_dG_fs=2.81|stem_loop_presence=Yes|fs_type=dual_-1|frame_transition=265|terminal_stop_codon=yes		541233.94	0	0	0	0	0
ensembl_transcript_id=ENST00000321725.10|ensembl_gene_id=ENSG00000010327.10|gene_name=STAB1|tmd_start=2439|tmd_end=2461|tmd_seq=RIIVWDIMAFNGIIHALASPLLA|ss_nuc_start=7518|ss_seq=GGGCTTT|tmd-SS_gap_size=45|ensembl_uniprot_annotation=Q9NY15|blastp_uniprot_annotation=Q9NY15|transcript_canonical_status=Canonical|TMD_dG_app=1.86|SS_dG_fs=1.69|stem_loop_presence=Yes|fs_type=hungry_-2|frame_transition=2507|terminal_stop_codon=no		0	6.5629128E7	0	0	0	0
ensembl_transcript_id=ENST00000328980.11|ensembl_gene_id=ENSG00000206306.10|gene_name=HLA-DRB1|tmd_start=4|tmd_end=28|tmd_seq=LRLPGGSCMAVLTVTLMVLSSPLAL|ss_nuc_start=219|ss_seq=GGGGGAG|tmd-SS_gap_size=45|ensembl_uniprot_annotation=No_uniprot_annotation|blastp_uniprot_annotation=P79483|transcript_canonical_status=Canonical|TMD_dG_app=0.49|SS_dG_fs=2.65|stem_loop_presence=Yes|fs_type=dual_-1|frame_transition=75|terminal_stop_codon=yes		1.24554496E9	0	0	0	0	0
ensembl_transcript_id=ENST00000330342.8|ensembl_gene_id=ENSG00000185344.15|gene_name=ATP6V0A2|tmd_start=446|tmd_end=468|tmd_seq=MFFNGRYILLLMGLFSVYTGLIY|ss_nuc_start=1539|ss_seq=CATTTTG|tmd-SS_gap_size=45|ensembl_uniprot_annotation=Q9Y487|blastp_uniprot_annotation=Q9Y487|transcript_canonical_status=Canonical|TMD_dG_app=-0.51|SS_dG_fs=2.80|stem_loop_presence=Yes|fs_type=dual_-1|frame_transition=515|terminal_stop_codon=yes		0	0	0	0	1.80932944E8	0
ensembl_transcript_id=ENST00000335508.11|ensembl_gene_id=ENSG00000115524.17|gene_name=SF3B1|tmd_start=1109|tmd_end=1133|tmd_seq=RVCTTVAIAIVAETCSPFTVLPALM|ss_nuc_start=3528|ss_seq=TTTAATG|tmd-SS_gap_size=43|ensembl_uniprot_annotation=O75533|blastp_uniprot_annotation=O75533|transcript_canonical_status=Canonical|TMD_dG_app=1.94|SS_dG_fs=2.87|stem_loop_presence=Yes|fs_type=dual_-1|frame_transition=1178|terminal_stop_codon=yes		0	0	0	0	0	5.309564E7
ensembl_transcript_id=ENST00000335508.11|ensembl_gene_id=ENSG00000115524.17|gene_name=SF3B1|tmd_start=627|tmd_end=648|tmd_seq=TTARAFAVVASALGIPSLLPFL|ss_nuc_start=2097|ss_seq=GAAAGTT|tmd-SS_gap_size=51|ensembl_uniprot_annotation=O75533|blastp_uniprot_annotation=O75533|transcript_canonical_status=Canonical|TMD_dG_app=0.72|SS_dG_fs=1.87|stem_loop_presence=Yes|fs_type=hungry_-2|frame_transition=700|terminal_stop_codon=yes		0	0	0	0	0	7756214.5
ensembl_transcript_id=ENST00000336592.11|ensembl_gene_id=ENSG00000158290.19|gene_name=CUL4B|tmd_start=4|tmd_end=22|tmd_seq=VCPVTSGFSSPSPSAAAAA|ss_nuc_start=219|ss_seq=TCCTTTA|tmd-SS_gap_size=51|ensembl_uniprot_annotation=No_uniprot_annotation|blastp_uniprot_annotation=Q13620|transcript_canonical_status=Alternative|TMD_dG_app=7.27|SS_dG_fs=2.43|stem_loop_presence=Yes|fs_type=dual_-1|frame_transition=75|terminal_stop_codon=yes		1.4286301E7	7.64612E7	7.4489744E7	1.06104104E8	1.77374448E8	2.8621536E7
ensembl_transcript_id=ENST00000338663.12|ensembl_gene_id=ENSG00000168003.19|gene_name=SLC3A2|tmd_start=82|tmd_end=106|tmd_seq=WALLLLFWLGWLGMLAGAVVIIVRA|ss_nuc_start=429|ss_seq=GAAGGGG|tmd-SS_gap_size=37|ensembl_uniprot_annotation=P08195|blastp_uniprot_annotation=P08195|transcript_canonical_status=Canonical|TMD_dG_app=-3.20|SS_dG_fs=2.48|stem_loop_presence=Yes|fs_type=hungry_-2|frame_transition=144|terminal_stop_codon=yes		0	0	1.1303018E7	0	0	3.2778272E7
ensembl_transcript_id=ENST00000346798.8|ensembl_gene_id=ENSG00000142192.22|gene_name=APP|tmd_start=701|tmd_end=723|tmd_seq=AIIGLMVGGVVIATVIVITLVML|ss_nuc_start=2274|ss_seq=AAATCCA|tmd-SS_gap_size=35|ensembl_uniprot_annotation=P05067|blastp_uniprot_annotation=P05067|transcript_canonical_status=Canonical|TMD_dG_app=-2.00|SS_dG_fs=2.85|stem_loop_presence=Yes|fs_type=dual_-1|frame_transition=760|terminal_stop_codon=yes		0	3949678.2	0	0	0	0
ensembl_transcript_id=ENST00000350997.12|ensembl_gene_id=ENSG00000149485.19|gene_name=FADS1|tmd_start=321|tmd_end=345|tmd_seq=KYFFLIGPPALLPLYFQWYIFYFVI|ss_nuc_start=1197|ss_seq=TATTCCC|tmd-SS_gap_size=54|ensembl_uniprot_annotation=No_uniprot_annotation|blastp_uniprot_annotation=O60427|transcript_canonical_status=Canonical|TMD_dG_app=0.41|SS_dG_fs=2.54|stem_loop_presence=Yes|fs_type=dual_-1|frame_transition=401|terminal_stop_codon=yes		3826536.0	7.8533664E7	2.59276032E8	0	5.24960512E8	2.54496608E8
ensembl_transcript_id=ENST00000356132.9|ensembl_gene_id=ENSG00000110080.20|gene_name=ST3GAL4|tmd_start=27|tmd_end=46|tmd_seq=RWKLLAMLALVLVVMVWYSI|ss_nuc_start=282|ss_seq=GGATTAT|tmd-SS_gap_size=48|ensembl_uniprot_annotation=No_uniprot_annotation|blastp_uniprot_annotation=Q11206|transcript_canonical_status=Alternative|TMD_dG_app=-2.56|SS_dG_fs=2.06|stem_loop_presence=Yes|fs_type=dual_-1|frame_transition=96|terminal_stop_codon=yes		0	0	8225365.0	0	0	0
ensembl_transcript_id=ENST00000356956.6|ensembl_gene_id=ENSG00000197081.16|gene_name=IGF2R|tmd_start=2305|tmd_end=2328|tmd_seq=AVGAVLSLLLVALTCCLLALLLYK|ss_nuc_start=7143|ss_seq=GGGAAAG|tmd-SS_gap_size=53|ensembl_uniprot_annotation=P11717|blastp_uniprot_annotation=P11717|transcript_canonical_status=Canonical|TMD_dG_app=-3.61|SS_dG_fs=2.65|stem_loop_presence=Yes|fs_type=dual_-1|frame_transition=2383|terminal_stop_codon=yes		0	0	0	0	0	3671040.5
ensembl_transcript_id=ENST00000357266.9|ensembl_gene_id=ENSG00000096060.15|gene_name=FKBP5|tmd_start=315|tmd_end=331|tmd_seq=FLLAAFLNLAMCYLKLR|ss_nuc_start=1140|ss_seq=AAACCCC|tmd-SS_gap_size=49|ensembl_uniprot_annotation=Q13451|blastp_uniprot_annotation=Q13451|transcript_canonical_status=Canonical|TMD_dG_app=0.88|SS_dG_fs=1.46|stem_loop_presence=Yes|fs_type=dual_-1|frame_transition=382|terminal_stop_codon=yes		0	0	5328367.5	0	0	5.7634236E7
ensembl_transcript_id=ENST00000357308.9|ensembl_gene_id=ENSG00000198380.13|gene_name=GFPT1|tmd_start=383|tmd_end=398|tmd_seq=RCRRLILIACGTSYHA|ss_nuc_start=1344|ss_seq=GATGGGT|tmd-SS_gap_size=50|ensembl_uniprot_annotation=Q06210|blastp_uniprot_annotation=Q06210|transcript_canonical_status=Canonical|TMD_dG_app=2.17|SS_dG_fs=2.83|stem_loop_presence=Yes|fs_type=dual_-1|frame_transition=450|terminal_stop_codon=yes		0	993536.06	0	0	0	488362.2
ensembl_transcript_id=ENST00000357324.11|ensembl_gene_id=ENSG00000105726.17|gene_name=ATP13A1|tmd_start=1102|tmd_end=1117|tmd_seq=TVYIMAMAMQMATFAI|ss_nuc_start=3492|ss_seq=CATCCCT|tmd-SS_gap_size=47|ensembl_uniprot_annotation=Q9HD20|blastp_uniprot_annotation=Q9HD20|transcript_canonical_status=Canonical|TMD_dG_app=2.30|SS_dG_fs=2.81|stem_loop_presence=Yes|fs_type=dual_-1|frame_transition=1166|terminal_stop_codon=no		1745348.4	0	0	0	4.45861728E8	8.7727048E7
ensembl_transcript_id=ENST00000358173.8|ensembl_gene_id=ENSG00000196411.10|gene_name=EPHB4|tmd_start=540|tmd_end=564|tmd_seq=LIAGTAVVGVVLVLVVIVVAVLCLR|ss_nuc_start=1812|ss_seq=GGAATTT|tmd-SS_gap_size=40|ensembl_uniprot_annotation=P54760|blastp_uniprot_annotation=P54760|transcript_canonical_status=Canonical|TMD_dG_app=-3.96|SS_dG_fs=1.86|stem_loop_presence=Yes|fs_type=dual_-1|frame_transition=606|terminal_stop_codon=yes		0	0	0	0	9.567708E7	0
ensembl_transcript_id=ENST00000358334.9|ensembl_gene_id=ENSG00000138119.17|gene_name=MYOF|tmd_start=347|tmd_end=367|tmd_seq=LLLPAGIALRWVTFLLKIYRA|ss_nuc_start=1242|ss_seq=GAAAAAT|tmd-SS_gap_size=47|ensembl_uniprot_annotation=Q9NZM1|blastp_uniprot_annotation=Q9NZM1|transcript_canonical_status=Alternative|TMD_dG_app=1.29|SS_dG_fs=0.71|stem_loop_presence=Yes|fs_type=dual_-1|frame_transition=416|terminal_stop_codon=yes		0	5.0608576E8	0	0	0	0
ensembl_transcript_id=ENST00000359337.9|ensembl_gene_id=ENSG00000196576.16|gene_name=PLXNB2|tmd_start=1198|tmd_end=1222|tmd_seq=LSLILPLVIVPMVVVIAVSVYCYWR|ss_nuc_start=3813|ss_seq=CATCCCC|tmd-SS_gap_size=49|ensembl_uniprot_annotation=O15031|blastp_uniprot_annotation=O15031|transcript_canonical_status=Canonical|TMD_dG_app=-2.70|SS_dG_fs=2.41|stem_loop_presence=Yes|fs_type=dual_-1|frame_transition=1273|terminal_stop_codon=yes		1761011.5	0	0	6.3165254E8	0	2.40175648E8
ensembl_transcript_id=ENST00000359478.7|ensembl_gene_id=ENSG00000197614.11|gene_name=MFAP5|tmd_start=3|tmd_end=24|tmd_seq=LLGPKVLLFLAAFIITSDWIPL|ss_nuc_start=228|ss_seq=TGAAAAA|tmd-SS_gap_size=52|ensembl_uniprot_annotation=Q13361|blastp_uniprot_annotation=Q13361|transcript_canonical_status=Canonical|TMD_dG_app=-0.16|SS_dG_fs=2.46|stem_loop_presence=Yes|fs_type=hungry_-2|frame_transition=77|terminal_stop_codon=yes		0	0	8235467.5	0	0	0
ensembl_transcript_id=ENST00000366431.2|ensembl_gene_id=ENSG00000235360.2|gene_name=C6orf47|tmd_start=182|tmd_end=206|tmd_seq=LTLHLLELLASALLALCSRPLRAAL|ss_nuc_start=726|ss_seq=CCCTTTG|tmd-SS_gap_size=36|ensembl_uniprot_annotation=O95873|blastp_uniprot_annotation=O95873|transcript_canonical_status=Canonical|TMD_dG_app=0.13|SS_dG_fs=2.39|stem_loop_presence=Yes|fs_type=dual_-1|frame_transition=244|terminal_stop_codon=yes		6.7712272E7	1.25231224E8	3.0715568E8	5.8181907E8	1.13814528E9	0
ensembl_transcript_id=ENST00000368468.4|ensembl_gene_id=ENSG00000111885.7|gene_name=MAN1A1|tmd_start=38|tmd_end=62|tmd_seq=LTEKFVLLLVFSAFITLCFGAIFFL|ss_nuc_start=318|ss_seq=GGAGGGG|tmd-SS_gap_size=44|ensembl_uniprot_annotation=P33908|blastp_uniprot_annotation=P33908|transcript_canonical_status=Canonical|TMD_dG_app=-2.85|SS_dG_fs=2.65|stem_loop_presence=Yes|fs_type=dual_-1|frame_transition=108|terminal_stop_codon=yes		0	0	0	7.3674648E7	0	0
ensembl_transcript_id=ENST00000369002.9|ensembl_gene_id=ENSG00000025796.14|gene_name=SEC63|tmd_start=190|tmd_end=214|tmd_seq=ILVLLVYGLAFMVILPVVVGSWWYR|ss_nuc_start=780|ss_seq=TAATAAA|tmd-SS_gap_size=46|ensembl_uniprot_annotation=Q9UGP8|blastp_uniprot_annotation=Q9UGP8|transcript_canonical_status=Canonical|TMD_dG_app=-3.02|SS_dG_fs=2.74|stem_loop_presence=Yes|fs_type=dual_-1|frame_transition=262|terminal_stop_codon=yes		0	0	1.05963E7	0	4.47229024E8	1.58440224E8
ensembl_transcript_id=ENST00000370081.6|ensembl_gene_id=ENSG00000112695.13|gene_name=COX7A2|tmd_start=11|tmd_end=31|tmd_seq=VPAWPFSLVVFSCGGCWSVTA|ss_nuc_start=231|ss_seq=AAAGGGT|tmd-SS_gap_size=46|ensembl_uniprot_annotation=No_uniprot_annotation|blastp_uniprot_annotation=P14406|transcript_canonical_status=Alternative|TMD_dG_app=1.68|SS_dG_fs=2.36|stem_loop_presence=Yes|fs_type=hungry_-2|frame_transition=78|terminal_stop_codon=yes		0	0	0	1.9203342E7	0	0
ensembl_transcript_id=ENST00000370791.9|ensembl_gene_id=ENSG00000180488.17|gene_name=MIGA1|tmd_start=494|tmd_end=514|tmd_seq=FFAHFYAICEHISPVLAWGFL|ss_nuc_start=1695|ss_seq=GCTTTTA|tmd-SS_gap_size=51|ensembl_uniprot_annotation=No_uniprot_annotation|blastp_uniprot_annotation=Q8NAN2|transcript_canonical_status=Canonical|TMD_dG_app=3.14|SS_dG_fs=2.43|stem_loop_presence=Yes|fs_type=dual_-1|frame_transition=567|terminal_stop_codon=yes		0	0	0	8.4239632E7	0	0
ensembl_transcript_id=ENST00000371408.7|ensembl_gene_id=ENSG00000176273.15|gene_name=SLC35G1|tmd_start=184|tmd_end=206|tmd_seq=WDALFTVFTITGVILIVRPPFLF|ss_nuc_start=726|ss_seq=AAAAATG|tmd-SS_gap_size=36|ensembl_uniprot_annotation=Q2M3R5|blastp_uniprot_annotation=Q2M3R5|transcript_canonical_status=Alternative|TMD_dG_app=-0.56|SS_dG_fs=2.57|stem_loop_presence=Yes|fs_type=dual_-1|frame_transition=244|terminal_stop_codon=yes		0	0	0	0	3.8135784E7	0
ensembl_transcript_id=ENST00000373451.9|ensembl_gene_id=ENSG00000137200.13|gene_name=CMTR1|tmd_start=405|tmd_end=424|tmd_seq=TFDLFTPFSVGLVYLLYCCF|ss_nuc_start=1389|ss_seq=GAATATT|tmd-SS_gap_size=39|ensembl_uniprot_annotation=Q8N1G2|blastp_uniprot_annotation=Q8N1G2|transcript_canonical_status=Canonical|TMD_dG_app=0.93|SS_dG_fs=1.52|stem_loop_presence=Yes|fs_type=dual_-1|frame_transition=465|terminal_stop_codon=yes		0	3.1655222E7	0	0	3.31789312E8	0
ensembl_transcript_id=ENST00000373655.6|ensembl_gene_id=ENSG00000121753.13|gene_name=ADGRB2|tmd_start=1150|tmd_end=1174|tmd_seq=AMASLWSSCVVLPLLALTWMSAVLA|ss_nuc_start=3648|ss_seq=GATGGGG|tmd-SS_gap_size=42|ensembl_uniprot_annotation=O60241|blastp_uniprot_annotation=O60241|transcript_canonical_status=Alternative|TMD_dG_app=-0.82|SS_dG_fs=2.57|stem_loop_presence=Yes|fs_type=dual_-1|frame_transition=1218|terminal_stop_codon=yes		0	0	0	0	0	8630717.0
ensembl_transcript_id=ENST00000374467.4|ensembl_gene_id=ENSG00000030110.14|gene_name=BAK1|tmd_start=123|tmd_end=140|tmd_seq=INWGRVVALLGFGYRLAL|ss_nuc_start=549|ss_seq=GGGCAAT|tmd-SS_gap_size=43|ensembl_uniprot_annotation=Q16611|blastp_uniprot_annotation=Q16611|transcript_canonical_status=Canonical|TMD_dG_app=1.17|SS_dG_fs=2.57|stem_loop_presence=Yes|fs_type=hungry_-1|frame_transition=184|terminal_stop_codon=no		0	0	0	2.7177712E8	0	0
ensembl_transcript_id=ENST00000375094.4|ensembl_gene_id=ENSG00000204308.8|gene_name=RNF5|tmd_start=120|tmd_end=138|tmd_seq=FHFSFGVGAFPFGFFTTVF|ss_nuc_start=519|ss_seq=CTTTTTT|tmd-SS_gap_size=35|ensembl_uniprot_annotation=Q99942|blastp_uniprot_annotation=Q99942|transcript_canonical_status=Canonical|TMD_dG_app=1.97|SS_dG_fs=0.93|stem_loop_presence=No|fs_type=dual_-1|frame_transition=175|terminal_stop_codon=no		2946468.0	0	0	0	0	0
ensembl_transcript_id=ENST00000375254.8|ensembl_gene_id=ENSG00000127481.15|gene_name=UBR4|tmd_start=406|tmd_end=430|tmd_seq=FQLLGAWCLLNSLFLILNLSPTALA|ss_nuc_start=1401|ss_seq=GGGATTT|tmd-SS_gap_size=37|ensembl_uniprot_annotation=Q5T4S7|blastp_uniprot_annotation=Q5T4S7|transcript_canonical_status=Canonical|TMD_dG_app=-0.28|SS_dG_fs=1.48|stem_loop_presence=Yes|fs_type=dual_-1|frame_transition=469|terminal_stop_codon=yes		0	0	0	5.6717384E7	0	0
ensembl_transcript_id=ENST00000376105.4|ensembl_gene_id=ENSG00000125968.10|gene_name=ID1|tmd_start=3|tmd_end=21|tmd_seq=VASGSTATAAAGPSCALKA|ss_nuc_start=183|ss_seq=GGTAAAC|tmd-SS_gap_size=40|ensembl_uniprot_annotation=P41134|blastp_uniprot_annotation=P41134|transcript_canonical_status=Alternative|TMD_dG_app=5.02|SS_dG_fs=2.82|stem_loop_presence=Yes|fs_type=dual_-1|frame_transition=63|terminal_stop_codon=no		0	0	3220250.2	0	0	0
ensembl_transcript_id=ENST00000376387.5|ensembl_gene_id=ENSG00000125304.10|gene_name=TM9SF2|tmd_start=521|tmd_end=543|tmd_seq=LPGIIMGGILPFGCIFIQLFFIL|ss_nuc_start=1752|ss_seq=GGATTAT|tmd-SS_gap_size=41|ensembl_uniprot_annotation=Q99805|blastp_uniprot_annotation=Q99805|transcript_canonical_status=Canonical|TMD_dG_app=-0.41|SS_dG_fs=2.06|stem_loop_presence=Yes|fs_type=dual_-1|frame_transition=586|terminal_stop_codon=yes		0	0	0	0	7.982601E8	0
ensembl_transcript_id=ENST00000378168.8|ensembl_gene_id=ENSG00000147044.23|gene_name=CASK|tmd_start=206|tmd_end=226|tmd_seq=VDVWGCGVILFILLSGCLPFY|ss_nuc_start=816|ss_seq=TGTTTAT|tmd-SS_gap_size=46|ensembl_uniprot_annotation=No_uniprot_annotation|blastp_uniprot_annotation=O14936|transcript_canonical_status=Alternative|TMD_dG_app=-0.72|SS_dG_fs=2.67|stem_loop_presence=Yes|fs_type=dual_-1|frame_transition=274|terminal_stop_codon=yes		0	0	1.3083646E7	0	0	2.4278774E7
ensembl_transcript_id=ENST00000383102.6|ensembl_gene_id=ENSG00000230708.10|gene_name=HLA-DPB1|tmd_start=11|tmd_end=32|tmd_seq=RTVALTALLMVLLTSVVQGRAT|ss_nuc_start=213|ss_seq=GGGGGAG|tmd-SS_gap_size=39|ensembl_uniprot_annotation=No_uniprot_annotation|blastp_uniprot_annotation=P04440|transcript_canonical_status=Canonical|TMD_dG_app=0.39|SS_dG_fs=2.65|stem_loop_presence=Yes|fs_type=dual_-1|frame_transition=73|terminal_stop_codon=yes		1.2760644E8	0	0	0	0	0
ensembl_transcript_id=ENST00000383121.2|ensembl_gene_id=ENSG00000206237.6|gene_name=HLA-DQB1|tmd_start=6|tmd_end=30|tmd_seq=ALRIPGGLRAATVTLMLSMLSTPVA|ss_nuc_start=228|ss_seq=GGGGGAG|tmd-SS_gap_size=46|ensembl_uniprot_annotation=No_uniprot_annotation|blastp_uniprot_annotation=P01920|transcript_canonical_status=Canonical|TMD_dG_app=1.78|SS_dG_fs=2.65|stem_loop_presence=Yes|fs_type=dual_-1|frame_transition=78|terminal_stop_codon=yes		3.29183744E8	0	0	0	0	0
ensembl_transcript_id=ENST00000388738.8|ensembl_gene_id=ENSG00000138688.17|gene_name=BLTP1|tmd_start=2959|tmd_end=2982|tmd_seq=IVLKFSAMLDGIAIGAALLPSLKA|ss_nuc_start=9096|ss_seq=TCCCCCT|tmd-SS_gap_size=50|ensembl_uniprot_annotation=No_uniprot_annotation|blastp_uniprot_annotation=Q2LD37|transcript_canonical_status=Alternative|TMD_dG_app=1.96|SS_dG_fs=2.13|stem_loop_presence=Yes|fs_type=dual_-1|frame_transition=3034|terminal_stop_codon=yes		0	0	0	0	0	1.2330554E7
ensembl_transcript_id=ENST00000389574.7|ensembl_gene_id=ENSG00000164828.18|gene_name=SUN1|tmd_start=206|tmd_end=226|tmd_seq=ICKFLVLLIPLFLLLAGLSLR|ss_nuc_start=816|ss_seq=GGCTTTT|tmd-SS_gap_size=46|ensembl_uniprot_annotation=O94901|blastp_uniprot_annotation=O94901|transcript_canonical_status=Alternative|TMD_dG_app=-2.11|SS_dG_fs=2.66|stem_loop_presence=Yes|fs_type=dual_-1|frame_transition=274|terminal_stop_codon=yes		2595342.5	0	0	0	0	0
ensembl_transcript_id=ENST00000393629.6|ensembl_gene_id=ENSG00000061987.16|gene_name=MON2|tmd_start=1452|tmd_end=1472|tmd_seq=TWKLAVSSLLRVLSIGLPVAR|ss_nuc_start=4536|ss_seq=AAATGAA|tmd-SS_gap_size=40|ensembl_uniprot_annotation=Q7Z3U7|blastp_uniprot_annotation=Q7Z3U7|transcript_canonical_status=Alternative|TMD_dG_app=2.98|SS_dG_fs=2.79|stem_loop_presence=Yes|fs_type=dual_-1|frame_transition=1514|terminal_stop_codon=yes		0	1.01691624E8	0	0	0	603615.8
ensembl_transcript_id=ENST00000395952.8|ensembl_gene_id=ENSG00000204427.12|gene_name=ABHD16A|tmd_start=349|tmd_end=368|tmd_seq=IIIYAWSIGGFTATWAAMSY|ss_nuc_start=1257|ss_seq=GGGTCCT|tmd-SS_gap_size=51|ensembl_uniprot_annotation=O95870|blastp_uniprot_annotation=O95870|transcript_canonical_status=Canonical|TMD_dG_app=1.42|SS_dG_fs=2.39|stem_loop_presence=Yes|fs_type=dual_-1|frame_transition=421|terminal_stop_codon=yes		0	0	0	0	0	1.05357728E8
ensembl_transcript_id=ENST00000396825.4|ensembl_gene_id=ENSG00000197296.6|gene_name=FITM2|tmd_start=189|tmd_end=213|tmd_seq=TTLVVALGILTFIWVLMFLCTAVYF|ss_nuc_start=783|ss_seq=GAAATAA|tmd-SS_gap_size=48|ensembl_uniprot_annotation=Q8N6M3|blastp_uniprot_annotation=Q8N6M3|transcript_canonical_status=Canonical|TMD_dG_app=-3.88|SS_dG_fs=1.16|stem_loop_presence=No|fs_type=dual_-1|frame_transition=263|terminal_stop_codon=no		0	2.2565196E7	0	0	1.58810896E8	0
ensembl_transcript_id=ENST00000403184.5|ensembl_gene_id=ENSG00000093010.15|gene_name=COMT|tmd_start=111|tmd_end=130|tmd_seq=VLLELGAYCGYSAVRMARLL|ss_nuc_start=516|ss_seq=CATCCCC|tmd-SS_gap_size=42|ensembl_uniprot_annotation=No_uniprot_annotation|blastp_uniprot_annotation=P21964|transcript_canonical_status=Alternative|TMD_dG_app=3.19|SS_dG_fs=2.41|stem_loop_presence=Yes|fs_type=dual_-1|frame_transition=174|terminal_stop_codon=yes		1.0944223E7	1.07818992E8	0	0	0	0
ensembl_transcript_id=ENST00000404125.6|ensembl_gene_id=ENSG00000068878.15|gene_name=PSME4|tmd_start=1657|tmd_end=1677|tmd_seq=ARYTVLTYLQTMVFYNLFIFL|ss_nuc_start=5178|ss_seq=TCATTTT|tmd-SS_gap_size=49|ensembl_uniprot_annotation=Q14997|blastp_uniprot_annotation=Q14997|transcript_canonical_status=Canonical|TMD_dG_app=1.11|SS_dG_fs=2.32|stem_loop_presence=Yes|fs_type=dual_-1|frame_transition=1728|terminal_stop_codon=yes		0	0	0	2.5862718E7	0	0
ensembl_transcript_id=ENST00000419135.6|ensembl_gene_id=ENSG00000225691.7|gene_name=HLA-C|tmd_start=2|tmd_end=24|tmd_seq=RVMAPRTLILLLSGALALTETWA|ss_nuc_start=234|ss_seq=GGAGGGG|tmd-SS_gap_size=54|ensembl_uniprot_annotation=No_uniprot_annotation|blastp_uniprot_annotation=P10321|transcript_canonical_status=Canonical|TMD_dG_app=0.51|SS_dG_fs=2.65|stem_loop_presence=Yes|fs_type=dual_-1|frame_transition=80|terminal_stop_codon=yes		0	2.13844784E8	0	0	0	0
ensembl_transcript_id=ENST00000422694.6|ensembl_gene_id=ENSG00000224264.9|gene_name=VARS1|tmd_start=825|tmd_end=846|tmd_seq=ILFFWVARMVMLGLKLTGRLPF|ss_nuc_start=2682|ss_seq=GGATCCC|tmd-SS_gap_size=48|ensembl_uniprot_annotation=P26640|blastp_uniprot_annotation=P26640|transcript_canonical_status=Canonical|TMD_dG_app=0.67|SS_dG_fs=2.61|stem_loop_presence=Yes|fs_type=dual_-1|frame_transition=896|terminal_stop_codon=yes		0	2.6709598E7	3.9901984E8	0	0	5.7050906E8
ensembl_transcript_id=ENST00000446113.7|ensembl_gene_id=ENSG00000177054.14|gene_name=ZDHHC13|tmd_start=470|tmd_end=493|tmd_seq=YYIFFLFFLSMVCGWIIYGSFIYL|ss_nuc_start=1605|ss_seq=ATTTTTA|tmd-SS_gap_size=42|ensembl_uniprot_annotation=Q8IUH4|blastp_uniprot_annotation=Q8IUH4|transcript_canonical_status=Canonical|TMD_dG_app=-3.05|SS_dG_fs=1.23|stem_loop_presence=Yes|fs_type=dual_-1|frame_transition=537|terminal_stop_codon=yes		0	1.1339808E7	0	0	0	0
ensembl_transcript_id=ENST00000446306.8|ensembl_gene_id=ENSG00000196367.15|gene_name=TRRAP|tmd_start=3654|tmd_end=3677|tmd_seq=YWTFRKMFTIQLALIGFAEFVLHL|ss_nuc_start=11148|ss_seq=CCCATTT|tmd-SS_gap_size=39|ensembl_uniprot_annotation=No_uniprot_annotation|blastp_uniprot_annotation=Q9Y4A5|transcript_canonical_status=Alternative|TMD_dG_app=0.69|SS_dG_fs=1.72|stem_loop_presence=Yes|fs_type=dual_-1|frame_transition=3718|terminal_stop_codon=yes		1.9624066E7	1.34014832E8	2.86360832E8	2.5972168E8	8.2679718E8	1.7900376E8
ensembl_transcript_id=ENST00000450871.6|ensembl_gene_id=ENSG00000232126.8|gene_name=HLA-B|tmd_start=3|tmd_end=24|tmd_seq=VTAPRTVLLLLSGALALTETWA|ss_nuc_start=234|ss_seq=GGAGGGG|tmd-SS_gap_size=54|ensembl_uniprot_annotation=No_uniprot_annotation|blastp_uniprot_annotation=P01889|transcript_canonical_status=Canonical|TMD_dG_app=0.85|SS_dG_fs=2.65|stem_loop_presence=Yes|fs_type=dual_-1|frame_transition=80|terminal_stop_codon=yes		0	4406478.0	4.420006E7	0	0	0
ensembl_transcript_id=ENST00000452614.6|ensembl_gene_id=ENSG00000153214.11|gene_name=TMEM87B|tmd_start=197|tmd_end=220|tmd_seq=WPLMIFYMVMCIVYILYGILWLTW|ss_nuc_start=801|ss_seq=GATATTT|tmd-SS_gap_size=47|ensembl_uniprot_annotation=No_uniprot_annotation|blastp_uniprot_annotation=Q96K49|transcript_canonical_status=Alternative|TMD_dG_app=-3.38|SS_dG_fs=1.91|stem_loop_presence=Yes|fs_type=dual_-1|frame_transition=269|terminal_stop_codon=yes		0	4533638.5	0	0	0	2996018.5
ensembl_transcript_id=ENST00000456652.5|ensembl_gene_id=ENSG00000071054.17|gene_name=MAP4K4|tmd_start=728|tmd_end=749|tmd_seq=ILCAALWGVNLLVGTESGLMLL|ss_nuc_start=2391|ss_seq=AAATAAA|tmd-SS_gap_size=48|ensembl_uniprot_annotation=No_uniprot_annotation|blastp_uniprot_annotation=O95819|transcript_canonical_status=Alternative|TMD_dG_app=1.12|SS_dG_fs=1.26|stem_loop_presence=Yes|fs_type=dual_-1|frame_transition=799|terminal_stop_codon=yes		0	0	0	0	2.45441312E8	0
ensembl_transcript_id=ENST00000461476.5|ensembl_gene_id=ENSG00000225590.9|gene_name=VPS52|tmd_start=1|tmd_end=18|tmd_seq=MAAAATMAAAARELVLRA|ss_nuc_start=195|ss_seq=GATATTA|tmd-SS_gap_size=47|ensembl_uniprot_annotation=No_uniprot_annotation|blastp_uniprot_annotation=Q8N1B4|transcript_canonical_status=Alternative|TMD_dG_app=3.51|SS_dG_fs=2.56|stem_loop_presence=Yes|fs_type=dual_-1|frame_transition=67|terminal_stop_codon=yes		0	0	0	2169029.2	0	0
ensembl_transcript_id=ENST00000471454.6|ensembl_gene_id=ENSG00000145087.14|gene_name=STXBP5L|tmd_start=828|tmd_end=848|tmd_seq=CLFVGTSLGMVLIISLNLPLA|ss_nuc_start=2697|ss_seq=TGAAAAT|tmd-SS_gap_size=51|ensembl_uniprot_annotation=No_uniprot_annotation|blastp_uniprot_annotation=Q9Y2K9|transcript_canonical_status=Canonical|TMD_dG_app=-0.26|SS_dG_fs=2.79|stem_loop_presence=Yes|fs_type=dual_-1|frame_transition=901|terminal_stop_codon=yes		0	0	0	0	0	2.8090598E7
ensembl_transcript_id=ENST00000480139.5|ensembl_gene_id=ENSG00000203896.10|gene_name=LIME1|tmd_start=11|tmd_end=33|tmd_seq=ALWVLGCCALLLSLWALCTACRR|ss_nuc_start=231|ss_seq=GGGCCCT|tmd-SS_gap_size=44|ensembl_uniprot_annotation=No_uniprot_annotation|blastp_uniprot_annotation=Q9H400|transcript_canonical_status=Alternative|TMD_dG_app=-2.41|SS_dG_fs=1.16|stem_loop_presence=Yes|fs_type=dual_-1|frame_transition=79|terminal_stop_codon=no		1.18638872E8	0	0	4.7336388E7	0	407833.53
ensembl_transcript_id=ENST00000481110.7|ensembl_gene_id=ENSG00000068078.20|gene_name=FGFR3|tmd_start=376|tmd_end=399|tmd_seq=ILSYGVGFFLFILVVAAVTLCRLR|ss_nuc_start=1344|ss_seq=GGGCCCC|tmd-SS_gap_size=49|ensembl_uniprot_annotation=No_uniprot_annotation|blastp_uniprot_annotation=P22607|transcript_canonical_status=Alternative|TMD_dG_app=-3.21|SS_dG_fs=0.76|stem_loop_presence=Yes|fs_type=dual_-1|frame_transition=450|terminal_stop_codon=yes		0	0	0	0	7515053.5	0
ensembl_transcript_id=ENST00000488494.6|ensembl_gene_id=ENSG00000150093.20|gene_name=ITGB1|tmd_start=735|tmd_end=759|tmd_seq=IVAGVVAGIVLIGLALLLIWKLLMI|ss_nuc_start=2397|ss_seq=GGGAAAA|tmd-SS_gap_size=40|ensembl_uniprot_annotation=No_uniprot_annotation|blastp_uniprot_annotation=P05556|transcript_canonical_status=Alternative|TMD_dG_app=-3.69|SS_dG_fs=0.55|stem_loop_presence=No|fs_type=dual_-1|frame_transition=801|terminal_stop_codon=no		0	0	3306806.8	0	0	0
ensembl_transcript_id=ENST00000512097.10|ensembl_gene_id=ENSG00000080709.17|gene_name=KCNN2|tmd_start=414|tmd_end=438|tmd_seq=DYALIFGMFGIVVMVIETELSWGAY|ss_nuc_start=1473|ss_seq=TATTTTC|tmd-SS_gap_size=53|ensembl_uniprot_annotation=No_uniprot_annotation|blastp_uniprot_annotation=Q9H2S1|transcript_canonical_status=Alternative|TMD_dG_app=-0.03|SS_dG_fs=2.79|stem_loop_presence=Yes|fs_type=dual_-1|frame_transition=493|terminal_stop_codon=yes		0	0	0	0	0	1.1272232E8
ensembl_transcript_id=ENST00000512996.6|ensembl_gene_id=ENSG00000112992.18|gene_name=NNT|tmd_start=396|tmd_end=420|tmd_seq=LMSVTNAISGLTAVGGLALMGGHLY|ss_nuc_start=1377|ss_seq=CCCCCCA|tmd-SS_gap_size=39|ensembl_uniprot_annotation=No_uniprot_annotation|blastp_uniprot_annotation=Q13423|transcript_canonical_status=Alternative|TMD_dG_app=2.25|SS_dG_fs=0.79|stem_loop_presence=Yes|fs_type=dual_-1|frame_transition=461|terminal_stop_codon=yes		0	0	1.1013202E7	1.37207386E9	0	0
ensembl_transcript_id=ENST00000520468.7|ensembl_gene_id=ENSG00000164919.11|gene_name=COX6C|tmd_start=15|tmd_end=39|tmd_seq=LARRLRNHMAVAFVLSLGVAALYKF|ss_nuc_start=222|ss_seq=AAAGTAA|tmd-SS_gap_size=35|ensembl_uniprot_annotation=P09669|blastp_uniprot_annotation=P09669|transcript_canonical_status=Canonical|TMD_dG_app=0.04|SS_dG_fs=2.88|stem_loop_presence=No|fs_type=dual_-1|frame_transition=76|terminal_stop_codon=no		1.91418816E8	0	0	0	0	0
ensembl_transcript_id=ENST00000529230.6|ensembl_gene_id=ENSG00000175216.15|gene_name=CKAP5|tmd_start=1684|tmd_end=1700|tmd_seq=ILSALLVLLQDSLLATA|ss_nuc_start=5229|ss_seq=CCCCAAA|tmd-SS_gap_size=43|ensembl_uniprot_annotation=Q14008|blastp_uniprot_annotation=Q14008|transcript_canonical_status=Canonical|TMD_dG_app=2.66|SS_dG_fs=0.93|stem_loop_presence=Yes|fs_type=dual_-1|frame_transition=1745|terminal_stop_codon=yes		0	0	0	0	5.7345971E8	4318950.0
ensembl_transcript_id=ENST00000530428.2|ensembl_gene_id=ENSG00000109919.10|gene_name=MTCH2|tmd_start=173|tmd_end=194|tmd_seq=LVPRLLGDILSLWLCNSLAYLV|ss_nuc_start=738|ss_seq=CCCTCCT|tmd-SS_gap_size=52|ensembl_uniprot_annotation=No_uniprot_annotation|blastp_uniprot_annotation=Q9Y6C9|transcript_canonical_status=Alternative|TMD_dG_app=1.20|SS_dG_fs=2.53|stem_loop_presence=Yes|fs_type=dual_-1|frame_transition=248|terminal_stop_codon=yes		0	0	2.97920768E8	0	0	1.80624848E8
ensembl_transcript_id=ENST00000538775.5|ensembl_gene_id=ENSG00000144959.11|gene_name=NCEH1|tmd_start=33|tmd_end=55|tmd_seq=MRSSCVLLTALVALAAYYVYIPL|ss_nuc_start=282|ss_seq=GAATTTT|tmd-SS_gap_size=39|ensembl_uniprot_annotation=No_uniprot_annotation|blastp_uniprot_annotation=Q6PIU2|transcript_canonical_status=Alternative|TMD_dG_app=-0.90|SS_dG_fs=0.71|stem_loop_presence=Yes|fs_type=dual_-1|frame_transition=96|terminal_stop_codon=yes		0	9852674.0	0	0	0	0
ensembl_transcript_id=ENST00000538786.1|ensembl_gene_id=ENSG00000184743.13|gene_name=ATL3|tmd_start=450|tmd_end=474|tmd_seq=VVAQLFNCMVGLLLIALLTWGYIRY|ss_nuc_start=1554|ss_seq=GGATAAA|tmd-SS_gap_size=44|ensembl_uniprot_annotation=No_uniprot_annotation|blastp_uniprot_annotation=Q6DD88|transcript_canonical_status=Alternative|TMD_dG_app=-1.96|SS_dG_fs=1.81|stem_loop_presence=No|fs_type=dual_-1|frame_transition=520|terminal_stop_codon=no		3.100803E7	0	5.4803501E8	0	3.32245664E8	1.5205699E7
ensembl_transcript_id=ENST00000539542.6|ensembl_gene_id=ENSG00000172869.15|gene_name=DMXL1|tmd_start=2865|tmd_end=2881|tmd_seq=FVFVSSSSLIATAGLST|ss_nuc_start=8748|ss_seq=TCCAAAA|tmd-SS_gap_size=35|ensembl_uniprot_annotation=No_uniprot_annotation|blastp_uniprot_annotation=Q9Y485|transcript_canonical_status=Canonical|TMD_dG_app=3.13|SS_dG_fs=2.52|stem_loop_presence=Yes|fs_type=dual_-1|frame_transition=2918|terminal_stop_codon=yes		0	0	0	0	0	1.5498503E7
ensembl_transcript_id=ENST00000546933.5|ensembl_gene_id=ENSG00000186298.12|gene_name=PPP1CC|tmd_start=1|tmd_end=20|tmd_seq=MFLPLYLNLVLYFVFWLHWT|ss_nuc_start=204|ss_seq=CAAAATA|tmd-SS_gap_size=48|ensembl_uniprot_annotation=No_uniprot_annotation|blastp_uniprot_annotation=P36873|transcript_canonical_status=Alternative|TMD_dG_app=-0.14|SS_dG_fs=1.91|stem_loop_presence=Yes|fs_type=hungry_-2|frame_transition=69|terminal_stop_codon=yes		0	0	0	0	4.3257216E7	2279156.8
ensembl_transcript_id=ENST00000563924.6|ensembl_gene_id=ENSG00000261371.6|gene_name=PECAM1|tmd_start=601|tmd_end=625|tmd_seq=KGLIAVVIIGVIIALLIIAAKCYFL|ss_nuc_start=2028|ss_seq=AATAAAT|tmd-SS_gap_size=51|ensembl_uniprot_annotation=P16284|blastp_uniprot_annotation=P16284|transcript_canonical_status=Canonical|TMD_dG_app=-3.95|SS_dG_fs=1.31|stem_loop_presence=Yes|fs_type=dual_-1|frame_transition=678|terminal_stop_codon=yes		0	1.6849244E7	0	0	0	0
ensembl_transcript_id=ENST00000565012.1|ensembl_gene_id=ENSG00000178952.11|gene_name=TUFM|tmd_start=9|tmd_end=33|tmd_seq=LLRATPHFSGLAAGRTFLLQGLLRL|ss_nuc_start=243|ss_seq=GAAGAAA|tmd-SS_gap_size=48|ensembl_uniprot_annotation=No_uniprot_annotation|blastp_uniprot_annotation=P49411|transcript_canonical_status=Alternative|TMD_dG_app=2.69|SS_dG_fs=2.86|stem_loop_presence=Yes|fs_type=dual_-1|frame_transition=83|terminal_stop_codon=yes		5607893.5	0	0	6.2977192E7	0	0
ensembl_transcript_id=ENST00000565975.5|ensembl_gene_id=ENSG00000169682.18|gene_name=SPNS1|tmd_start=231|tmd_end=250|tmd_seq=RMLSIFYFAIPVGSGLGYIA|ss_nuc_start=900|ss_seq=GAACCCC|tmd-SS_gap_size=50|ensembl_uniprot_annotation=No_uniprot_annotation|blastp_uniprot_annotation=Q9H2V7|transcript_canonical_status=Alternative|TMD_dG_app=1.81|SS_dG_fs=1.84|stem_loop_presence=Yes|fs_type=dual_-1|frame_transition=302|terminal_stop_codon=yes		0	5808511.0	0	2.4063462E7	0	0
ensembl_transcript_id=ENST00000568588.5|ensembl_gene_id=ENSG00000174444.15|gene_name=RPL4|tmd_start=1|tmd_end=20|tmd_seq=MCRGGRMFAPTKTWRRWHRR|ss_nuc_start=186|ss_seq=TAAAGTT|tmd-SS_gap_size=42|ensembl_uniprot_annotation=No_uniprot_annotation|blastp_uniprot_annotation=P36578|transcript_canonical_status=Alternative|TMD_dG_app=6.78|SS_dG_fs=2.42|stem_loop_presence=Yes|fs_type=hungry_-2|frame_transition=63|terminal_stop_codon=yes		0	1.6498255E7	1564613.0	0	8017891.5	2.3188558E7
ensembl_transcript_id=ENST00000580059.7|ensembl_gene_id=ENSG00000134504.14|gene_name=KCTD1|tmd_start=10|tmd_end=25|tmd_seq=CNTSAGGSASAAAAAA|ss_nuc_start=216|ss_seq=GGGGGAC|tmd-SS_gap_size=47|ensembl_uniprot_annotation=No_uniprot_annotation|blastp_uniprot_annotation=Q719H9|transcript_canonical_status=Canonical|TMD_dG_app=5.54|SS_dG_fs=2.61|stem_loop_presence=Yes|fs_type=dual_-1|frame_transition=74|terminal_stop_codon=yes		0	0	6526103.5	0	0	5491581.0
ensembl_transcript_id=ENST00000580918.2|ensembl_gene_id=ENSG00000177728.17|gene_name=TMEM94|tmd_start=1093|tmd_end=1117|tmd_seq=IRKCFLFLLQCQLTLVVIQFLSCLV|ss_nuc_start=3471|ss_seq=GGGGAAA|tmd-SS_gap_size=40|ensembl_uniprot_annotation=No_uniprot_annotation|blastp_uniprot_annotation=Q12767|transcript_canonical_status=Alternative|TMD_dG_app=-0.52|SS_dG_fs=0.38|stem_loop_presence=Yes|fs_type=dual_-1|frame_transition=1159|terminal_stop_codon=yes		0	0	0	0	0	3673908.8
ensembl_transcript_id=ENST00000582970.6|ensembl_gene_id=ENSG00000173821.20|gene_name=RNF213|tmd_start=4550|tmd_end=4565|tmd_seq=ADRTQTGHVLGNPQRR|ss_nuc_start=13803|ss_seq=GATAAAC|tmd-SS_gap_size=36|ensembl_uniprot_annotation=No_uniprot_annotation|blastp_uniprot_annotation=Q63HN8|transcript_canonical_status=Canonical|TMD_dG_app=8.44|SS_dG_fs=2.44|stem_loop_presence=Yes|fs_type=dual_-1|frame_transition=4603|terminal_stop_codon=yes		3.71028288E8	2.07201152E8	0	1.73785232E8	3.8420336E8	2.06007952E8
ensembl_transcript_id=ENST00000585598.1|ensembl_gene_id=ENSG00000099341.13|gene_name=PSMD8|tmd_start=9|tmd_end=32|tmd_seq=AAGFSSSGPAATSGAVLQAATGMY|ss_nuc_start=258|ss_seq=GGGTGAA|tmd-SS_gap_size=54|ensembl_uniprot_annotation=No_uniprot_annotation|blastp_uniprot_annotation=P48556|transcript_canonical_status=Alternative|TMD_dG_app=5.09|SS_dG_fs=2.72|stem_loop_presence=Yes|fs_type=dual_-1|frame_transition=88|terminal_stop_codon=yes		0	0	0	7.7962168E7	3.059832E8	0
ensembl_transcript_id=ENST00000592324.2|ensembl_gene_id=ENSG00000033627.18|gene_name=ATP6V0A1|tmd_start=777|tmd_end=801|tmd_seq=ASYLRLWALSLAHAQLSEVLWTMVI|ss_nuc_start=2556|ss_seq=GAATAAA|tmd-SS_gap_size=51|ensembl_uniprot_annotation=No_uniprot_annotation|blastp_uniprot_annotation=Q93050|transcript_canonical_status=Alternative|TMD_dG_app=1.37|SS_dG_fs=1.64|stem_loop_presence=Yes|fs_type=dual_-1|frame_transition=854|terminal_stop_codon=yes		3098639.8	0	1.1073369E7	0	3.0041508E7	1.5231532E7
ensembl_transcript_id=ENST00000605930.3|ensembl_gene_id=ENSG00000096433.11|gene_name=ITPR3|tmd_start=967|tmd_end=991|tmd_seq=TKLKILEILQFILNVRLDYRISYLL|ss_nuc_start=3114|ss_seq=GGGGAAG|tmd-SS_gap_size=47|ensembl_uniprot_annotation=Q14573|blastp_uniprot_annotation=Q14573|transcript_canonical_status=Canonical|TMD_dG_app=3.16|SS_dG_fs=2.48|stem_loop_presence=Yes|fs_type=dual_-1|frame_transition=1040|terminal_stop_codon=yes		0	1.3282751E7	0	0	0	0
ensembl_transcript_id=ENST00000619898.5|ensembl_gene_id=ENSG00000114902.14|gene_name=SPCS1|tmd_start=45|tmd_end=64|tmd_seq=FGWTVYIVMAGFAFSCLLTL|ss_nuc_start=297|ss_seq=TAAAAAT|tmd-SS_gap_size=35|ensembl_uniprot_annotation=No_uniprot_annotation|blastp_uniprot_annotation=Q9Y6A9|transcript_canonical_status=Canonical|TMD_dG_app=-0.89|SS_dG_fs=1.26|stem_loop_presence=No|fs_type=dual_-1|frame_transition=101|terminal_stop_codon=yes		2.56790502E9	1.18326963E9	1.78171763E9	5.218903E9	5.4774779E9	3.32367949E9
ensembl_transcript_id=ENST00000620173.5|ensembl_gene_id=ENSG00000026297.17|gene_name=RNASET2|tmd_start=4|tmd_end=24|tmd_seq=AALRGALLGCLCLALLCLGGA|ss_nuc_start=195|ss_seq=GTTTCCC|tmd-SS_gap_size=41|ensembl_uniprot_annotation=No_uniprot_annotation|blastp_uniprot_annotation=O00584|transcript_canonical_status=Alternative|TMD_dG_app=-1.43|SS_dG_fs=2.66|stem_loop_presence=Yes|fs_type=hungry_-2|frame_transition=66|terminal_stop_codon=yes		0	0	0	0	0	2.1448466E7
ensembl_transcript_id=ENST00000633080.1|ensembl_gene_id=ENSG00000147251.16|gene_name=DOCK11|tmd_start=1349|tmd_end=1370|tmd_seq=TFLRTHLQIIIAVSQLIADVAL|ss_nuc_start=4275|ss_seq=CCCTGAA|tmd-SS_gap_size=55|ensembl_uniprot_annotation=No_uniprot_annotation|blastp_uniprot_annotation=Q5JSL3|transcript_canonical_status=Alternative|TMD_dG_app=1.90|SS_dG_fs=2.86|stem_loop_presence=Yes|fs_type=dual_-1|frame_transition=1427|terminal_stop_codon=yes		2181797.0	0	0	0	2.21248358E9	5918130.0
ensembl_transcript_id=ENST00000633192.1|ensembl_gene_id=ENSG00000105854.13|gene_name=PON2|tmd_start=21|tmd_end=45|tmd_seq=AMGRLVAVGLLGIALALLGERLLAL|ss_nuc_start=249|ss_seq=GGCTTTT|tmd-SS_gap_size=38|ensembl_uniprot_annotation=No_uniprot_annotation|blastp_uniprot_annotation=Q15165|transcript_canonical_status=Alternative|TMD_dG_app=-1.64|SS_dG_fs=2.66|stem_loop_presence=Yes|fs_type=dual_-1|frame_transition=85|terminal_stop_codon=yes		0	0	3.4119172E7	3.50398003E9	0	2.344436E7
ensembl_transcript_id=ENST00000638088.2|ensembl_gene_id=ENSG00000173852.16|gene_name=DPY19L1|tmd_start=230|tmd_end=254|tmd_seq=CFYVAVIFILNGLMMALFFIYGTYL|ss_nuc_start=921|ss_seq=AAAACTT|tmd-SS_gap_size=53|ensembl_uniprot_annotation=No_uniprot_annotation|blastp_uniprot_annotation=Q2PZI1|transcript_canonical_status=Canonical|TMD_dG_app=-2.80|SS_dG_fs=2.13|stem_loop_presence=Yes|fs_type=dual_-1|frame_transition=309|terminal_stop_codon=yes		3.5514672E7	7.7004826E8	7.3563091E8	2.28234906E9	6.4356275E8	1.24924704E8
ensembl_transcript_id=ENST00000644227.1|ensembl_gene_id=ENSG00000184047.21|gene_name=DIABLO|tmd_start=44|tmd_end=60|tmd_seq=KTVTIGFGVTLCAVPIA|ss_nuc_start=294|ss_seq=CATTCCC|tmd-SS_gap_size=38|ensembl_uniprot_annotation=No_uniprot_annotation|blastp_uniprot_annotation=Q9NR28|transcript_canonical_status=Alternative|TMD_dG_app=2.15|SS_dG_fs=2.54|stem_loop_presence=No|fs_type=dual_-1|frame_transition=100|terminal_stop_codon=no		0	0	0	0	0	4084932.2
ensembl_transcript_id=ENST00000645319.2|ensembl_gene_id=ENSG00000133657.17|gene_name=ATP13A3|tmd_start=1140|tmd_end=1160|tmd_seq=YQWRVTMLIIVLVNAFVSITV|ss_nuc_start=3591|ss_seq=GGGAAAA|tmd-SS_gap_size=37|ensembl_uniprot_annotation=No_uniprot_annotation|blastp_uniprot_annotation=Q9H7F0|transcript_canonical_status=Canonical|TMD_dG_app=-0.23|SS_dG_fs=0.55|stem_loop_presence=Yes|fs_type=dual_-1|frame_transition=1199|terminal_stop_codon=yes		2.2030328E7	0	2.7895212E7	0	0	1.1089243E7
ensembl_transcript_id=ENST00000645898.2|ensembl_gene_id=ENSG00000168016.15|gene_name=TRANK1|tmd_start=2721|tmd_end=2740|tmd_seq=RKLRRACLVVSLCISWRRRV|ss_nuc_start=8373|ss_seq=GGGGGCA|tmd-SS_gap_size=51|ensembl_uniprot_annotation=No_uniprot_annotation|blastp_uniprot_annotation=O15050|transcript_canonical_status=Canonical|TMD_dG_app=0.46|SS_dG_fs=2.55|stem_loop_presence=Yes|fs_type=dual_-1|frame_transition=2793|terminal_stop_codon=yes		0	0	0	0	0	2483529.2
ensembl_transcript_id=ENST00000648187.1|ensembl_gene_id=ENSG00000196715.7|gene_name=VKORC1L1|tmd_start=63|tmd_end=83|tmd_seq=RVARYAVCAAGILLSIYAYHV|ss_nuc_start=357|ss_seq=TTTGGGT|tmd-SS_gap_size=36|ensembl_uniprot_annotation=No_uniprot_annotation|blastp_uniprot_annotation=Q8N0U8|transcript_canonical_status=Alternative|TMD_dG_app=0.13|SS_dG_fs=2.25|stem_loop_presence=Yes|fs_type=dual_-1|frame_transition=121|terminal_stop_codon=no		2.344358E7	1.34243168E8	0	7.5520888E7	2.28531584E8	869592.1
ensembl_transcript_id=ENST00000650592.2|ensembl_gene_id=ENSG00000173706.15|gene_name=HEG1|tmd_start=1348|tmd_end=1372|tmd_seq=LITVVIAAAGGGLLLILGIALIVTC|ss_nuc_start=4260|ss_seq=CAAAAAC|tmd-SS_gap_size=48|ensembl_uniprot_annotation=No_uniprot_annotation|blastp_uniprot_annotation=Q9ULI3|transcript_canonical_status=Alternative|TMD_dG_app=-2.85|SS_dG_fs=2.39|stem_loop_presence=Yes|fs_type=dual_-1|frame_transition=1422|terminal_stop_codon=yes		2976222.8	7064917.5	5692146.0	0	0	0
ensembl_transcript_id=ENST00000652585.2|ensembl_gene_id=ENSG00000109762.17|gene_name=SNX25|tmd_start=865|tmd_end=882|tmd_seq=WVRRTLIALVQVTFGRTI|ss_nuc_start=2790|ss_seq=AACAAAA|tmd-SS_gap_size=48|ensembl_uniprot_annotation=No_uniprot_annotation|blastp_uniprot_annotation=Q9H3E2|transcript_canonical_status=Canonical|TMD_dG_app=1.70|SS_dG_fs=2.80|stem_loop_presence=Yes|fs_type=dual_-1|frame_transition=932|terminal_stop_codon=yes		1.45210976E8	1.0170288E7	2.5981156E7	8.7240024E7	7.0296112E7	1.4150237E7
ensembl_transcript_id=ENST00000671730.1|ensembl_gene_id=ENSG00000156671.15|gene_name=SAMD8|tmd_start=260|tmd_end=284|tmd_seq=IPWAFAMTEVCGMILCYIWLLVLLL|ss_nuc_start=1002|ss_seq=GAAATTA|tmd-SS_gap_size=50|ensembl_uniprot_annotation=No_uniprot_annotation|blastp_uniprot_annotation=Q96LT4|transcript_canonical_status=Alternative|TMD_dG_app=-2.15|SS_dG_fs=1.96|stem_loop_presence=Yes|fs_type=dual_-1|frame_transition=336|terminal_stop_codon=yes		4033441.5	0	5287720.5	1.4058453E7	1.2829009E7	8701490.0
ensembl_transcript_id=ENST00000673929.1|ensembl_gene_id=ENSG00000033170.17|gene_name=FUT8|tmd_start=447|tmd_end=467|tmd_seq=LRGVILDIHFLSQADFLVCTF|ss_nuc_start=1527|ss_seq=CATTTAT|tmd-SS_gap_size=42|ensembl_uniprot_annotation=Q9BYC5|blastp_uniprot_annotation=Q9BYC5|transcript_canonical_status=Canonical|TMD_dG_app=2.99|SS_dG_fs=1.99|stem_loop_presence=Yes|fs_type=dual_-1|frame_transition=511|terminal_stop_codon=yes		0	1.3027488E7	0	0	0	0
ensembl_transcript_id=ENST00000673971.3|ensembl_gene_id=ENSG00000251322.12|gene_name=SHANK3|tmd_start=1|tmd_end=16|tmd_seq=MQLSRAAAAAAAAPAE|ss_nuc_start=210|ss_seq=GGGCCCC|tmd-SS_gap_size=54|ensembl_uniprot_annotation=No_uniprot_annotation|blastp_uniprot_annotation=Q9BYB0|transcript_canonical_status=Alternative|TMD_dG_app=5.20|SS_dG_fs=0.76|stem_loop_presence=Yes|fs_type=dual_-1|frame_transition=72|terminal_stop_codon=yes		0	2.22152784E8	0	0	0	0
ensembl_transcript_id=ENST00000673991.1|ensembl_gene_id=ENSG00000109501.15|gene_name=WFS1|tmd_start=352|tmd_end=376|tmd_seq=FFAFFIPLVIFYLSFISMVICTLKV|ss_nuc_start=1293|ss_seq=CCCCATC|tmd-SS_gap_size=55|ensembl_uniprot_annotation=No_uniprot_annotation|blastp_uniprot_annotation=O76024|transcript_canonical_status=Alternative|TMD_dG_app=-1.88|SS_dG_fs=2.41|stem_loop_presence=Yes|fs_type=dual_-1|frame_transition=433|terminal_stop_codon=yes		0	0	0	6.6203424E7	0	0
ensembl_transcript_id=ENST00000677413.1|ensembl_gene_id=ENSG00000092108.22|gene_name=SCFD1|tmd_start=122|tmd_end=146|tmd_seq=TIVDSLFCFFVTLGAVPIIRCSRGT|ss_nuc_start=597|ss_seq=TCCTTTA|tmd-SS_gap_size=53|ensembl_uniprot_annotation=No_uniprot_annotation|blastp_uniprot_annotation=Q8WVM8|transcript_canonical_status=Alternative|TMD_dG_app=0.56|SS_dG_fs=2.43|stem_loop_presence=Yes|fs_type=dual_-1|frame_transition=201|terminal_stop_codon=yes		0	0	0	0	0	6320671.0
ensembl_transcript_id=ENST00000678299.1|ensembl_gene_id=ENSG00000144867.13|gene_name=SRPRB|tmd_start=36|tmd_end=58|tmd_seq=TLLSVVVAVLAVLLTLVFWKLIR|ss_nuc_start=327|ss_seq=GGGCAAT|tmd-SS_gap_size=51|ensembl_uniprot_annotation=Q9Y5M8|blastp_uniprot_annotation=Q9Y5M8|transcript_canonical_status=Canonical|TMD_dG_app=-2.87|SS_dG_fs=2.57|stem_loop_presence=Yes|fs_type=dual_-1|frame_transition=111|terminal_stop_codon=yes		0	4.72863008E8	0	0	0	0
ensembl_transcript_id=ENST00000678591.1|ensembl_gene_id=ENSG00000150093.20|gene_name=ITGB1|tmd_start=728|tmd_end=752|tmd_seq=IVAGVVAGIVLIGLALLLIWKLLMI|ss_nuc_start=2376|ss_seq=GGGAAAA|tmd-SS_gap_size=40|ensembl_uniprot_annotation=No_uniprot_annotation|blastp_uniprot_annotation=P05556|transcript_canonical_status=Alternative|TMD_dG_app=-3.69|SS_dG_fs=0.55|stem_loop_presence=No|fs_type=dual_-1|frame_transition=794|terminal_stop_codon=no		0	0	2576223.0	0	0	5.920681E8
ensembl_transcript_id=ENST00000678995.1|ensembl_gene_id=ENSG00000165029.17|gene_name=ABCA1|tmd_start=1712|tmd_end=1727|tmd_seq=YVVPATLVIIIFICFQ|ss_nuc_start=5340|ss_seq=CATTAAT|tmd-SS_gap_size=53|ensembl_uniprot_annotation=No_uniprot_annotation|blastp_uniprot_annotation=O95477|transcript_canonical_status=Alternative|TMD_dG_app=0.16|SS_dG_fs=2.62|stem_loop_presence=Yes|fs_type=dual_-1|frame_transition=1782|terminal_stop_codon=yes		0	0	0	7.9423728E7	0	0
ensembl_transcript_id=ENST00000679545.1|ensembl_gene_id=ENSG00000123983.15|gene_name=ACSL3|tmd_start=432|tmd_end=455|tmd_seq=LLGGNIRLLLCGGAPLSATTQRFM|ss_nuc_start=1500|ss_seq=AAAAAAC|tmd-SS_gap_size=45|ensembl_uniprot_annotation=No_uniprot_annotation|blastp_uniprot_annotation=O95573|transcript_canonical_status=Alternative|TMD_dG_app=2.61|SS_dG_fs=1.46|stem_loop_presence=Yes|fs_type=dual_-1|frame_transition=502|terminal_stop_codon=yes		0	0	0	0	0	2.567154E7
ensembl_transcript_id=ENST00000679673.1|ensembl_gene_id=ENSG00000120697.10|gene_name=ALG5|tmd_start=137|tmd_end=159|tmd_seq=YFRTLLMYGFHFLVWFLCVKGIR|ss_nuc_start=591|ss_seq=CTTTAAA|tmd-SS_gap_size=38|ensembl_uniprot_annotation=No_uniprot_annotation|blastp_uniprot_annotation=Q9Y673|transcript_canonical_status=Alternative|TMD_dG_app=-0.28|SS_dG_fs=1.86|stem_loop_presence=Yes|fs_type=dual_-1|frame_transition=199|terminal_stop_codon=yes		0	8914316.0	0	0	0	0
ensembl_transcript_id=ENST00000680220.1|ensembl_gene_id=ENSG00000174373.17|gene_name=RALGAPA1|tmd_start=1891|tmd_end=1914|tmd_seq=KRLVVSLLLCLLDWIMALPLKTLL|ss_nuc_start=5862|ss_seq=TTTTCCC|tmd-SS_gap_size=40|ensembl_uniprot_annotation=No_uniprot_annotation|blastp_uniprot_annotation=Q6GYQ0|transcript_canonical_status=Canonical|TMD_dG_app=-0.62|SS_dG_fs=1.73|stem_loop_presence=Yes|fs_type=dual_-1|frame_transition=1956|terminal_stop_codon=yes		2903781.2	6.64416E7	2.53296752E8	1.64676173E9	0	3.4675472E7
ensembl_transcript_id=ENST00000680679.1|ensembl_gene_id=ENSG00000136699.20|gene_name=SMPD4|tmd_start=455|tmd_end=472|tmd_seq=LLMYTKLFVGFLNRALRT|ss_nuc_start=1536|ss_seq=CATCCCC|tmd-SS_gap_size=40|ensembl_uniprot_annotation=No_uniprot_annotation|blastp_uniprot_annotation=Q9NXE4|transcript_canonical_status=Alternative|TMD_dG_app=2.49|SS_dG_fs=2.41|stem_loop_presence=Yes|fs_type=dual_-1|frame_transition=514|terminal_stop_codon=yes		3.2757408E8	3.20578688E8	6.8898739E8	0	1.2710764E8	1.19394304E9
ensembl_transcript_id=ENST00000681232.1|ensembl_gene_id=ENSG00000168003.19|gene_name=SLC3A2|tmd_start=82|tmd_end=106|tmd_seq=WALLLLFWLGWLGMLAGAVVIIVRA|ss_nuc_start=441|ss_seq=GAAGGGG|tmd-SS_gap_size=41|ensembl_uniprot_annotation=No_uniprot_annotation|blastp_uniprot_annotation=P08195|transcript_canonical_status=Alternative|TMD_dG_app=-3.20|SS_dG_fs=2.48|stem_loop_presence=Yes|fs_type=dual_-1|frame_transition=149|terminal_stop_codon=yes		2572917.0	3329058.8	2.4532713E9	2.1448004E7	0	9.3821912E7
ensembl_transcript_id=ENST00000683152.1|ensembl_gene_id=ENSG00000019485.14|gene_name=PRDM11|tmd_start=878|tmd_end=898|tmd_seq=IKLIYFLLDVIAVLSRLAYIF|ss_nuc_start=2805|ss_seq=GAATTTC|tmd-SS_gap_size=37|ensembl_uniprot_annotation=No_uniprot_annotation|blastp_uniprot_annotation=Q9NQV5|transcript_canonical_status=Canonical|TMD_dG_app=-0.12|SS_dG_fs=2.69|stem_loop_presence=Yes|fs_type=dual_-1|frame_transition=937|terminal_stop_codon=yes		0	0	0	0	0	2.2291048E8
ensembl_transcript_id=ENST00000683697.1|ensembl_gene_id=ENSG00000005810.20|gene_name=MYCBP2|tmd_start=4196|tmd_end=4215|tmd_seq=KLGILDMFLGCIAKALTVQL|ss_nuc_start=12807|ss_seq=CATTAAA|tmd-SS_gap_size=54|ensembl_uniprot_annotation=No_uniprot_annotation|blastp_uniprot_annotation=O75592|transcript_canonical_status=Alternative|TMD_dG_app=2.64|SS_dG_fs=1.74|stem_loop_presence=Yes|fs_type=dual_-1|frame_transition=4271|terminal_stop_codon=yes		0	0	0	0	0	3.755208E7
ensembl_transcript_id=ENST00000683770.1|ensembl_gene_id=ENSG00000026297.17|gene_name=RNASET2|tmd_start=4|tmd_end=24|tmd_seq=AALRGALLGCLCLALLCLGGA|ss_nuc_start=207|ss_seq=TCTAAAA|tmd-SS_gap_size=45|ensembl_uniprot_annotation=No_uniprot_annotation|blastp_uniprot_annotation=O00584|transcript_canonical_status=Alternative|TMD_dG_app=-1.43|SS_dG_fs=2.00|stem_loop_presence=Yes|fs_type=dual_-1|frame_transition=71|terminal_stop_codon=yes		0	0	5508884.5	0	0	0
ensembl_transcript_id=ENST00000695079.1|ensembl_gene_id=ENSG00000005810.20|gene_name=MYCBP2|tmd_start=4089|tmd_end=4108|tmd_seq=KLGILDMFLGCIAKALTVQL|ss_nuc_start=12486|ss_seq=CATTAAA|tmd-SS_gap_size=54|ensembl_uniprot_annotation=No_uniprot_annotation|blastp_uniprot_annotation=O75592|transcript_canonical_status=Alternative|TMD_dG_app=2.64|SS_dG_fs=1.74|stem_loop_presence=Yes|fs_type=dual_-1|frame_transition=4164|terminal_stop_codon=yes		9044289.0	1.1228468E8	2.3683316E7	0	0	3.5890348E7
ensembl_transcript_id=ENST00000698710.1|ensembl_gene_id=ENSG00000171608.18|gene_name=PIK3CD|tmd_start=874|tmd_end=890|tmd_seq=FTLSCAGYCVATYVLGI|ss_nuc_start=2829|ss_seq=GGGGAAG|tmd-SS_gap_size=53|ensembl_uniprot_annotation=No_uniprot_annotation|blastp_uniprot_annotation=O00329|transcript_canonical_status=Alternative|TMD_dG_app=2.37|SS_dG_fs=2.48|stem_loop_presence=Yes|fs_type=dual_-1|frame_transition=945|terminal_stop_codon=yes		1.1491726E7	0	0	0	0	0
ensembl_transcript_id=ENST00000700519.1|ensembl_gene_id=ENSG00000115760.16|gene_name=BIRC6|tmd_start=4371|tmd_end=4395|tmd_seq=LYRALLELLRAIASCAAMVPLLLPL|ss_nuc_start=13305|ss_seq=GGAAAAT|tmd-SS_gap_size=40|ensembl_uniprot_annotation=No_uniprot_annotation|blastp_uniprot_annotation=Q9NR09|transcript_canonical_status=Alternative|TMD_dG_app=0.39|SS_dG_fs=1.26|stem_loop_presence=Yes|fs_type=dual_-1|frame_transition=4437|terminal_stop_codon=yes		1.6775114E7	8.0689184E7	4.05298496E8	1.2778345E9	0	5.7686822E8
ensembl_transcript_id=ENST00000703121.1|ensembl_gene_id=ENSG00000102471.16|gene_name=NDFIP2|tmd_start=137|tmd_end=161|tmd_seq=GIFMLAFFMAFIFNWLGFCLSFCIT|ss_nuc_start=609|ss_seq=GATATTT|tmd-SS_gap_size=42|ensembl_uniprot_annotation=No_uniprot_annotation|blastp_uniprot_annotation=Q9NV92|transcript_canonical_status=Alternative|TMD_dG_app=-1.75|SS_dG_fs=1.91|stem_loop_presence=Yes|fs_type=dual_-1|frame_transition=205|terminal_stop_codon=yes		0	0	0	0	0	6192012.0
ensembl_transcript_id=ENST00000703896.1|ensembl_gene_id=ENSG00000033627.18|gene_name=ATP6V0A1|tmd_start=443|tmd_end=465|tmd_seq=TVFSGRYIILLMGVFSMYTGLIY|ss_nuc_start=1509|ss_seq=GAACCCA|tmd-SS_gap_size=38|ensembl_uniprot_annotation=No_uniprot_annotation|blastp_uniprot_annotation=Q93050|transcript_canonical_status=Alternative|TMD_dG_app=-0.26|SS_dG_fs=2.63|stem_loop_presence=Yes|fs_type=dual_-1|frame_transition=505|terminal_stop_codon=yes		0	0	2045878.5	0	5723010.5	0
ensembl_transcript_id=ENST00000703986.1|ensembl_gene_id=ENSG00000124486.15|gene_name=USP9X|tmd_start=1646|tmd_end=1668|tmd_seq=IGVLRHLQVIFGHLAASRLQYYV|ss_nuc_start=5115|ss_seq=TTTAAAA|tmd-SS_gap_size=37|ensembl_uniprot_annotation=No_uniprot_annotation|blastp_uniprot_annotation=Q93008|transcript_canonical_status=Alternative|TMD_dG_app=3.53|SS_dG_fs=0.30|stem_loop_presence=Yes|fs_type=dual_-1|frame_transition=1707|terminal_stop_codon=yes		8.303224E7	0	9.7763744E7	0	3.5013552E8	2.95637728E8
ensembl_transcript_id=ENST00000705448.1|ensembl_gene_id=ENSG00000118705.18|gene_name=RPN2|tmd_start=570|tmd_end=594|tmd_seq=FTFAPSTIIFHLGHAAMLGLMYVYW|ss_nuc_start=1911|ss_seq=GGCAAAA|tmd-SS_gap_size=43|ensembl_uniprot_annotation=No_uniprot_annotation|blastp_uniprot_annotation=P04844|transcript_canonical_status=Alternative|TMD_dG_app=0.42|SS_dG_fs=2.55|stem_loop_presence=Yes|fs_type=dual_-1|frame_transition=639|terminal_stop_codon=yes		0	4165431.2	0	0	0	1.12868032E9
ensembl_transcript_id=ENST00000706603.1|ensembl_gene_id=ENSG00000073008.16|gene_name=PVR|tmd_start=344|tmd_end=367|tmd_seq=AIIFLVLGILVFLILLGIGIYFYW|ss_nuc_start=1257|ss_seq=GGGATTA|tmd-SS_gap_size=52|ensembl_uniprot_annotation=No_uniprot_annotation|blastp_uniprot_annotation=P15151|transcript_canonical_status=Alternative|TMD_dG_app=-5.77|SS_dG_fs=2.13|stem_loop_presence=Yes|fs_type=dual_-1|frame_transition=421|terminal_stop_codon=no		0	1.1646367E7	0	0	0	0
ensembl_transcript_id=ENST00000706878.1|ensembl_gene_id=ENSG00000176978.16|gene_name=DPP7|tmd_start=4|tmd_end=19|tmd_seq=APWAPVLLLALGLRGL|ss_nuc_start=201|ss_seq=GGGCCCA|tmd-SS_gap_size=48|ensembl_uniprot_annotation=No_uniprot_annotation|blastp_uniprot_annotation=Q9UHL4|transcript_canonical_status=Alternative|TMD_dG_app=1.20|SS_dG_fs=1.55|stem_loop_presence=Yes|fs_type=hungry_-2|frame_transition=68|terminal_stop_codon=no		0	0	7238674.5	0	0	0
ensembl_transcript_id=ENST00000710333.1|ensembl_gene_id=ENSG00000292253.1|gene_name=TGOLN2|tmd_start=385|tmd_end=402|tmd_seq=FFAYLVTAAILVAVLYIA|ss_nuc_start=1311|ss_seq=CTTTTTT|tmd-SS_gap_size=35|ensembl_uniprot_annotation=No_uniprot_annotation|blastp_uniprot_annotation=O43493|transcript_canonical_status=Alternative|TMD_dG_app=-1.45|SS_dG_fs=0.93|stem_loop_presence=Yes|fs_type=dual_-1|frame_transition=439|terminal_stop_codon=yes		1365163.9	0	0	8.6336672E7	0	0
ensembl_transcript_id=ENST00000714216.1|ensembl_gene_id=ENSG00000116521.12|gene_name=SCAMP3|tmd_start=153|tmd_end=177|tmd_seq=MYYLWMCSTLALLLNFLACLASFCV|ss_nuc_start=672|ss_seq=CATTTTC|tmd-SS_gap_size=47|ensembl_uniprot_annotation=No_uniprot_annotation|blastp_uniprot_annotation=O14828|transcript_canonical_status=Alternative|TMD_dG_app=-1.93|SS_dG_fs=2.79|stem_loop_presence=Yes|fs_type=dual_-1|frame_transition=226|terminal_stop_codon=yes		0	1.7766598E7	3.6016904E7	0	0	1.923892E7
ensembl_transcript_id=ENST00000714219.1|ensembl_gene_id=ENSG00000116521.12|gene_name=SCAMP3|tmd_start=100|tmd_end=124|tmd_seq=MYYLWMCSTLALLLNFLACLASFCV|ss_nuc_start=513|ss_seq=CATTTTC|tmd-SS_gap_size=47|ensembl_uniprot_annotation=No_uniprot_annotation|blastp_uniprot_annotation=O14828|transcript_canonical_status=Alternative|TMD_dG_app=-1.93|SS_dG_fs=2.79|stem_loop_presence=Yes|fs_type=dual_-1|frame_transition=173|terminal_stop_codon=yes		0	2.9870098E7	1.14791648E8	0	7.7439216E7	0
ensembl_transcript_id=ENST00000718260.1|ensembl_gene_id=ENSG00000198223.19|gene_name=CSF2RA|tmd_start=326|tmd_end=350|tmd_seq=YIYVLLIVGTLVCGIVLGFLFKRFL|ss_nuc_start=1161|ss_seq=AAAGAAT|tmd-SS_gap_size=37|ensembl_uniprot_annotation=No_uniprot_annotation|blastp_uniprot_annotation=P15509|transcript_canonical_status=Alternative|TMD_dG_app=-3.73|SS_dG_fs=2.81|stem_loop_presence=Yes|fs_type=dual_-1|frame_transition=389|terminal_stop_codon=yes		0	0	9999948.0	0	0	0
O77727	KRT15	0	0	0	0	0	7970547.0
P00761		4271392.0	1.0329558E7	0	0	307202.88	120348.99
P00883	ALDOA	1.833647E7	1293447.9	0	1.1021974E7	0	2.79293696E9
P02753	RBP4	0	0	0	3.9949432E7	0	0
P02769	ALB	1.7854824E7	0	0	0	0	0
P04040	CAT	0	0	0	0	1100581.6	1.9294512E7
P06396	GSN	0	4.3645016E7	0	3.13851725E9	0	0
P08758	ANXA5	0	4.59014432E8	0	0	0	0
P09211	GSTP1	0	0	0	0	0	5.5031504E7
P10599	TXN	0	1.0762881E7	0	0	0	0
P12081	HARS1	0	0	1493125.0	3.22396262E9	0	0
P13645	KRT10	2.6180108E7	0	0	0	0	0
P62937	PPIA	0	2.27061792E8	0	0	1777059.1	1.83976976E8
P69905	HBA2	8195234.0	0	0	0	0	0
P99999	CYCS	0	0	5426261.0	0	0	0
Q06830	PRDX1	1620649.1	1596996.5	4936258.0	1.25553766E9	5414675.0	2439202.5
