Protein	Protein ID	Entry Name	Gene	Length	Is Decoy	Is Contaminant	Organism	Protein Description	Protein Existence	Coverage	Protein Probability	Top Peptide Probability	Protein Qvalue	Total Peptides	Unique Peptides	Razor Peptides	Total Spectral Count	Unique Spectral Count	Razor Spectral Count	Total Intensity	Unique Intensity	Razor Intensity	Razor Assigned Modifications	Razor Observed Modifications	Indistinguishable Proteins
ensembl_transcript_id=ENST00000393796.4|ensembl_gene_id=ENSG00000243207.6|gene_name=PPAN-P2RY11|tmd_start=725|tmd_end=745|tmd_seq=VMRGLMPLAFCVHPLLYMAAV|ss_nuc_start=2343|ss_seq=CCCTAAA|tmd-SS_gap_size=36|ensembl_uniprot_annotation=No_uniprot_annotation|blastp_uniprot_annotation=Q9NQ55|transcript_canonical_status=Canonical|TMD_dG_app=1.78|SS_dG_fs=1.33|stem_loop_presence=Yes|fs_type=dual_-1|frame_transition=783|terminal_stop_codon=yes	ensembl_transcript_id=ENST00000393796.4|ensembl_gene_id=ENSG00000243207.6|gene_name=PPAN-P2RY11|tmd_start=725|tmd_end=745|tmd_seq=VMRGLMPLAFCVHPLLYMAAV|ss_nuc_start=2343|ss_seq=CCCTAAA|tmd-SS_gap_size=36|ensembl_uniprot_annotation=No_uniprot_annotation|blastp_uniprot_annotation=Q9NQ55|transcript_canonical_status=Canonical|TMD_dG_app=1.78|SS_dG_fs=1.33|stem_loop_presence=Yes|fs_type=dual_-1|frame_transition=783|terminal_stop_codon=yes	ensembl_transcript_id=ENST00000393796.4|ensembl_gene_id=ENSG00000243207.6|gene_name=PPAN-P2RY11|tmd_start=725|tmd_end=745|tmd_seq=VMRGLMPLAFCVHPLLYMAAV|ss_nuc_start=2343|ss_seq=CCCTAAA|tmd-SS_gap_size=36|ensembl_uniprot_annotation=No_uniprot_annotation|blastp_uniprot_annotation=Q9NQ55|transcript_canonical_status=Canonical|TMD_dG_app=1.78|SS_dG_fs=1.33|stem_loop_presence=Yes|fs_type=dual_-1|frame_transition=783|terminal_stop_codon=yes		790	false	false		ensembl_transcript_id=ENST00000393796.4|ensembl_gene_id=ENSG00000243207.6|gene_name=PPAN-P2RY11|tmd_start=725|tmd_end=745|tmd_seq=VMRGLMPLAFCVHPLLYMAAV|ss_nuc_start=2343|ss_seq=CCCTAAA|tmd-SS_gap_size=36|ensembl_uniprot_annotation=No_uniprot_annotation|blastp_uniprot_annotation=Q9NQ55|transcript_canonical_status=Canonical|TMD_dG_app=1.78|SS_dG_fs=1.33|stem_loop_presence=Yes|fs_type=dual_-1|frame_transition=783|terminal_stop_codon=yes		1.90	1.0000	0.9977	0.00000000000000	1	0	1	1	0	1	1.7075522E7	0	1.7075522E7			
ensembl_transcript_id=ENST00000464873.5|ensembl_gene_id=ENSG00000175792.12|gene_name=RUVBL1|tmd_start=1|tmd_end=24|tmd_seq=MAGRAVLLAGPPGTGKTALALAIA|ss_nuc_start=204|ss_seq=GGAAGTT|tmd-SS_gap_size=44|ensembl_uniprot_annotation=No_uniprot_annotation|blastp_uniprot_annotation=Q9Y265|transcript_canonical_status=Alternative|TMD_dG_app=4.02|SS_dG_fs=2.42|stem_loop_presence=Yes|fs_type=dual_-1|frame_transition=70|terminal_stop_codon=yes	ensembl_transcript_id=ENST00000464873.5|ensembl_gene_id=ENSG00000175792.12|gene_name=RUVBL1|tmd_start=1|tmd_end=24|tmd_seq=MAGRAVLLAGPPGTGKTALALAIA|ss_nuc_start=204|ss_seq=GGAAGTT|tmd-SS_gap_size=44|ensembl_uniprot_annotation=No_uniprot_annotation|blastp_uniprot_annotation=Q9Y265|transcript_canonical_status=Alternative|TMD_dG_app=4.02|SS_dG_fs=2.42|stem_loop_presence=Yes|fs_type=dual_-1|frame_transition=70|terminal_stop_codon=yes	ensembl_transcript_id=ENST00000464873.5|ensembl_gene_id=ENSG00000175792.12|gene_name=RUVBL1|tmd_start=1|tmd_end=24|tmd_seq=MAGRAVLLAGPPGTGKTALALAIA|ss_nuc_start=204|ss_seq=GGAAGTT|tmd-SS_gap_size=44|ensembl_uniprot_annotation=No_uniprot_annotation|blastp_uniprot_annotation=Q9Y265|transcript_canonical_status=Alternative|TMD_dG_app=4.02|SS_dG_fs=2.42|stem_loop_presence=Yes|fs_type=dual_-1|frame_transition=70|terminal_stop_codon=yes		71	false	false		ensembl_transcript_id=ENST00000464873.5|ensembl_gene_id=ENSG00000175792.12|gene_name=RUVBL1|tmd_start=1|tmd_end=24|tmd_seq=MAGRAVLLAGPPGTGKTALALAIA|ss_nuc_start=204|ss_seq=GGAAGTT|tmd-SS_gap_size=44|ensembl_uniprot_annotation=No_uniprot_annotation|blastp_uniprot_annotation=Q9Y265|transcript_canonical_status=Alternative|TMD_dG_app=4.02|SS_dG_fs=2.42|stem_loop_presence=Yes|fs_type=dual_-1|frame_transition=70|terminal_stop_codon=yes		42.25	1.0000	0.9963	0.00000000000000	1	0	1	1	0	1	5.5935748E7	0	5.5935748E7	N-term(42.0106)		ensembl_transcript_id=ENST00000464873.5|ensembl_gene_id=ENSG00000175792.12|gene_name=RUVBL1|tmd_start=1|tmd_end=24|tmd_seq=MAGRAVLLAGPPGTGKTALALAIA|ss_nuc_start=204|ss_seq=GGAAGTT|tmd-SS_gap_size=44|ensembl_uniprot_annotation=No_uniprot_annotation|blastp_uniprot_annotation=Q9Y265|transcript_canonical_status=Alternative|TMD_dG_app=4.02|SS_dG_fs=2.42|stem_loop_presence=Yes|fs_type=hungry_-1|frame_transition=69|terminal_stop_codon=yes, ensembl_transcript_id=ENST00000464873.5|ensembl_gene_id=ENSG00000175792.12|gene_name=RUVBL1|tmd_start=1|tmd_end=24|tmd_seq=MAGRAVLLAGPPGTGKTALALAIA|ss_nuc_start=204|ss_seq=GGAAGTT|tmd-SS_gap_size=44|ensembl_uniprot_annotation=No_uniprot_annotation|blastp_uniprot_annotation=Q9Y265|transcript_canonical_status=Alternative|TMD_dG_app=4.02|SS_dG_fs=2.42|stem_loop_presence=Yes|fs_type=hungry_-2|frame_transition=69|terminal_stop_codon=yes, ensembl_transcript_id=ENST00000464873.5|ensembl_gene_id=ENSG00000175792.12|gene_name=RUVBL1|tmd_start=1|tmd_end=24|tmd_seq=MAGRAVLLAGPPGTGKTALALAIA|ss_nuc_start=207|ss_seq=AGTTTAT|tmd-SS_gap_size=45|ensembl_uniprot_annotation=No_uniprot_annotation|blastp_uniprot_annotation=Q9Y265|transcript_canonical_status=Alternative|TMD_dG_app=4.02|SS_dG_fs=2.67|stem_loop_presence=Yes|fs_type=dual_-1|frame_transition=71|terminal_stop_codon=yes, ensembl_transcript_id=ENST00000464873.5|ensembl_gene_id=ENSG00000175792.12|gene_name=RUVBL1|tmd_start=1|tmd_end=24|tmd_seq=MAGRAVLLAGPPGTGKTALALAIA|ss_nuc_start=207|ss_seq=AGTTTAT|tmd-SS_gap_size=45|ensembl_uniprot_annotation=No_uniprot_annotation|blastp_uniprot_annotation=Q9Y265|transcript_canonical_status=Alternative|TMD_dG_app=4.02|SS_dG_fs=2.67|stem_loop_presence=Yes|fs_type=hungry_-1|frame_transition=70|terminal_stop_codon=yes, ensembl_transcript_id=ENST00000464873.5|ensembl_gene_id=ENSG00000175792.12|gene_name=RUVBL1|tmd_start=1|tmd_end=24|tmd_seq=MAGRAVLLAGPPGTGKTALALAIA|ss_nuc_start=207|ss_seq=AGTTTAT|tmd-SS_gap_size=45|ensembl_uniprot_annotation=No_uniprot_annotation|blastp_uniprot_annotation=Q9Y265|transcript_canonical_status=Alternative|TMD_dG_app=4.02|SS_dG_fs=2.67|stem_loop_presence=Yes|fs_type=hungry_-2|frame_transition=70|terminal_stop_codon=yes
ensembl_transcript_id=ENST00000471841.6|ensembl_gene_id=ENSG00000171109.19|gene_name=MFN1|tmd_start=591|tmd_end=615|tmd_seq=VTSRTSMGIIIVGGVIWKTIGWKLL|ss_nuc_start=1953|ss_seq=TGAAAAA|tmd-SS_gap_size=36|ensembl_uniprot_annotation=Q8IWA4|blastp_uniprot_annotation=Q8IWA4|transcript_canonical_status=Canonical|TMD_dG_app=0.61|SS_dG_fs=2.46|stem_loop_presence=Yes|fs_type=dual_-1|frame_transition=653|terminal_stop_codon=yes	ensembl_transcript_id=ENST00000471841.6|ensembl_gene_id=ENSG00000171109.19|gene_name=MFN1|tmd_start=591|tmd_end=615|tmd_seq=VTSRTSMGIIIVGGVIWKTIGWKLL|ss_nuc_start=1953|ss_seq=TGAAAAA|tmd-SS_gap_size=36|ensembl_uniprot_annotation=Q8IWA4|blastp_uniprot_annotation=Q8IWA4|transcript_canonical_status=Canonical|TMD_dG_app=0.61|SS_dG_fs=2.46|stem_loop_presence=Yes|fs_type=dual_-1|frame_transition=653|terminal_stop_codon=yes	ensembl_transcript_id=ENST00000471841.6|ensembl_gene_id=ENSG00000171109.19|gene_name=MFN1|tmd_start=591|tmd_end=615|tmd_seq=VTSRTSMGIIIVGGVIWKTIGWKLL|ss_nuc_start=1953|ss_seq=TGAAAAA|tmd-SS_gap_size=36|ensembl_uniprot_annotation=Q8IWA4|blastp_uniprot_annotation=Q8IWA4|transcript_canonical_status=Canonical|TMD_dG_app=0.61|SS_dG_fs=2.46|stem_loop_presence=Yes|fs_type=dual_-1|frame_transition=653|terminal_stop_codon=yes		658	false	false		ensembl_transcript_id=ENST00000471841.6|ensembl_gene_id=ENSG00000171109.19|gene_name=MFN1|tmd_start=591|tmd_end=615|tmd_seq=VTSRTSMGIIIVGGVIWKTIGWKLL|ss_nuc_start=1953|ss_seq=TGAAAAA|tmd-SS_gap_size=36|ensembl_uniprot_annotation=Q8IWA4|blastp_uniprot_annotation=Q8IWA4|transcript_canonical_status=Canonical|TMD_dG_app=0.61|SS_dG_fs=2.46|stem_loop_presence=Yes|fs_type=dual_-1|frame_transition=653|terminal_stop_codon=yes		1.98	1.0000	0.9984	0.00000000000000	1	0	1	1	0	1	344416.44	0	344416.44	3M(15.9949)		ensembl_transcript_id=ENST00000471841.6|ensembl_gene_id=ENSG00000171109.19|gene_name=MFN1|tmd_start=591|tmd_end=615|tmd_seq=VTSRTSMGIIIVGGVIWKTIGWKLL|ss_nuc_start=1953|ss_seq=TGAAAAA|tmd-SS_gap_size=36|ensembl_uniprot_annotation=Q8IWA4|blastp_uniprot_annotation=Q8IWA4|transcript_canonical_status=Canonical|TMD_dG_app=0.61|SS_dG_fs=2.46|stem_loop_presence=Yes|fs_type=hungry_-1|frame_transition=652|terminal_stop_codon=yes, ensembl_transcript_id=ENST00000471841.6|ensembl_gene_id=ENSG00000171109.19|gene_name=MFN1|tmd_start=591|tmd_end=615|tmd_seq=VTSRTSMGIIIVGGVIWKTIGWKLL|ss_nuc_start=1953|ss_seq=TGAAAAA|tmd-SS_gap_size=36|ensembl_uniprot_annotation=Q8IWA4|blastp_uniprot_annotation=Q8IWA4|transcript_canonical_status=Canonical|TMD_dG_app=0.61|SS_dG_fs=2.46|stem_loop_presence=Yes|fs_type=hungry_-2|frame_transition=652|terminal_stop_codon=yes, ensembl_transcript_id=ENST00000471841.6|ensembl_gene_id=ENSG00000171109.19|gene_name=MFN1|tmd_start=591|tmd_end=615|tmd_seq=VTSRTSMGIIIVGGVIWKTIGWKLL|ss_nuc_start=2007|ss_seq=AAAACAA|tmd-SS_gap_size=54|ensembl_uniprot_annotation=Q8IWA4|blastp_uniprot_annotation=Q8IWA4|transcript_canonical_status=Canonical|TMD_dG_app=0.61|SS_dG_fs=2.02|stem_loop_presence=Yes|fs_type=dual_-1|frame_transition=671|terminal_stop_codon=yes, ensembl_transcript_id=ENST00000471841.6|ensembl_gene_id=ENSG00000171109.19|gene_name=MFN1|tmd_start=591|tmd_end=615|tmd_seq=VTSRTSMGIIIVGGVIWKTIGWKLL|ss_nuc_start=2007|ss_seq=AAAACAA|tmd-SS_gap_size=54|ensembl_uniprot_annotation=Q8IWA4|blastp_uniprot_annotation=Q8IWA4|transcript_canonical_status=Canonical|TMD_dG_app=0.61|SS_dG_fs=2.02|stem_loop_presence=Yes|fs_type=hungry_-1|frame_transition=670|terminal_stop_codon=yes, ensembl_transcript_id=ENST00000471841.6|ensembl_gene_id=ENSG00000171109.19|gene_name=MFN1|tmd_start=591|tmd_end=615|tmd_seq=VTSRTSMGIIIVGGVIWKTIGWKLL|ss_nuc_start=2007|ss_seq=AAAACAA|tmd-SS_gap_size=54|ensembl_uniprot_annotation=Q8IWA4|blastp_uniprot_annotation=Q8IWA4|transcript_canonical_status=Canonical|TMD_dG_app=0.61|SS_dG_fs=2.02|stem_loop_presence=Yes|fs_type=hungry_-2|frame_transition=670|terminal_stop_codon=yes
ensembl_transcript_id=ENST00000539542.6|ensembl_gene_id=ENSG00000172869.15|gene_name=DMXL1|tmd_start=2865|tmd_end=2881|tmd_seq=FVFVSSSSLIATAGLST|ss_nuc_start=8748|ss_seq=TCCAAAA|tmd-SS_gap_size=35|ensembl_uniprot_annotation=No_uniprot_annotation|blastp_uniprot_annotation=Q9Y485|transcript_canonical_status=Canonical|TMD_dG_app=3.13|SS_dG_fs=2.52|stem_loop_presence=Yes|fs_type=dual_-1|frame_transition=2918|terminal_stop_codon=yes	ensembl_transcript_id=ENST00000539542.6|ensembl_gene_id=ENSG00000172869.15|gene_name=DMXL1|tmd_start=2865|tmd_end=2881|tmd_seq=FVFVSSSSLIATAGLST|ss_nuc_start=8748|ss_seq=TCCAAAA|tmd-SS_gap_size=35|ensembl_uniprot_annotation=No_uniprot_annotation|blastp_uniprot_annotation=Q9Y485|transcript_canonical_status=Canonical|TMD_dG_app=3.13|SS_dG_fs=2.52|stem_loop_presence=Yes|fs_type=dual_-1|frame_transition=2918|terminal_stop_codon=yes	ensembl_transcript_id=ENST00000539542.6|ensembl_gene_id=ENSG00000172869.15|gene_name=DMXL1|tmd_start=2865|tmd_end=2881|tmd_seq=FVFVSSSSLIATAGLST|ss_nuc_start=8748|ss_seq=TCCAAAA|tmd-SS_gap_size=35|ensembl_uniprot_annotation=No_uniprot_annotation|blastp_uniprot_annotation=Q9Y485|transcript_canonical_status=Canonical|TMD_dG_app=3.13|SS_dG_fs=2.52|stem_loop_presence=Yes|fs_type=dual_-1|frame_transition=2918|terminal_stop_codon=yes		2934	false	false		ensembl_transcript_id=ENST00000539542.6|ensembl_gene_id=ENSG00000172869.15|gene_name=DMXL1|tmd_start=2865|tmd_end=2881|tmd_seq=FVFVSSSSLIATAGLST|ss_nuc_start=8748|ss_seq=TCCAAAA|tmd-SS_gap_size=35|ensembl_uniprot_annotation=No_uniprot_annotation|blastp_uniprot_annotation=Q9Y485|transcript_canonical_status=Canonical|TMD_dG_app=3.13|SS_dG_fs=2.52|stem_loop_presence=Yes|fs_type=dual_-1|frame_transition=2918|terminal_stop_codon=yes		0.51	1.0000	0.9914	0.00000000000000	1	0	1	3	0	3	2.9771508E7	0	2.9771508E7	2C(57.0215),2C(57.0215)		ensembl_transcript_id=ENST00000539542.6|ensembl_gene_id=ENSG00000172869.15|gene_name=DMXL1|tmd_start=2865|tmd_end=2881|tmd_seq=FVFVSSSSLIATAGLST|ss_nuc_start=8748|ss_seq=TCCAAAA|tmd-SS_gap_size=35|ensembl_uniprot_annotation=No_uniprot_annotation|blastp_uniprot_annotation=Q9Y485|transcript_canonical_status=Canonical|TMD_dG_app=3.13|SS_dG_fs=2.52|stem_loop_presence=Yes|fs_type=hungry_-1|frame_transition=2917|terminal_stop_codon=yes, ensembl_transcript_id=ENST00000539542.6|ensembl_gene_id=ENSG00000172869.15|gene_name=DMXL1|tmd_start=2865|tmd_end=2881|tmd_seq=FVFVSSSSLIATAGLST|ss_nuc_start=8748|ss_seq=TCCAAAA|tmd-SS_gap_size=35|ensembl_uniprot_annotation=No_uniprot_annotation|blastp_uniprot_annotation=Q9Y485|transcript_canonical_status=Canonical|TMD_dG_app=3.13|SS_dG_fs=2.52|stem_loop_presence=Yes|fs_type=hungry_-2|frame_transition=2917|terminal_stop_codon=yes
ensembl_transcript_id=ENST00000568588.5|ensembl_gene_id=ENSG00000174444.15|gene_name=RPL4|tmd_start=1|tmd_end=20|tmd_seq=MCRGGRMFAPTKTWRRWHRR|ss_nuc_start=186|ss_seq=TAAAGTT|tmd-SS_gap_size=42|ensembl_uniprot_annotation=No_uniprot_annotation|blastp_uniprot_annotation=P36578|transcript_canonical_status=Alternative|TMD_dG_app=6.78|SS_dG_fs=2.42|stem_loop_presence=Yes|fs_type=hungry_-2|frame_transition=63|terminal_stop_codon=yes	ensembl_transcript_id=ENST00000568588.5|ensembl_gene_id=ENSG00000174444.15|gene_name=RPL4|tmd_start=1|tmd_end=20|tmd_seq=MCRGGRMFAPTKTWRRWHRR|ss_nuc_start=186|ss_seq=TAAAGTT|tmd-SS_gap_size=42|ensembl_uniprot_annotation=No_uniprot_annotation|blastp_uniprot_annotation=P36578|transcript_canonical_status=Alternative|TMD_dG_app=6.78|SS_dG_fs=2.42|stem_loop_presence=Yes|fs_type=hungry_-2|frame_transition=63|terminal_stop_codon=yes	ensembl_transcript_id=ENST00000568588.5|ensembl_gene_id=ENSG00000174444.15|gene_name=RPL4|tmd_start=1|tmd_end=20|tmd_seq=MCRGGRMFAPTKTWRRWHRR|ss_nuc_start=186|ss_seq=TAAAGTT|tmd-SS_gap_size=42|ensembl_uniprot_annotation=No_uniprot_annotation|blastp_uniprot_annotation=P36578|transcript_canonical_status=Alternative|TMD_dG_app=6.78|SS_dG_fs=2.42|stem_loop_presence=Yes|fs_type=hungry_-2|frame_transition=63|terminal_stop_codon=yes		95	false	false		ensembl_transcript_id=ENST00000568588.5|ensembl_gene_id=ENSG00000174444.15|gene_name=RPL4|tmd_start=1|tmd_end=20|tmd_seq=MCRGGRMFAPTKTWRRWHRR|ss_nuc_start=186|ss_seq=TAAAGTT|tmd-SS_gap_size=42|ensembl_uniprot_annotation=No_uniprot_annotation|blastp_uniprot_annotation=P36578|transcript_canonical_status=Alternative|TMD_dG_app=6.78|SS_dG_fs=2.42|stem_loop_presence=Yes|fs_type=hungry_-2|frame_transition=63|terminal_stop_codon=yes		17.89	1.0000	0.9988	0.00000000000000	1	0	1	1	0	1	0	0	0			
ensembl_transcript_id=ENST00000585598.1|ensembl_gene_id=ENSG00000099341.13|gene_name=PSMD8|tmd_start=9|tmd_end=32|tmd_seq=AAGFSSSGPAATSGAVLQAATGMY|ss_nuc_start=258|ss_seq=GGGTGAA|tmd-SS_gap_size=54|ensembl_uniprot_annotation=No_uniprot_annotation|blastp_uniprot_annotation=P48556|transcript_canonical_status=Alternative|TMD_dG_app=5.09|SS_dG_fs=2.72|stem_loop_presence=Yes|fs_type=dual_-1|frame_transition=88|terminal_stop_codon=yes	ensembl_transcript_id=ENST00000585598.1|ensembl_gene_id=ENSG00000099341.13|gene_name=PSMD8|tmd_start=9|tmd_end=32|tmd_seq=AAGFSSSGPAATSGAVLQAATGMY|ss_nuc_start=258|ss_seq=GGGTGAA|tmd-SS_gap_size=54|ensembl_uniprot_annotation=No_uniprot_annotation|blastp_uniprot_annotation=P48556|transcript_canonical_status=Alternative|TMD_dG_app=5.09|SS_dG_fs=2.72|stem_loop_presence=Yes|fs_type=dual_-1|frame_transition=88|terminal_stop_codon=yes	ensembl_transcript_id=ENST00000585598.1|ensembl_gene_id=ENSG00000099341.13|gene_name=PSMD8|tmd_start=9|tmd_end=32|tmd_seq=AAGFSSSGPAATSGAVLQAATGMY|ss_nuc_start=258|ss_seq=GGGTGAA|tmd-SS_gap_size=54|ensembl_uniprot_annotation=No_uniprot_annotation|blastp_uniprot_annotation=P48556|transcript_canonical_status=Alternative|TMD_dG_app=5.09|SS_dG_fs=2.72|stem_loop_presence=Yes|fs_type=dual_-1|frame_transition=88|terminal_stop_codon=yes		111	false	false		ensembl_transcript_id=ENST00000585598.1|ensembl_gene_id=ENSG00000099341.13|gene_name=PSMD8|tmd_start=9|tmd_end=32|tmd_seq=AAGFSSSGPAATSGAVLQAATGMY|ss_nuc_start=258|ss_seq=GGGTGAA|tmd-SS_gap_size=54|ensembl_uniprot_annotation=No_uniprot_annotation|blastp_uniprot_annotation=P48556|transcript_canonical_status=Alternative|TMD_dG_app=5.09|SS_dG_fs=2.72|stem_loop_presence=Yes|fs_type=dual_-1|frame_transition=88|terminal_stop_codon=yes		31.53	1.0000	0.9990	0.00000000000000	1	0	1	8	0	8	1.66659072E8	0	1.66659072E8	N-term(42.0106),N-term(42.0106)		ensembl_transcript_id=ENST00000585598.1|ensembl_gene_id=ENSG00000099341.13|gene_name=PSMD8|tmd_start=9|tmd_end=32|tmd_seq=AAGFSSSGPAATSGAVLQAATGMY|ss_nuc_start=258|ss_seq=GGGTGAA|tmd-SS_gap_size=54|ensembl_uniprot_annotation=No_uniprot_annotation|blastp_uniprot_annotation=P48556|transcript_canonical_status=Alternative|TMD_dG_app=5.09|SS_dG_fs=2.72|stem_loop_presence=Yes|fs_type=hungry_-1|frame_transition=87|terminal_stop_codon=yes, ensembl_transcript_id=ENST00000585598.1|ensembl_gene_id=ENSG00000099341.13|gene_name=PSMD8|tmd_start=9|tmd_end=32|tmd_seq=AAGFSSSGPAATSGAVLQAATGMY|ss_nuc_start=258|ss_seq=GGGTGAA|tmd-SS_gap_size=54|ensembl_uniprot_annotation=No_uniprot_annotation|blastp_uniprot_annotation=P48556|transcript_canonical_status=Alternative|TMD_dG_app=5.09|SS_dG_fs=2.72|stem_loop_presence=Yes|fs_type=hungry_-2|frame_transition=87|terminal_stop_codon=yes
ensembl_transcript_id=ENST00000619898.5|ensembl_gene_id=ENSG00000114902.14|gene_name=SPCS1|tmd_start=45|tmd_end=64|tmd_seq=FGWTVYIVMAGFAFSCLLTL|ss_nuc_start=297|ss_seq=TAAAAAT|tmd-SS_gap_size=35|ensembl_uniprot_annotation=No_uniprot_annotation|blastp_uniprot_annotation=Q9Y6A9|transcript_canonical_status=Canonical|TMD_dG_app=-0.89|SS_dG_fs=1.26|stem_loop_presence=No|fs_type=dual_-1|frame_transition=101|terminal_stop_codon=yes	ensembl_transcript_id=ENST00000619898.5|ensembl_gene_id=ENSG00000114902.14|gene_name=SPCS1|tmd_start=45|tmd_end=64|tmd_seq=FGWTVYIVMAGFAFSCLLTL|ss_nuc_start=297|ss_seq=TAAAAAT|tmd-SS_gap_size=35|ensembl_uniprot_annotation=No_uniprot_annotation|blastp_uniprot_annotation=Q9Y6A9|transcript_canonical_status=Canonical|TMD_dG_app=-0.89|SS_dG_fs=1.26|stem_loop_presence=No|fs_type=dual_-1|frame_transition=101|terminal_stop_codon=yes	ensembl_transcript_id=ENST00000619898.5|ensembl_gene_id=ENSG00000114902.14|gene_name=SPCS1|tmd_start=45|tmd_end=64|tmd_seq=FGWTVYIVMAGFAFSCLLTL|ss_nuc_start=297|ss_seq=TAAAAAT|tmd-SS_gap_size=35|ensembl_uniprot_annotation=No_uniprot_annotation|blastp_uniprot_annotation=Q9Y6A9|transcript_canonical_status=Canonical|TMD_dG_app=-0.89|SS_dG_fs=1.26|stem_loop_presence=No|fs_type=dual_-1|frame_transition=101|terminal_stop_codon=yes		101	false	false		ensembl_transcript_id=ENST00000619898.5|ensembl_gene_id=ENSG00000114902.14|gene_name=SPCS1|tmd_start=45|tmd_end=64|tmd_seq=FGWTVYIVMAGFAFSCLLTL|ss_nuc_start=297|ss_seq=TAAAAAT|tmd-SS_gap_size=35|ensembl_uniprot_annotation=No_uniprot_annotation|blastp_uniprot_annotation=Q9Y6A9|transcript_canonical_status=Canonical|TMD_dG_app=-0.89|SS_dG_fs=1.26|stem_loop_presence=No|fs_type=dual_-1|frame_transition=101|terminal_stop_codon=yes		14.85	1.0000	0.9990	0.00000000000000	1	0	1	13	0	13	1.33754583E10	0	1.33754583E10	12M(15.9949),12M(15.9949),12M(15.9949),1M(15.9949),12M(15.9949),1M(15.9949),1M(15.9949),1M(15.9949)		ensembl_transcript_id=ENST00000619898.5|ensembl_gene_id=ENSG00000114902.14|gene_name=SPCS1|tmd_start=45|tmd_end=64|tmd_seq=FGWTVYIVMAGFAFSCLLTL|ss_nuc_start=297|ss_seq=TAAAAAT|tmd-SS_gap_size=35|ensembl_uniprot_annotation=No_uniprot_annotation|blastp_uniprot_annotation=Q9Y6A9|transcript_canonical_status=Canonical|TMD_dG_app=-0.89|SS_dG_fs=1.26|stem_loop_presence=No|fs_type=hungry_-1|frame_transition=100|terminal_stop_codon=yes, ensembl_transcript_id=ENST00000619898.5|ensembl_gene_id=ENSG00000114902.14|gene_name=SPCS1|tmd_start=45|tmd_end=64|tmd_seq=FGWTVYIVMAGFAFSCLLTL|ss_nuc_start=297|ss_seq=TAAAAAT|tmd-SS_gap_size=35|ensembl_uniprot_annotation=No_uniprot_annotation|blastp_uniprot_annotation=Q9Y6A9|transcript_canonical_status=Canonical|TMD_dG_app=-0.89|SS_dG_fs=1.26|stem_loop_presence=No|fs_type=hungry_-2|frame_transition=100|terminal_stop_codon=no, ensembl_transcript_id=ENST00000619898.5|ensembl_gene_id=ENSG00000114902.14|gene_name=SPCS1|tmd_start=45|tmd_end=64|tmd_seq=FGWTVYIVMAGFAFSCLLTL|ss_nuc_start=300|ss_seq=AAATAAT|tmd-SS_gap_size=36|ensembl_uniprot_annotation=No_uniprot_annotation|blastp_uniprot_annotation=Q9Y6A9|transcript_canonical_status=Canonical|TMD_dG_app=-0.89|SS_dG_fs=2.14|stem_loop_presence=No|fs_type=dual_-1|frame_transition=102|terminal_stop_codon=no, ensembl_transcript_id=ENST00000619898.5|ensembl_gene_id=ENSG00000114902.14|gene_name=SPCS1|tmd_start=45|tmd_end=64|tmd_seq=FGWTVYIVMAGFAFSCLLTL|ss_nuc_start=300|ss_seq=AAATAAT|tmd-SS_gap_size=36|ensembl_uniprot_annotation=No_uniprot_annotation|blastp_uniprot_annotation=Q9Y6A9|transcript_canonical_status=Canonical|TMD_dG_app=-0.89|SS_dG_fs=2.14|stem_loop_presence=No|fs_type=hungry_-1|frame_transition=101|terminal_stop_codon=yes, ensembl_transcript_id=ENST00000619898.5|ensembl_gene_id=ENSG00000114902.14|gene_name=SPCS1|tmd_start=45|tmd_end=64|tmd_seq=FGWTVYIVMAGFAFSCLLTL|ss_nuc_start=300|ss_seq=AAATAAT|tmd-SS_gap_size=36|ensembl_uniprot_annotation=No_uniprot_annotation|blastp_uniprot_annotation=Q9Y6A9|transcript_canonical_status=Canonical|TMD_dG_app=-0.89|SS_dG_fs=2.14|stem_loop_presence=No|fs_type=hungry_-2|frame_transition=101|terminal_stop_codon=no
ensembl_transcript_id=ENST00000645319.2|ensembl_gene_id=ENSG00000133657.17|gene_name=ATP13A3|tmd_start=1140|tmd_end=1160|tmd_seq=YQWRVTMLIIVLVNAFVSITV|ss_nuc_start=3591|ss_seq=GGGAAAA|tmd-SS_gap_size=37|ensembl_uniprot_annotation=No_uniprot_annotation|blastp_uniprot_annotation=Q9H7F0|transcript_canonical_status=Canonical|TMD_dG_app=-0.23|SS_dG_fs=0.55|stem_loop_presence=Yes|fs_type=dual_-1|frame_transition=1199|terminal_stop_codon=yes	ensembl_transcript_id=ENST00000645319.2|ensembl_gene_id=ENSG00000133657.17|gene_name=ATP13A3|tmd_start=1140|tmd_end=1160|tmd_seq=YQWRVTMLIIVLVNAFVSITV|ss_nuc_start=3591|ss_seq=GGGAAAA|tmd-SS_gap_size=37|ensembl_uniprot_annotation=No_uniprot_annotation|blastp_uniprot_annotation=Q9H7F0|transcript_canonical_status=Canonical|TMD_dG_app=-0.23|SS_dG_fs=0.55|stem_loop_presence=Yes|fs_type=dual_-1|frame_transition=1199|terminal_stop_codon=yes	ensembl_transcript_id=ENST00000645319.2|ensembl_gene_id=ENSG00000133657.17|gene_name=ATP13A3|tmd_start=1140|tmd_end=1160|tmd_seq=YQWRVTMLIIVLVNAFVSITV|ss_nuc_start=3591|ss_seq=GGGAAAA|tmd-SS_gap_size=37|ensembl_uniprot_annotation=No_uniprot_annotation|blastp_uniprot_annotation=Q9H7F0|transcript_canonical_status=Canonical|TMD_dG_app=-0.23|SS_dG_fs=0.55|stem_loop_presence=Yes|fs_type=dual_-1|frame_transition=1199|terminal_stop_codon=yes		1208	false	false		ensembl_transcript_id=ENST00000645319.2|ensembl_gene_id=ENSG00000133657.17|gene_name=ATP13A3|tmd_start=1140|tmd_end=1160|tmd_seq=YQWRVTMLIIVLVNAFVSITV|ss_nuc_start=3591|ss_seq=GGGAAAA|tmd-SS_gap_size=37|ensembl_uniprot_annotation=No_uniprot_annotation|blastp_uniprot_annotation=Q9H7F0|transcript_canonical_status=Canonical|TMD_dG_app=-0.23|SS_dG_fs=0.55|stem_loop_presence=Yes|fs_type=dual_-1|frame_transition=1199|terminal_stop_codon=yes		1.74	1.0000	0.9985	0.00000000000000	1	0	1	2	0	2	5.5398428E7	0	5.5398428E7			ensembl_transcript_id=ENST00000645319.2|ensembl_gene_id=ENSG00000133657.17|gene_name=ATP13A3|tmd_start=1140|tmd_end=1160|tmd_seq=YQWRVTMLIIVLVNAFVSITV|ss_nuc_start=3591|ss_seq=GGGAAAA|tmd-SS_gap_size=37|ensembl_uniprot_annotation=No_uniprot_annotation|blastp_uniprot_annotation=Q9H7F0|transcript_canonical_status=Canonical|TMD_dG_app=-0.23|SS_dG_fs=0.55|stem_loop_presence=Yes|fs_type=hungry_-1|frame_transition=1198|terminal_stop_codon=yes
ensembl_transcript_id=ENST00000680220.1|ensembl_gene_id=ENSG00000174373.17|gene_name=RALGAPA1|tmd_start=1891|tmd_end=1914|tmd_seq=KRLVVSLLLCLLDWIMALPLKTLL|ss_nuc_start=5862|ss_seq=TTTTCCC|tmd-SS_gap_size=40|ensembl_uniprot_annotation=No_uniprot_annotation|blastp_uniprot_annotation=Q6GYQ0|transcript_canonical_status=Canonical|TMD_dG_app=-0.62|SS_dG_fs=1.73|stem_loop_presence=Yes|fs_type=dual_-1|frame_transition=1956|terminal_stop_codon=yes	ensembl_transcript_id=ENST00000680220.1|ensembl_gene_id=ENSG00000174373.17|gene_name=RALGAPA1|tmd_start=1891|tmd_end=1914|tmd_seq=KRLVVSLLLCLLDWIMALPLKTLL|ss_nuc_start=5862|ss_seq=TTTTCCC|tmd-SS_gap_size=40|ensembl_uniprot_annotation=No_uniprot_annotation|blastp_uniprot_annotation=Q6GYQ0|transcript_canonical_status=Canonical|TMD_dG_app=-0.62|SS_dG_fs=1.73|stem_loop_presence=Yes|fs_type=dual_-1|frame_transition=1956|terminal_stop_codon=yes	ensembl_transcript_id=ENST00000680220.1|ensembl_gene_id=ENSG00000174373.17|gene_name=RALGAPA1|tmd_start=1891|tmd_end=1914|tmd_seq=KRLVVSLLLCLLDWIMALPLKTLL|ss_nuc_start=5862|ss_seq=TTTTCCC|tmd-SS_gap_size=40|ensembl_uniprot_annotation=No_uniprot_annotation|blastp_uniprot_annotation=Q6GYQ0|transcript_canonical_status=Canonical|TMD_dG_app=-0.62|SS_dG_fs=1.73|stem_loop_presence=Yes|fs_type=dual_-1|frame_transition=1956|terminal_stop_codon=yes		1960	false	false		ensembl_transcript_id=ENST00000680220.1|ensembl_gene_id=ENSG00000174373.17|gene_name=RALGAPA1|tmd_start=1891|tmd_end=1914|tmd_seq=KRLVVSLLLCLLDWIMALPLKTLL|ss_nuc_start=5862|ss_seq=TTTTCCC|tmd-SS_gap_size=40|ensembl_uniprot_annotation=No_uniprot_annotation|blastp_uniprot_annotation=Q6GYQ0|transcript_canonical_status=Canonical|TMD_dG_app=-0.62|SS_dG_fs=1.73|stem_loop_presence=Yes|fs_type=dual_-1|frame_transition=1956|terminal_stop_codon=yes		0.61	1.0000	0.9976	0.00000000000000	1	0	1	1	0	1	2879318.5	0	2879318.5			ensembl_transcript_id=ENST00000680220.1|ensembl_gene_id=ENSG00000174373.17|gene_name=RALGAPA1|tmd_start=1891|tmd_end=1914|tmd_seq=KRLVVSLLLCLLDWIMALPLKTLL|ss_nuc_start=5862|ss_seq=TTTTCCC|tmd-SS_gap_size=40|ensembl_uniprot_annotation=No_uniprot_annotation|blastp_uniprot_annotation=Q6GYQ0|transcript_canonical_status=Canonical|TMD_dG_app=-0.62|SS_dG_fs=1.73|stem_loop_presence=Yes|fs_type=hungry_-1|frame_transition=1955|terminal_stop_codon=yes, ensembl_transcript_id=ENST00000680220.1|ensembl_gene_id=ENSG00000174373.17|gene_name=RALGAPA1|tmd_start=1891|tmd_end=1914|tmd_seq=KRLVVSLLLCLLDWIMALPLKTLL|ss_nuc_start=5862|ss_seq=TTTTCCC|tmd-SS_gap_size=40|ensembl_uniprot_annotation=No_uniprot_annotation|blastp_uniprot_annotation=Q6GYQ0|transcript_canonical_status=Canonical|TMD_dG_app=-0.62|SS_dG_fs=1.73|stem_loop_presence=Yes|fs_type=hungry_-2|frame_transition=1955|terminal_stop_codon=yes, ensembl_transcript_id=ENST00000680220.1|ensembl_gene_id=ENSG00000174373.17|gene_name=RALGAPA1|tmd_start=1891|tmd_end=1914|tmd_seq=KRLVVSLLLCLLDWIMALPLKTLL|ss_nuc_start=5904|ss_seq=TCCTTTT|tmd-SS_gap_size=54|ensembl_uniprot_annotation=No_uniprot_annotation|blastp_uniprot_annotation=Q6GYQ0|transcript_canonical_status=Canonical|TMD_dG_app=-0.62|SS_dG_fs=2.13|stem_loop_presence=Yes|fs_type=dual_-1|frame_transition=1970|terminal_stop_codon=yes, ensembl_transcript_id=ENST00000680220.1|ensembl_gene_id=ENSG00000174373.17|gene_name=RALGAPA1|tmd_start=1891|tmd_end=1914|tmd_seq=KRLVVSLLLCLLDWIMALPLKTLL|ss_nuc_start=5904|ss_seq=TCCTTTT|tmd-SS_gap_size=54|ensembl_uniprot_annotation=No_uniprot_annotation|blastp_uniprot_annotation=Q6GYQ0|transcript_canonical_status=Canonical|TMD_dG_app=-0.62|SS_dG_fs=2.13|stem_loop_presence=Yes|fs_type=hungry_-1|frame_transition=1969|terminal_stop_codon=yes, ensembl_transcript_id=ENST00000680220.1|ensembl_gene_id=ENSG00000174373.17|gene_name=RALGAPA1|tmd_start=1891|tmd_end=1914|tmd_seq=KRLVVSLLLCLLDWIMALPLKTLL|ss_nuc_start=5904|ss_seq=TCCTTTT|tmd-SS_gap_size=54|ensembl_uniprot_annotation=No_uniprot_annotation|blastp_uniprot_annotation=Q6GYQ0|transcript_canonical_status=Canonical|TMD_dG_app=-0.62|SS_dG_fs=2.13|stem_loop_presence=Yes|fs_type=hungry_-2|frame_transition=1969|terminal_stop_codon=yes
ensembl_transcript_id=ENST00000680679.1|ensembl_gene_id=ENSG00000136699.20|gene_name=SMPD4|tmd_start=455|tmd_end=472|tmd_seq=LLMYTKLFVGFLNRALRT|ss_nuc_start=1536|ss_seq=CATCCCC|tmd-SS_gap_size=40|ensembl_uniprot_annotation=No_uniprot_annotation|blastp_uniprot_annotation=Q9NXE4|transcript_canonical_status=Alternative|TMD_dG_app=2.49|SS_dG_fs=2.41|stem_loop_presence=Yes|fs_type=dual_-1|frame_transition=514|terminal_stop_codon=yes	ensembl_transcript_id=ENST00000680679.1|ensembl_gene_id=ENSG00000136699.20|gene_name=SMPD4|tmd_start=455|tmd_end=472|tmd_seq=LLMYTKLFVGFLNRALRT|ss_nuc_start=1536|ss_seq=CATCCCC|tmd-SS_gap_size=40|ensembl_uniprot_annotation=No_uniprot_annotation|blastp_uniprot_annotation=Q9NXE4|transcript_canonical_status=Alternative|TMD_dG_app=2.49|SS_dG_fs=2.41|stem_loop_presence=Yes|fs_type=dual_-1|frame_transition=514|terminal_stop_codon=yes	ensembl_transcript_id=ENST00000680679.1|ensembl_gene_id=ENSG00000136699.20|gene_name=SMPD4|tmd_start=455|tmd_end=472|tmd_seq=LLMYTKLFVGFLNRALRT|ss_nuc_start=1536|ss_seq=CATCCCC|tmd-SS_gap_size=40|ensembl_uniprot_annotation=No_uniprot_annotation|blastp_uniprot_annotation=Q9NXE4|transcript_canonical_status=Alternative|TMD_dG_app=2.49|SS_dG_fs=2.41|stem_loop_presence=Yes|fs_type=dual_-1|frame_transition=514|terminal_stop_codon=yes		539	false	false		ensembl_transcript_id=ENST00000680679.1|ensembl_gene_id=ENSG00000136699.20|gene_name=SMPD4|tmd_start=455|tmd_end=472|tmd_seq=LLMYTKLFVGFLNRALRT|ss_nuc_start=1536|ss_seq=CATCCCC|tmd-SS_gap_size=40|ensembl_uniprot_annotation=No_uniprot_annotation|blastp_uniprot_annotation=Q9NXE4|transcript_canonical_status=Alternative|TMD_dG_app=2.49|SS_dG_fs=2.41|stem_loop_presence=Yes|fs_type=dual_-1|frame_transition=514|terminal_stop_codon=yes		2.97	1.0000	0.9989	0.00000000000000	1	0	1	3	0	3	4.93477952E8	0	4.93477952E8	N-term(42.0106)		ensembl_transcript_id=ENST00000680679.1|ensembl_gene_id=ENSG00000136699.20|gene_name=SMPD4|tmd_start=455|tmd_end=472|tmd_seq=LLMYTKLFVGFLNRALRT|ss_nuc_start=1536|ss_seq=CATCCCC|tmd-SS_gap_size=40|ensembl_uniprot_annotation=No_uniprot_annotation|blastp_uniprot_annotation=Q9NXE4|transcript_canonical_status=Alternative|TMD_dG_app=2.49|SS_dG_fs=2.41|stem_loop_presence=Yes|fs_type=hungry_-1|frame_transition=513|terminal_stop_codon=yes, ensembl_transcript_id=ENST00000680679.1|ensembl_gene_id=ENSG00000136699.20|gene_name=SMPD4|tmd_start=455|tmd_end=472|tmd_seq=LLMYTKLFVGFLNRALRT|ss_nuc_start=1536|ss_seq=CATCCCC|tmd-SS_gap_size=40|ensembl_uniprot_annotation=No_uniprot_annotation|blastp_uniprot_annotation=Q9NXE4|transcript_canonical_status=Alternative|TMD_dG_app=2.49|SS_dG_fs=2.41|stem_loop_presence=Yes|fs_type=hungry_-2|frame_transition=513|terminal_stop_codon=yes, ensembl_transcript_id=ENST00000709811.1|ensembl_gene_id=ENSG00000292130.1|gene_name=SMPD4|tmd_start=455|tmd_end=472|tmd_seq=LLMYTKLFVGFLNRALRT|ss_nuc_start=1536|ss_seq=CATCCCC|tmd-SS_gap_size=40|ensembl_uniprot_annotation=No_uniprot_annotation|blastp_uniprot_annotation=Q9NXE4|transcript_canonical_status=Alternative|TMD_dG_app=2.49|SS_dG_fs=2.41|stem_loop_presence=Yes|fs_type=dual_-1|frame_transition=514|terminal_stop_codon=yes, ensembl_transcript_id=ENST00000709811.1|ensembl_gene_id=ENSG00000292130.1|gene_name=SMPD4|tmd_start=455|tmd_end=472|tmd_seq=LLMYTKLFVGFLNRALRT|ss_nuc_start=1536|ss_seq=CATCCCC|tmd-SS_gap_size=40|ensembl_uniprot_annotation=No_uniprot_annotation|blastp_uniprot_annotation=Q9NXE4|transcript_canonical_status=Alternative|TMD_dG_app=2.49|SS_dG_fs=2.41|stem_loop_presence=Yes|fs_type=hungry_-1|frame_transition=513|terminal_stop_codon=yes, ensembl_transcript_id=ENST00000709811.1|ensembl_gene_id=ENSG00000292130.1|gene_name=SMPD4|tmd_start=455|tmd_end=472|tmd_seq=LLMYTKLFVGFLNRALRT|ss_nuc_start=1536|ss_seq=CATCCCC|tmd-SS_gap_size=40|ensembl_uniprot_annotation=No_uniprot_annotation|blastp_uniprot_annotation=Q9NXE4|transcript_canonical_status=Alternative|TMD_dG_app=2.49|SS_dG_fs=2.41|stem_loop_presence=Yes|fs_type=hungry_-2|frame_transition=513|terminal_stop_codon=yes
sp|P09211|GSTP1_HUMAN	P09211	GSTP1_HUMAN	GSTP1	210	false	false	Homo sapiens	Glutathione S-transferase P	1:Experimental evidence at protein level	7.14	1.0000	0.9945	0.00000000000000	1	1	1	1	1	1	0	0	0			
sp|P62979|RS27A_HUMAN	P62979	RS27A_HUMAN	RPS27A	156	false	false	Homo sapiens	Ubiquitin-40S ribosomal protein S27a	1:Experimental evidence at protein level	10.26	1.0000	0.9963	0.00000000000000	1	1	1	8	8	8	1.03977235E9	1.03977235E9	1.03977235E9			
ensembl_transcript_id=ENST00000351698.5|ensembl_gene_id=ENSG00000136827.12|gene_name=TOR1A|tmd_start=24|tmd_end=46|tmd_seq=ISLGLALAGVLTGYIYPRLYCLF|ss_nuc_start=267|ss_seq=CCCAAAG|tmd-SS_gap_size=43|ensembl_uniprot_annotation=O14656|blastp_uniprot_annotation=O14656|transcript_canonical_status=Canonical|TMD_dG_app=0.78|SS_dG_fs=2.89|stem_loop_presence=Yes|fs_type=dual_-1|frame_transition=91|terminal_stop_codon=yes	ensembl_transcript_id=ENST00000351698.5|ensembl_gene_id=ENSG00000136827.12|gene_name=TOR1A|tmd_start=24|tmd_end=46|tmd_seq=ISLGLALAGVLTGYIYPRLYCLF|ss_nuc_start=267|ss_seq=CCCAAAG|tmd-SS_gap_size=43|ensembl_uniprot_annotation=O14656|blastp_uniprot_annotation=O14656|transcript_canonical_status=Canonical|TMD_dG_app=0.78|SS_dG_fs=2.89|stem_loop_presence=Yes|fs_type=dual_-1|frame_transition=91|terminal_stop_codon=yes	ensembl_transcript_id=ENST00000351698.5|ensembl_gene_id=ENSG00000136827.12|gene_name=TOR1A|tmd_start=24|tmd_end=46|tmd_seq=ISLGLALAGVLTGYIYPRLYCLF|ss_nuc_start=267|ss_seq=CCCAAAG|tmd-SS_gap_size=43|ensembl_uniprot_annotation=O14656|blastp_uniprot_annotation=O14656|transcript_canonical_status=Canonical|TMD_dG_app=0.78|SS_dG_fs=2.89|stem_loop_presence=Yes|fs_type=dual_-1|frame_transition=91|terminal_stop_codon=yes		126	false	false		ensembl_transcript_id=ENST00000351698.5|ensembl_gene_id=ENSG00000136827.12|gene_name=TOR1A|tmd_start=24|tmd_end=46|tmd_seq=ISLGLALAGVLTGYIYPRLYCLF|ss_nuc_start=267|ss_seq=CCCAAAG|tmd-SS_gap_size=43|ensembl_uniprot_annotation=O14656|blastp_uniprot_annotation=O14656|transcript_canonical_status=Canonical|TMD_dG_app=0.78|SS_dG_fs=2.89|stem_loop_presence=Yes|fs_type=dual_-1|frame_transition=91|terminal_stop_codon=yes		11.11	0.9999	0.9989	0.00000000000000	1	0	1	1	0	1	2.43501664E8	0	2.43501664E8			ensembl_transcript_id=ENST00000351698.5|ensembl_gene_id=ENSG00000136827.12|gene_name=TOR1A|tmd_start=24|tmd_end=46|tmd_seq=ISLGLALAGVLTGYIYPRLYCLF|ss_nuc_start=267|ss_seq=CCCAAAG|tmd-SS_gap_size=43|ensembl_uniprot_annotation=O14656|blastp_uniprot_annotation=O14656|transcript_canonical_status=Canonical|TMD_dG_app=0.78|SS_dG_fs=2.89|stem_loop_presence=Yes|fs_type=hungry_-1|frame_transition=90|terminal_stop_codon=yes, ensembl_transcript_id=ENST00000651202.1|ensembl_gene_id=ENSG00000136827.12|gene_name=TOR1A|tmd_start=56|tmd_end=78|tmd_seq=ISLGLALAGVLTGYIYPRLYCLF|ss_nuc_start=363|ss_seq=CCCAAAG|tmd-SS_gap_size=43|ensembl_uniprot_annotation=No_uniprot_annotation|blastp_uniprot_annotation=O14656|transcript_canonical_status=Alternative|TMD_dG_app=0.78|SS_dG_fs=2.89|stem_loop_presence=Yes|fs_type=dual_-1|frame_transition=123|terminal_stop_codon=yes, ensembl_transcript_id=ENST00000651202.1|ensembl_gene_id=ENSG00000136827.12|gene_name=TOR1A|tmd_start=56|tmd_end=78|tmd_seq=ISLGLALAGVLTGYIYPRLYCLF|ss_nuc_start=363|ss_seq=CCCAAAG|tmd-SS_gap_size=43|ensembl_uniprot_annotation=No_uniprot_annotation|blastp_uniprot_annotation=O14656|transcript_canonical_status=Alternative|TMD_dG_app=0.78|SS_dG_fs=2.89|stem_loop_presence=Yes|fs_type=hungry_-1|frame_transition=122|terminal_stop_codon=yes
ensembl_transcript_id=ENST00000352011.7|ensembl_gene_id=ENSG00000074370.19|gene_name=ATP2A3|tmd_start=894|tmd_end=913|tmd_seq=RFPTTMALSVLVTIEMCNAL|ss_nuc_start=2865|ss_seq=CATTTTC|tmd-SS_gap_size=42|ensembl_uniprot_annotation=Q93084|blastp_uniprot_annotation=Q93084|transcript_canonical_status=Alternative|TMD_dG_app=1.96|SS_dG_fs=2.79|stem_loop_presence=Yes|fs_type=dual_-1|frame_transition=957|terminal_stop_codon=yes	ensembl_transcript_id=ENST00000352011.7|ensembl_gene_id=ENSG00000074370.19|gene_name=ATP2A3|tmd_start=894|tmd_end=913|tmd_seq=RFPTTMALSVLVTIEMCNAL|ss_nuc_start=2865|ss_seq=CATTTTC|tmd-SS_gap_size=42|ensembl_uniprot_annotation=Q93084|blastp_uniprot_annotation=Q93084|transcript_canonical_status=Alternative|TMD_dG_app=1.96|SS_dG_fs=2.79|stem_loop_presence=Yes|fs_type=dual_-1|frame_transition=957|terminal_stop_codon=yes	ensembl_transcript_id=ENST00000352011.7|ensembl_gene_id=ENSG00000074370.19|gene_name=ATP2A3|tmd_start=894|tmd_end=913|tmd_seq=RFPTTMALSVLVTIEMCNAL|ss_nuc_start=2865|ss_seq=CATTTTC|tmd-SS_gap_size=42|ensembl_uniprot_annotation=Q93084|blastp_uniprot_annotation=Q93084|transcript_canonical_status=Alternative|TMD_dG_app=1.96|SS_dG_fs=2.79|stem_loop_presence=Yes|fs_type=dual_-1|frame_transition=957|terminal_stop_codon=yes		981	false	false		ensembl_transcript_id=ENST00000352011.7|ensembl_gene_id=ENSG00000074370.19|gene_name=ATP2A3|tmd_start=894|tmd_end=913|tmd_seq=RFPTTMALSVLVTIEMCNAL|ss_nuc_start=2865|ss_seq=CATTTTC|tmd-SS_gap_size=42|ensembl_uniprot_annotation=Q93084|blastp_uniprot_annotation=Q93084|transcript_canonical_status=Alternative|TMD_dG_app=1.96|SS_dG_fs=2.79|stem_loop_presence=Yes|fs_type=dual_-1|frame_transition=957|terminal_stop_codon=yes		2.85	0.9999	0.9982	0.00000000000000	1	0	1	1	0	1	7.5852232E7	0	7.5852232E7			ensembl_transcript_id=ENST00000352011.7|ensembl_gene_id=ENSG00000074370.19|gene_name=ATP2A3|tmd_start=894|tmd_end=913|tmd_seq=RFPTTMALSVLVTIEMCNAL|ss_nuc_start=2865|ss_seq=CATTTTC|tmd-SS_gap_size=42|ensembl_uniprot_annotation=Q93084|blastp_uniprot_annotation=Q93084|transcript_canonical_status=Alternative|TMD_dG_app=1.96|SS_dG_fs=2.79|stem_loop_presence=Yes|fs_type=hungry_-1|frame_transition=956|terminal_stop_codon=yes, ensembl_transcript_id=ENST00000352011.7|ensembl_gene_id=ENSG00000074370.19|gene_name=ATP2A3|tmd_start=894|tmd_end=913|tmd_seq=RFPTTMALSVLVTIEMCNAL|ss_nuc_start=2865|ss_seq=CATTTTC|tmd-SS_gap_size=42|ensembl_uniprot_annotation=Q93084|blastp_uniprot_annotation=Q93084|transcript_canonical_status=Alternative|TMD_dG_app=1.96|SS_dG_fs=2.79|stem_loop_presence=Yes|fs_type=hungry_-2|frame_transition=956|terminal_stop_codon=yes, ensembl_transcript_id=ENST00000359983.7|ensembl_gene_id=ENSG00000074370.19|gene_name=ATP2A3|tmd_start=894|tmd_end=913|tmd_seq=RFPTTMALSVLVTIEMCNAL|ss_nuc_start=2865|ss_seq=CATTTTC|tmd-SS_gap_size=42|ensembl_uniprot_annotation=Q93084|blastp_uniprot_annotation=Q93084|transcript_canonical_status=Alternative|TMD_dG_app=1.96|SS_dG_fs=2.79|stem_loop_presence=Yes|fs_type=dual_-1|frame_transition=957|terminal_stop_codon=yes, ensembl_transcript_id=ENST00000359983.7|ensembl_gene_id=ENSG00000074370.19|gene_name=ATP2A3|tmd_start=894|tmd_end=913|tmd_seq=RFPTTMALSVLVTIEMCNAL|ss_nuc_start=2865|ss_seq=CATTTTC|tmd-SS_gap_size=42|ensembl_uniprot_annotation=Q93084|blastp_uniprot_annotation=Q93084|transcript_canonical_status=Alternative|TMD_dG_app=1.96|SS_dG_fs=2.79|stem_loop_presence=Yes|fs_type=hungry_-1|frame_transition=956|terminal_stop_codon=yes, ensembl_transcript_id=ENST00000359983.7|ensembl_gene_id=ENSG00000074370.19|gene_name=ATP2A3|tmd_start=894|tmd_end=913|tmd_seq=RFPTTMALSVLVTIEMCNAL|ss_nuc_start=2865|ss_seq=CATTTTC|tmd-SS_gap_size=42|ensembl_uniprot_annotation=Q93084|blastp_uniprot_annotation=Q93084|transcript_canonical_status=Alternative|TMD_dG_app=1.96|SS_dG_fs=2.79|stem_loop_presence=Yes|fs_type=hungry_-2|frame_transition=956|terminal_stop_codon=yes, ensembl_transcript_id=ENST00000359983.7|ensembl_gene_id=ENSG00000074370.19|gene_name=ATP2A3|tmd_start=965|tmd_end=987|tmd_seq=RQWVVVLQISLPVILLDEALKYL|ss_nuc_start=3078|ss_seq=TTTGGGC|tmd-SS_gap_size=39|ensembl_uniprot_annotation=Q93084|blastp_uniprot_annotation=Q93084|transcript_canonical_status=Alternative|TMD_dG_app=1.56|SS_dG_fs=2.75|stem_loop_presence=Yes|fs_type=dual_-1|frame_transition=1028|terminal_stop_codon=no, ensembl_transcript_id=ENST00000359983.7|ensembl_gene_id=ENSG00000074370.19|gene_name=ATP2A3|tmd_start=965|tmd_end=987|tmd_seq=RQWVVVLQISLPVILLDEALKYL|ss_nuc_start=3078|ss_seq=TTTGGGC|tmd-SS_gap_size=39|ensembl_uniprot_annotation=Q93084|blastp_uniprot_annotation=Q93084|transcript_canonical_status=Alternative|TMD_dG_app=1.56|SS_dG_fs=2.75|stem_loop_presence=Yes|fs_type=hungry_-1|frame_transition=1027|terminal_stop_codon=no, ensembl_transcript_id=ENST00000359983.7|ensembl_gene_id=ENSG00000074370.19|gene_name=ATP2A3|tmd_start=965|tmd_end=987|tmd_seq=RQWVVVLQISLPVILLDEALKYL|ss_nuc_start=3078|ss_seq=TTTGGGC|tmd-SS_gap_size=39|ensembl_uniprot_annotation=Q93084|blastp_uniprot_annotation=Q93084|transcript_canonical_status=Alternative|TMD_dG_app=1.56|SS_dG_fs=2.75|stem_loop_presence=Yes|fs_type=hungry_-2|frame_transition=1027|terminal_stop_codon=yes, ensembl_transcript_id=ENST00000397035.8|ensembl_gene_id=ENSG00000074370.19|gene_name=ATP2A3|tmd_start=894|tmd_end=913|tmd_seq=RFPTTMALSVLVTIEMCNAL|ss_nuc_start=2865|ss_seq=CATTTTC|tmd-SS_gap_size=42|ensembl_uniprot_annotation=Q93084|blastp_uniprot_annotation=Q93084|transcript_canonical_status=Alternative|TMD_dG_app=1.96|SS_dG_fs=2.79|stem_loop_presence=Yes|fs_type=dual_-1|frame_transition=957|terminal_stop_codon=yes, ensembl_transcript_id=ENST00000397035.8|ensembl_gene_id=ENSG00000074370.19|gene_name=ATP2A3|tmd_start=894|tmd_end=913|tmd_seq=RFPTTMALSVLVTIEMCNAL|ss_nuc_start=2865|ss_seq=CATTTTC|tmd-SS_gap_size=42|ensembl_uniprot_annotation=Q93084|blastp_uniprot_annotation=Q93084|transcript_canonical_status=Alternative|TMD_dG_app=1.96|SS_dG_fs=2.79|stem_loop_presence=Yes|fs_type=hungry_-1|frame_transition=956|terminal_stop_codon=yes, ensembl_transcript_id=ENST00000397035.8|ensembl_gene_id=ENSG00000074370.19|gene_name=ATP2A3|tmd_start=894|tmd_end=913|tmd_seq=RFPTTMALSVLVTIEMCNAL|ss_nuc_start=2865|ss_seq=CATTTTC|tmd-SS_gap_size=42|ensembl_uniprot_annotation=Q93084|blastp_uniprot_annotation=Q93084|transcript_canonical_status=Alternative|TMD_dG_app=1.96|SS_dG_fs=2.79|stem_loop_presence=Yes|fs_type=hungry_-2|frame_transition=956|terminal_stop_codon=yes, ensembl_transcript_id=ENST00000397035.8|ensembl_gene_id=ENSG00000074370.19|gene_name=ATP2A3|tmd_start=965|tmd_end=987|tmd_seq=RQWVVVLQISLPVILLDEALKYL|ss_nuc_start=3081|ss_seq=GAAGAAA|tmd-SS_gap_size=40|ensembl_uniprot_annotation=Q93084|blastp_uniprot_annotation=Q93084|transcript_canonical_status=Alternative|TMD_dG_app=1.56|SS_dG_fs=2.86|stem_loop_presence=No|fs_type=dual_-1|frame_transition=1029|terminal_stop_codon=no, ensembl_transcript_id=ENST00000397035.8|ensembl_gene_id=ENSG00000074370.19|gene_name=ATP2A3|tmd_start=965|tmd_end=987|tmd_seq=RQWVVVLQISLPVILLDEALKYL|ss_nuc_start=3081|ss_seq=GAAGAAA|tmd-SS_gap_size=40|ensembl_uniprot_annotation=Q93084|blastp_uniprot_annotation=Q93084|transcript_canonical_status=Alternative|TMD_dG_app=1.56|SS_dG_fs=2.86|stem_loop_presence=No|fs_type=hungry_-1|frame_transition=1028|terminal_stop_codon=no, ensembl_transcript_id=ENST00000397035.8|ensembl_gene_id=ENSG00000074370.19|gene_name=ATP2A3|tmd_start=965|tmd_end=987|tmd_seq=RQWVVVLQISLPVILLDEALKYL|ss_nuc_start=3081|ss_seq=GAAGAAA|tmd-SS_gap_size=40|ensembl_uniprot_annotation=Q93084|blastp_uniprot_annotation=Q93084|transcript_canonical_status=Alternative|TMD_dG_app=1.56|SS_dG_fs=2.86|stem_loop_presence=No|fs_type=hungry_-2|frame_transition=1028|terminal_stop_codon=no, ensembl_transcript_id=ENST00000397041.8|ensembl_gene_id=ENSG00000074370.19|gene_name=ATP2A3|tmd_start=894|tmd_end=913|tmd_seq=RFPTTMALSVLVTIEMCNAL|ss_nuc_start=2865|ss_seq=CATTTTC|tmd-SS_gap_size=42|ensembl_uniprot_annotation=Q93084|blastp_uniprot_annotation=Q93084|transcript_canonical_status=Canonical|TMD_dG_app=1.96|SS_dG_fs=2.79|stem_loop_presence=Yes|fs_type=dual_-1|frame_transition=957|terminal_stop_codon=yes, ensembl_transcript_id=ENST00000397041.8|ensembl_gene_id=ENSG00000074370.19|gene_name=ATP2A3|tmd_start=894|tmd_end=913|tmd_seq=RFPTTMALSVLVTIEMCNAL|ss_nuc_start=2865|ss_seq=CATTTTC|tmd-SS_gap_size=42|ensembl_uniprot_annotation=Q93084|blastp_uniprot_annotation=Q93084|transcript_canonical_status=Canonical|TMD_dG_app=1.96|SS_dG_fs=2.79|stem_loop_presence=Yes|fs_type=hungry_-1|frame_transition=956|terminal_stop_codon=yes, ensembl_transcript_id=ENST00000397041.8|ensembl_gene_id=ENSG00000074370.19|gene_name=ATP2A3|tmd_start=894|tmd_end=913|tmd_seq=RFPTTMALSVLVTIEMCNAL|ss_nuc_start=2865|ss_seq=CATTTTC|tmd-SS_gap_size=42|ensembl_uniprot_annotation=Q93084|blastp_uniprot_annotation=Q93084|transcript_canonical_status=Canonical|TMD_dG_app=1.96|SS_dG_fs=2.79|stem_loop_presence=Yes|fs_type=hungry_-2|frame_transition=956|terminal_stop_codon=yes, ensembl_transcript_id=ENST00000397043.7|ensembl_gene_id=ENSG00000074370.19|gene_name=ATP2A3|tmd_start=894|tmd_end=913|tmd_seq=RFPTTMALSVLVTIEMCNAL|ss_nuc_start=2865|ss_seq=CATTTTC|tmd-SS_gap_size=42|ensembl_uniprot_annotation=Q93084|blastp_uniprot_annotation=Q93084|transcript_canonical_status=Alternative|TMD_dG_app=1.96|SS_dG_fs=2.79|stem_loop_presence=Yes|fs_type=dual_-1|frame_transition=957|terminal_stop_codon=yes, ensembl_transcript_id=ENST00000397043.7|ensembl_gene_id=ENSG00000074370.19|gene_name=ATP2A3|tmd_start=894|tmd_end=913|tmd_seq=RFPTTMALSVLVTIEMCNAL|ss_nuc_start=2865|ss_seq=CATTTTC|tmd-SS_gap_size=42|ensembl_uniprot_annotation=Q93084|blastp_uniprot_annotation=Q93084|transcript_canonical_status=Alternative|TMD_dG_app=1.96|SS_dG_fs=2.79|stem_loop_presence=Yes|fs_type=hungry_-1|frame_transition=956|terminal_stop_codon=yes, ensembl_transcript_id=ENST00000397043.7|ensembl_gene_id=ENSG00000074370.19|gene_name=ATP2A3|tmd_start=894|tmd_end=913|tmd_seq=RFPTTMALSVLVTIEMCNAL|ss_nuc_start=2865|ss_seq=CATTTTC|tmd-SS_gap_size=42|ensembl_uniprot_annotation=Q93084|blastp_uniprot_annotation=Q93084|transcript_canonical_status=Alternative|TMD_dG_app=1.96|SS_dG_fs=2.79|stem_loop_presence=Yes|fs_type=hungry_-2|frame_transition=956|terminal_stop_codon=yes
ensembl_transcript_id=ENST00000271583.7|ensembl_gene_id=ENSG00000143337.19|gene_name=TOR1AIP1|tmd_start=353|tmd_end=371|tmd_seq=RWWLLPLIAALASGSFWFF|ss_nuc_start=1230|ss_seq=GGAAAAA|tmd-SS_gap_size=39|ensembl_uniprot_annotation=No_uniprot_annotation|blastp_uniprot_annotation=Q5JTV8|transcript_canonical_status=Alternative|TMD_dG_app=-0.56|SS_dG_fs=0.93|stem_loop_presence=Yes|fs_type=dual_-1|frame_transition=412|terminal_stop_codon=yes	ensembl_transcript_id=ENST00000271583.7|ensembl_gene_id=ENSG00000143337.19|gene_name=TOR1AIP1|tmd_start=353|tmd_end=371|tmd_seq=RWWLLPLIAALASGSFWFF|ss_nuc_start=1230|ss_seq=GGAAAAA|tmd-SS_gap_size=39|ensembl_uniprot_annotation=No_uniprot_annotation|blastp_uniprot_annotation=Q5JTV8|transcript_canonical_status=Alternative|TMD_dG_app=-0.56|SS_dG_fs=0.93|stem_loop_presence=Yes|fs_type=dual_-1|frame_transition=412|terminal_stop_codon=yes	ensembl_transcript_id=ENST00000271583.7|ensembl_gene_id=ENSG00000143337.19|gene_name=TOR1AIP1|tmd_start=353|tmd_end=371|tmd_seq=RWWLLPLIAALASGSFWFF|ss_nuc_start=1230|ss_seq=GGAAAAA|tmd-SS_gap_size=39|ensembl_uniprot_annotation=No_uniprot_annotation|blastp_uniprot_annotation=Q5JTV8|transcript_canonical_status=Alternative|TMD_dG_app=-0.56|SS_dG_fs=0.93|stem_loop_presence=Yes|fs_type=dual_-1|frame_transition=412|terminal_stop_codon=yes		414	false	false		ensembl_transcript_id=ENST00000271583.7|ensembl_gene_id=ENSG00000143337.19|gene_name=TOR1AIP1|tmd_start=353|tmd_end=371|tmd_seq=RWWLLPLIAALASGSFWFF|ss_nuc_start=1230|ss_seq=GGAAAAA|tmd-SS_gap_size=39|ensembl_uniprot_annotation=No_uniprot_annotation|blastp_uniprot_annotation=Q5JTV8|transcript_canonical_status=Alternative|TMD_dG_app=-0.56|SS_dG_fs=0.93|stem_loop_presence=Yes|fs_type=dual_-1|frame_transition=412|terminal_stop_codon=yes		3.62	0.9998	0.9984	0.00000000000000	1	0	1	1	0	1	955039.75	0	955039.75			ensembl_transcript_id=ENST00000271583.7|ensembl_gene_id=ENSG00000143337.19|gene_name=TOR1AIP1|tmd_start=353|tmd_end=371|tmd_seq=RWWLLPLIAALASGSFWFF|ss_nuc_start=1230|ss_seq=GGAAAAA|tmd-SS_gap_size=39|ensembl_uniprot_annotation=No_uniprot_annotation|blastp_uniprot_annotation=Q5JTV8|transcript_canonical_status=Alternative|TMD_dG_app=-0.56|SS_dG_fs=0.93|stem_loop_presence=Yes|fs_type=hungry_-1|frame_transition=411|terminal_stop_codon=yes, ensembl_transcript_id=ENST00000271583.7|ensembl_gene_id=ENSG00000143337.19|gene_name=TOR1AIP1|tmd_start=353|tmd_end=371|tmd_seq=RWWLLPLIAALASGSFWFF|ss_nuc_start=1230|ss_seq=GGAAAAA|tmd-SS_gap_size=39|ensembl_uniprot_annotation=No_uniprot_annotation|blastp_uniprot_annotation=Q5JTV8|transcript_canonical_status=Alternative|TMD_dG_app=-0.56|SS_dG_fs=0.93|stem_loop_presence=Yes|fs_type=hungry_-2|frame_transition=411|terminal_stop_codon=yes
ensembl_transcript_id=ENST00000338625.9|ensembl_gene_id=ENSG00000102743.16|gene_name=SLC25A15|tmd_start=110|tmd_end=134|tmd_seq=AAAGSFASAFAALVLCPTELVKCRL|ss_nuc_start=528|ss_seq=TTTACTT|tmd-SS_gap_size=42|ensembl_uniprot_annotation=Q9Y619|blastp_uniprot_annotation=Q9Y619|transcript_canonical_status=Canonical|TMD_dG_app=1.93|SS_dG_fs=2.43|stem_loop_presence=Yes|fs_type=dual_-1|frame_transition=178|terminal_stop_codon=yes	ensembl_transcript_id=ENST00000338625.9|ensembl_gene_id=ENSG00000102743.16|gene_name=SLC25A15|tmd_start=110|tmd_end=134|tmd_seq=AAAGSFASAFAALVLCPTELVKCRL|ss_nuc_start=528|ss_seq=TTTACTT|tmd-SS_gap_size=42|ensembl_uniprot_annotation=Q9Y619|blastp_uniprot_annotation=Q9Y619|transcript_canonical_status=Canonical|TMD_dG_app=1.93|SS_dG_fs=2.43|stem_loop_presence=Yes|fs_type=dual_-1|frame_transition=178|terminal_stop_codon=yes	ensembl_transcript_id=ENST00000338625.9|ensembl_gene_id=ENSG00000102743.16|gene_name=SLC25A15|tmd_start=110|tmd_end=134|tmd_seq=AAAGSFASAFAALVLCPTELVKCRL|ss_nuc_start=528|ss_seq=TTTACTT|tmd-SS_gap_size=42|ensembl_uniprot_annotation=Q9Y619|blastp_uniprot_annotation=Q9Y619|transcript_canonical_status=Canonical|TMD_dG_app=1.93|SS_dG_fs=2.43|stem_loop_presence=Yes|fs_type=dual_-1|frame_transition=178|terminal_stop_codon=yes		191	false	false		ensembl_transcript_id=ENST00000338625.9|ensembl_gene_id=ENSG00000102743.16|gene_name=SLC25A15|tmd_start=110|tmd_end=134|tmd_seq=AAAGSFASAFAALVLCPTELVKCRL|ss_nuc_start=528|ss_seq=TTTACTT|tmd-SS_gap_size=42|ensembl_uniprot_annotation=Q9Y619|blastp_uniprot_annotation=Q9Y619|transcript_canonical_status=Canonical|TMD_dG_app=1.93|SS_dG_fs=2.43|stem_loop_presence=Yes|fs_type=dual_-1|frame_transition=178|terminal_stop_codon=yes		14.66	0.9986	0.9914	0.00000000000000	1	0	1	1	0	1	0	0	0	22C(57.0215)		ensembl_transcript_id=ENST00000338625.9|ensembl_gene_id=ENSG00000102743.16|gene_name=SLC25A15|tmd_start=110|tmd_end=134|tmd_seq=AAAGSFASAFAALVLCPTELVKCRL|ss_nuc_start=528|ss_seq=TTTACTT|tmd-SS_gap_size=42|ensembl_uniprot_annotation=Q9Y619|blastp_uniprot_annotation=Q9Y619|transcript_canonical_status=Canonical|TMD_dG_app=1.93|SS_dG_fs=2.43|stem_loop_presence=Yes|fs_type=hungry_-1|frame_transition=177|terminal_stop_codon=yes, ensembl_transcript_id=ENST00000338625.9|ensembl_gene_id=ENSG00000102743.16|gene_name=SLC25A15|tmd_start=110|tmd_end=134|tmd_seq=AAAGSFASAFAALVLCPTELVKCRL|ss_nuc_start=528|ss_seq=TTTACTT|tmd-SS_gap_size=42|ensembl_uniprot_annotation=Q9Y619|blastp_uniprot_annotation=Q9Y619|transcript_canonical_status=Canonical|TMD_dG_app=1.93|SS_dG_fs=2.43|stem_loop_presence=Yes|fs_type=hungry_-2|frame_transition=177|terminal_stop_codon=yes, ensembl_transcript_id=ENST00000338625.9|ensembl_gene_id=ENSG00000102743.16|gene_name=SLC25A15|tmd_start=176|tmd_end=199|tmd_seq=TLLREVPGYFFFFGGYELSRSFFA|ss_nuc_start=762|ss_seq=AAATGTT|tmd-SS_gap_size=55|ensembl_uniprot_annotation=Q9Y619|blastp_uniprot_annotation=Q9Y619|transcript_canonical_status=Canonical|TMD_dG_app=3.08|SS_dG_fs=1.82|stem_loop_presence=Yes|fs_type=dual_-1|frame_transition=256|terminal_stop_codon=yes, ensembl_transcript_id=ENST00000338625.9|ensembl_gene_id=ENSG00000102743.16|gene_name=SLC25A15|tmd_start=176|tmd_end=199|tmd_seq=TLLREVPGYFFFFGGYELSRSFFA|ss_nuc_start=762|ss_seq=AAATGTT|tmd-SS_gap_size=55|ensembl_uniprot_annotation=Q9Y619|blastp_uniprot_annotation=Q9Y619|transcript_canonical_status=Canonical|TMD_dG_app=3.08|SS_dG_fs=1.82|stem_loop_presence=Yes|fs_type=hungry_-1|frame_transition=255|terminal_stop_codon=yes, ensembl_transcript_id=ENST00000338625.9|ensembl_gene_id=ENSG00000102743.16|gene_name=SLC25A15|tmd_start=176|tmd_end=199|tmd_seq=TLLREVPGYFFFFGGYELSRSFFA|ss_nuc_start=762|ss_seq=AAATGTT|tmd-SS_gap_size=55|ensembl_uniprot_annotation=Q9Y619|blastp_uniprot_annotation=Q9Y619|transcript_canonical_status=Canonical|TMD_dG_app=3.08|SS_dG_fs=1.82|stem_loop_presence=Yes|fs_type=hungry_-2|frame_transition=255|terminal_stop_codon=yes
ensembl_transcript_id=ENST00000262213.7|ensembl_gene_id=ENSG00000067167.8|gene_name=TRAM1|tmd_start=293|tmd_end=316|tmd_seq=VLAVRIAVLASICVTQAFMMWKFI|ss_nuc_start=1101|ss_seq=GAATAAA|tmd-SS_gap_size=51|ensembl_uniprot_annotation=Q15629|blastp_uniprot_annotation=Q15629|transcript_canonical_status=Canonical|TMD_dG_app=-0.34|SS_dG_fs=1.64|stem_loop_presence=Yes|fs_type=dual_-1|frame_transition=369|terminal_stop_codon=no	ensembl_transcript_id=ENST00000262213.7|ensembl_gene_id=ENSG00000067167.8|gene_name=TRAM1|tmd_start=293|tmd_end=316|tmd_seq=VLAVRIAVLASICVTQAFMMWKFI|ss_nuc_start=1101|ss_seq=GAATAAA|tmd-SS_gap_size=51|ensembl_uniprot_annotation=Q15629|blastp_uniprot_annotation=Q15629|transcript_canonical_status=Canonical|TMD_dG_app=-0.34|SS_dG_fs=1.64|stem_loop_presence=Yes|fs_type=dual_-1|frame_transition=369|terminal_stop_codon=no	ensembl_transcript_id=ENST00000262213.7|ensembl_gene_id=ENSG00000067167.8|gene_name=TRAM1|tmd_start=293|tmd_end=316|tmd_seq=VLAVRIAVLASICVTQAFMMWKFI|ss_nuc_start=1101|ss_seq=GAATAAA|tmd-SS_gap_size=51|ensembl_uniprot_annotation=Q15629|blastp_uniprot_annotation=Q15629|transcript_canonical_status=Canonical|TMD_dG_app=-0.34|SS_dG_fs=1.64|stem_loop_presence=Yes|fs_type=dual_-1|frame_transition=369|terminal_stop_codon=no		375	false	false		ensembl_transcript_id=ENST00000262213.7|ensembl_gene_id=ENSG00000067167.8|gene_name=TRAM1|tmd_start=293|tmd_end=316|tmd_seq=VLAVRIAVLASICVTQAFMMWKFI|ss_nuc_start=1101|ss_seq=GAATAAA|tmd-SS_gap_size=51|ensembl_uniprot_annotation=Q15629|blastp_uniprot_annotation=Q15629|transcript_canonical_status=Canonical|TMD_dG_app=-0.34|SS_dG_fs=1.64|stem_loop_presence=Yes|fs_type=dual_-1|frame_transition=369|terminal_stop_codon=no		5.60	0.9924	0.9950	0.00000000000000	1	0	1	1	0	1	0	0	0			ensembl_transcript_id=ENST00000262213.7|ensembl_gene_id=ENSG00000067167.8|gene_name=TRAM1|tmd_start=293|tmd_end=316|tmd_seq=VLAVRIAVLASICVTQAFMMWKFI|ss_nuc_start=1104|ss_seq=TAAAAAA|tmd-SS_gap_size=52|ensembl_uniprot_annotation=Q15629|blastp_uniprot_annotation=Q15629|transcript_canonical_status=Canonical|TMD_dG_app=-0.34|SS_dG_fs=0.93|stem_loop_presence=No|fs_type=dual_-1|frame_transition=370|terminal_stop_codon=no, ensembl_transcript_id=ENST00000262213.7|ensembl_gene_id=ENSG00000067167.8|gene_name=TRAM1|tmd_start=293|tmd_end=316|tmd_seq=VLAVRIAVLASICVTQAFMMWKFI|ss_nuc_start=1104|ss_seq=TAAAAAA|tmd-SS_gap_size=52|ensembl_uniprot_annotation=Q15629|blastp_uniprot_annotation=Q15629|transcript_canonical_status=Canonical|TMD_dG_app=-0.34|SS_dG_fs=0.93|stem_loop_presence=No|fs_type=hungry_-1|frame_transition=369|terminal_stop_codon=no, ensembl_transcript_id=ENST00000262213.7|ensembl_gene_id=ENSG00000067167.8|gene_name=TRAM1|tmd_start=293|tmd_end=316|tmd_seq=VLAVRIAVLASICVTQAFMMWKFI|ss_nuc_start=1104|ss_seq=TAAAAAA|tmd-SS_gap_size=52|ensembl_uniprot_annotation=Q15629|blastp_uniprot_annotation=Q15629|transcript_canonical_status=Canonical|TMD_dG_app=-0.34|SS_dG_fs=0.93|stem_loop_presence=No|fs_type=hungry_-2|frame_transition=369|terminal_stop_codon=no, ensembl_transcript_id=ENST00000521425.5|ensembl_gene_id=ENSG00000067167.8|gene_name=TRAM1|tmd_start=207|tmd_end=230|tmd_seq=VLAVRIAVLASICVTQAFMMWKFI|ss_nuc_start=843|ss_seq=GAATAAA|tmd-SS_gap_size=51|ensembl_uniprot_annotation=No_uniprot_annotation|blastp_uniprot_annotation=Q15629|transcript_canonical_status=Alternative|TMD_dG_app=-0.34|SS_dG_fs=1.64|stem_loop_presence=Yes|fs_type=dual_-1|frame_transition=283|terminal_stop_codon=no, ensembl_transcript_id=ENST00000521425.5|ensembl_gene_id=ENSG00000067167.8|gene_name=TRAM1|tmd_start=207|tmd_end=230|tmd_seq=VLAVRIAVLASICVTQAFMMWKFI|ss_nuc_start=846|ss_seq=TAAAAAA|tmd-SS_gap_size=52|ensembl_uniprot_annotation=No_uniprot_annotation|blastp_uniprot_annotation=Q15629|transcript_canonical_status=Alternative|TMD_dG_app=-0.34|SS_dG_fs=0.93|stem_loop_presence=No|fs_type=dual_-1|frame_transition=284|terminal_stop_codon=no, ensembl_transcript_id=ENST00000521425.5|ensembl_gene_id=ENSG00000067167.8|gene_name=TRAM1|tmd_start=207|tmd_end=230|tmd_seq=VLAVRIAVLASICVTQAFMMWKFI|ss_nuc_start=846|ss_seq=TAAAAAA|tmd-SS_gap_size=52|ensembl_uniprot_annotation=No_uniprot_annotation|blastp_uniprot_annotation=Q15629|transcript_canonical_status=Alternative|TMD_dG_app=-0.34|SS_dG_fs=0.93|stem_loop_presence=No|fs_type=hungry_-1|frame_transition=283|terminal_stop_codon=no, ensembl_transcript_id=ENST00000521425.5|ensembl_gene_id=ENSG00000067167.8|gene_name=TRAM1|tmd_start=207|tmd_end=230|tmd_seq=VLAVRIAVLASICVTQAFMMWKFI|ss_nuc_start=846|ss_seq=TAAAAAA|tmd-SS_gap_size=52|ensembl_uniprot_annotation=No_uniprot_annotation|blastp_uniprot_annotation=Q15629|transcript_canonical_status=Alternative|TMD_dG_app=-0.34|SS_dG_fs=0.93|stem_loop_presence=No|fs_type=hungry_-2|frame_transition=283|terminal_stop_codon=no
